<?xml version="1.0" encoding="UTF-8"?>
<gpx xmlns="http://www.topografix.com/GPX/1/1" xmlns:xsi="http://www.w3.org/2001/XMLSchema-instance" version="1.1" creator="Samsung Health_0.2" xsi:schemaLocation="http://www.topografix.com/GPX/1/1 http://www.topografix.com/GPX/1/1/gpx.xsd">
<metadate>2026-08-28T23:06:53Z</metadate>
<trk>
<name>20260829_080652.gpx</name>
<trkseg>
<trkpt lat="37.5457852" lon="127.2450584">
<ele>30.641</ele>
<time>2026-08-28T23:06:53Z</time>
</trkpt>
<trkpt lat="37.5457855" lon="127.2450706">
<ele>30.547</ele>
<time>2026-08-28T23:06:54Z</time>
</trkpt>
<trkpt lat="37.5457824" lon="127.2450803">
<ele>30.443</ele>
<time>2026-08-28T23:06:55Z</time>
</trkpt>
<trkpt lat="37.5457796" lon="127.2450862">
<ele>30.465</ele>
<time>2026-08-28T23:06:56Z</time>
</trkpt>
<trkpt lat="37.5457772" lon="127.2450905">
<ele>30.467001</ele>
<time>2026-08-28T23:06:57Z</time>
</trkpt>
<trkpt lat="37.5457757" lon="127.2450938">
<ele>30.355001</ele>
<time>2026-08-28T23:06:58Z</time>
</trkpt>
<trkpt lat="37.5457757" lon="127.2450938">
<ele>30.357</ele>
<time>2026-08-28T23:06:59Z</time>
</trkpt>
<trkpt lat="37.545775" lon="127.2450938">
<ele>30.402</ele>
<time>2026-08-28T23:07:00Z</time>
</trkpt>
<trkpt lat="37.5457726" lon="127.2450975">
<ele>30.313</ele>
<time>2026-08-28T23:07:01Z</time>
</trkpt>
<trkpt lat="37.5457684" lon="127.245107">
<ele>30.325</ele>
<time>2026-08-28T23:07:02Z</time>
</trkpt>
<trkpt lat="37.5457637" lon="127.2451284">
<ele>30.291</ele>
<time>2026-08-28T23:07:03Z</time>
</trkpt>
<trkpt lat="37.5457581" lon="127.2451595">
<ele>30.173</ele>
<time>2026-08-28T23:07:04Z</time>
</trkpt>
<trkpt lat="37.5457565" lon="127.2451856">
<ele>30.106</ele>
<time>2026-08-28T23:07:05Z</time>
</trkpt>
<trkpt lat="37.5457553" lon="127.245214">
<ele>29.191</ele>
<time>2026-08-28T23:07:20Z</time>
</trkpt>
<trkpt lat="37.5457517" lon="127.2452589">
<ele>29.113</ele>
<time>2026-08-28T23:07:21Z</time>
</trkpt>
<trkpt lat="37.5457496" lon="127.2452743">
<ele>29.106</ele>
<time>2026-08-28T23:07:22Z</time>
</trkpt>
<trkpt lat="37.5457483" lon="127.2452893">
<ele>29.142</ele>
<time>2026-08-28T23:07:23Z</time>
</trkpt>
<trkpt lat="37.5457408" lon="127.2453363">
<ele>29.149</ele>
<time>2026-08-28T23:07:24Z</time>
</trkpt>
<trkpt lat="37.5457328" lon="127.24537">
<ele>29.031</ele>
<time>2026-08-28T23:07:35Z</time>
</trkpt>
<trkpt lat="37.5457235" lon="127.2454047">
<ele>29.044</ele>
<time>2026-08-28T23:07:36Z</time>
</trkpt>
<trkpt lat="37.5457133" lon="127.2454395">
<ele>28.859001</ele>
<time>2026-08-28T23:07:37Z</time>
</trkpt>
<trkpt lat="37.5457011" lon="127.2454727">
<ele>28.816</ele>
<time>2026-08-28T23:07:38Z</time>
</trkpt>
<trkpt lat="37.545687" lon="127.2455046">
<ele>28.838001</ele>
<time>2026-08-28T23:07:39Z</time>
</trkpt>
<trkpt lat="37.5456717" lon="127.2455357">
<ele>28.758001</ele>
<time>2026-08-28T23:07:40Z</time>
</trkpt>
<trkpt lat="37.545656" lon="127.2455658">
<ele>28.763</ele>
<time>2026-08-28T23:07:41Z</time>
</trkpt>
<trkpt lat="37.545641" lon="127.245596">
<ele>28.821001</ele>
<time>2026-08-28T23:07:42Z</time>
</trkpt>
<trkpt lat="37.5456274" lon="127.2456288">
<ele>28.735</ele>
<time>2026-08-28T23:07:43Z</time>
</trkpt>
<trkpt lat="37.5456124" lon="127.2456606">
<ele>28.632</ele>
<time>2026-08-28T23:07:44Z</time>
</trkpt>
<trkpt lat="37.5455963" lon="127.2456911">
<ele>28.562</ele>
<time>2026-08-28T23:07:45Z</time>
</trkpt>
<trkpt lat="37.5455797" lon="127.2457211">
<ele>28.489</ele>
<time>2026-08-28T23:07:46Z</time>
</trkpt>
<trkpt lat="37.5455637" lon="127.2457512">
<ele>28.511002</ele>
<time>2026-08-28T23:07:47Z</time>
</trkpt>
<trkpt lat="37.5455493" lon="127.2457825">
<ele>28.456001</ele>
<time>2026-08-28T23:07:48Z</time>
</trkpt>
<trkpt lat="37.5455352" lon="127.2458144">
<ele>28.354</ele>
<time>2026-08-28T23:07:49Z</time>
</trkpt>
<trkpt lat="37.5455209" lon="127.2458464">
<ele>28.261002</ele>
<time>2026-08-28T23:07:50Z</time>
</trkpt>
<trkpt lat="37.545506" lon="127.2458782">
<ele>28.188</ele>
<time>2026-08-28T23:07:51Z</time>
</trkpt>
<trkpt lat="37.5454902" lon="127.2459095">
<ele>28.123001</ele>
<time>2026-08-28T23:07:52Z</time>
</trkpt>
<trkpt lat="37.5454732" lon="127.2459402">
<ele>28.065</ele>
<time>2026-08-28T23:07:53Z</time>
</trkpt>
<trkpt lat="37.5454551" lon="127.2459706">
<ele>27.938</ele>
<time>2026-08-28T23:07:54Z</time>
</trkpt>
<trkpt lat="37.545436" lon="127.2460007">
<ele>27.900002</ele>
<time>2026-08-28T23:07:55Z</time>
</trkpt>
<trkpt lat="37.5454161" lon="127.2460308">
<ele>27.943</ele>
<time>2026-08-28T23:07:56Z</time>
</trkpt>
<trkpt lat="37.5453957" lon="127.2460611">
<ele>27.908</ele>
<time>2026-08-28T23:07:57Z</time>
</trkpt>
<trkpt lat="37.5453749" lon="127.2460915">
<ele>27.908</ele>
<time>2026-08-28T23:07:58Z</time>
</trkpt>
<trkpt lat="37.5453536" lon="127.2461219">
<ele>27.809</ele>
<time>2026-08-28T23:07:59Z</time>
</trkpt>
<trkpt lat="37.5453319" lon="127.2461519">
<ele>27.684</ele>
<time>2026-08-28T23:08:00Z</time>
</trkpt>
<trkpt lat="37.5453098" lon="127.2461816">
<ele>27.548</ele>
<time>2026-08-28T23:08:01Z</time>
</trkpt>
<trkpt lat="37.5452873" lon="127.2462107">
<ele>27.495</ele>
<time>2026-08-28T23:08:02Z</time>
</trkpt>
<trkpt lat="37.5452644" lon="127.2462384">
<ele>27.51</ele>
<time>2026-08-28T23:08:03Z</time>
</trkpt>
<trkpt lat="37.5452415" lon="127.2462651">
<ele>27.475</ele>
<time>2026-08-28T23:08:04Z</time>
</trkpt>
<trkpt lat="37.5452187" lon="127.2462908">
<ele>27.571001</ele>
<time>2026-08-28T23:08:05Z</time>
</trkpt>
<trkpt lat="37.5451961" lon="127.2463155">
<ele>27.559</ele>
<time>2026-08-28T23:08:06Z</time>
</trkpt>
<trkpt lat="37.545174" lon="127.2463392">
<ele>27.378</ele>
<time>2026-08-28T23:08:07Z</time>
</trkpt>
<trkpt lat="37.5451516" lon="127.2463658">
<ele>26.935001</ele>
<time>2026-08-28T23:08:08Z</time>
</trkpt>
<trkpt lat="37.5451289" lon="127.2463916">
<ele>26.713001</ele>
<time>2026-08-28T23:08:09Z</time>
</trkpt>
<trkpt lat="37.5451062" lon="127.2464167">
<ele>26.671001</ele>
<time>2026-08-28T23:08:10Z</time>
</trkpt>
<trkpt lat="37.5450837" lon="127.2464408">
<ele>26.825</ele>
<time>2026-08-28T23:08:11Z</time>
</trkpt>
<trkpt lat="37.5450609" lon="127.2464651">
<ele>26.965</ele>
<time>2026-08-28T23:08:12Z</time>
</trkpt>
<trkpt lat="37.5450394" lon="127.2464873">
<ele>27.125</ele>
<time>2026-08-28T23:08:13Z</time>
</trkpt>
<trkpt lat="37.5450187" lon="127.2465077">
<ele>27.050001</ele>
<time>2026-08-28T23:08:14Z</time>
</trkpt>
<trkpt lat="37.5449993" lon="127.2465254">
<ele>26.929</ele>
<time>2026-08-28T23:08:15Z</time>
</trkpt>
<trkpt lat="37.544982" lon="127.2465392">
<ele>26.728</ele>
<time>2026-08-28T23:08:16Z</time>
</trkpt>
<trkpt lat="37.5449689" lon="127.2465478">
<ele>26.835001</ele>
<time>2026-08-28T23:08:17Z</time>
</trkpt>
<trkpt lat="37.5449607" lon="127.2465527">
<ele>26.963001</ele>
<time>2026-08-28T23:08:18Z</time>
</trkpt>
<trkpt lat="37.5449586" lon="127.2465542">
<ele>26.964</ele>
<time>2026-08-28T23:08:19Z</time>
</trkpt>
<trkpt lat="37.5449644" lon="127.2465526">
<ele>26.964</ele>
<time>2026-08-28T23:08:20Z</time>
</trkpt>
<trkpt lat="37.544981" lon="127.2465469">
<ele>26.986</ele>
<time>2026-08-28T23:08:21Z</time>
</trkpt>
<trkpt lat="37.54501" lon="127.2465348">
<ele>27.131</ele>
<time>2026-08-28T23:11:19Z</time>
</trkpt>
<trkpt lat="37.5450488" lon="127.2465141">
<ele>27.104</ele>
<time>2026-08-28T23:11:20Z</time>
</trkpt>
<trkpt lat="37.5450915" lon="127.2464847">
<ele>27.184</ele>
<time>2026-08-28T23:11:21Z</time>
</trkpt>
<trkpt lat="37.5451328" lon="127.2464488">
<ele>27.184</ele>
<time>2026-08-28T23:11:22Z</time>
</trkpt>
<trkpt lat="37.5451714" lon="127.2464096">
<ele>27.11</ele>
<time>2026-08-28T23:11:23Z</time>
</trkpt>
<trkpt lat="37.5452082" lon="127.2463692">
<ele>27.162</ele>
<time>2026-08-28T23:11:24Z</time>
</trkpt>
<trkpt lat="37.5452443" lon="127.246328">
<ele>27.183</ele>
<time>2026-08-28T23:11:25Z</time>
</trkpt>
<trkpt lat="37.5452802" lon="127.2462858">
<ele>27.058</ele>
<time>2026-08-28T23:11:26Z</time>
</trkpt>
<trkpt lat="37.545316" lon="127.2462423">
<ele>27.045</ele>
<time>2026-08-28T23:11:27Z</time>
</trkpt>
<trkpt lat="37.5453515" lon="127.2461975">
<ele>27.228</ele>
<time>2026-08-28T23:11:28Z</time>
</trkpt>
<trkpt lat="37.5453865" lon="127.2461517">
<ele>27.599</ele>
<time>2026-08-28T23:11:29Z</time>
</trkpt>
<trkpt lat="37.5454205" lon="127.2461054">
<ele>27.776</ele>
<time>2026-08-28T23:11:30Z</time>
</trkpt>
<trkpt lat="37.5454531" lon="127.246059">
<ele>28.043</ele>
<time>2026-08-28T23:11:31Z</time>
</trkpt>
<trkpt lat="37.5454833" lon="127.2460131">
<ele>28.052</ele>
<time>2026-08-28T23:11:32Z</time>
</trkpt>
<trkpt lat="37.5455106" lon="127.2459683">
<ele>28.001</ele>
<time>2026-08-28T23:11:33Z</time>
</trkpt>
<trkpt lat="37.5455371" lon="127.2459243">
<ele>27.782</ele>
<time>2026-08-28T23:11:34Z</time>
</trkpt>
<trkpt lat="37.5455611" lon="127.2458821">
<ele>27.559</ele>
<time>2026-08-28T23:11:35Z</time>
</trkpt>
<trkpt lat="37.5455803" lon="127.245846">
<ele>27.652</ele>
<time>2026-08-28T23:11:36Z</time>
</trkpt>
<trkpt lat="37.5455964" lon="127.2458159">
<ele>27.816</ele>
<time>2026-08-28T23:11:37Z</time>
</trkpt>
<trkpt lat="37.5456091" lon="127.245792">
<ele>28.047</ele>
<time>2026-08-28T23:11:38Z</time>
</trkpt>
<trkpt lat="37.5456243" lon="127.2457641">
<ele>28.284</ele>
<time>2026-08-28T23:11:39Z</time>
</trkpt>
<trkpt lat="37.5456376" lon="127.2457396">
<ele>28.456</ele>
<time>2026-08-28T23:11:40Z</time>
</trkpt>
<trkpt lat="37.5456524" lon="127.245712">
<ele>28.608</ele>
<time>2026-08-28T23:11:41Z</time>
</trkpt>
<trkpt lat="37.5456642" lon="127.2456902">
<ele>28.685</ele>
<time>2026-08-28T23:11:42Z</time>
</trkpt>
<trkpt lat="37.5456729" lon="127.2456741">
<ele>28.771</ele>
<time>2026-08-28T23:11:43Z</time>
</trkpt>
<trkpt lat="37.5456774" lon="127.2456642">
<ele>28.768</ele>
<time>2026-08-28T23:11:44Z</time>
</trkpt>
<trkpt lat="37.5456797" lon="127.2456575">
<ele>28.853</ele>
<time>2026-08-28T23:11:45Z</time>
</trkpt>
<trkpt lat="37.545679" lon="127.2456552">
<ele>28.876</ele>
<time>2026-08-28T23:11:46Z</time>
</trkpt>
<trkpt lat="37.5456743" lon="127.2456594">
<ele>28.956</ele>
<time>2026-08-28T23:11:47Z</time>
</trkpt>
<trkpt lat="37.5456643" lon="127.2456722">
<ele>28.933</ele>
<time>2026-08-28T23:11:48Z</time>
</trkpt>
<trkpt lat="37.5456482" lon="127.2456948">
<ele>28.895</ele>
<time>2026-08-28T23:11:49Z</time>
</trkpt>
<trkpt lat="37.5456264" lon="127.2457268">
<ele>28.735</ele>
<time>2026-08-28T23:13:24Z</time>
</trkpt>
<trkpt lat="37.5456001" lon="127.2457659">
<ele>28.902</ele>
<time>2026-08-28T23:13:25Z</time>
</trkpt>
<trkpt lat="37.5455715" lon="127.2458089">
<ele>28.843</ele>
<time>2026-08-28T23:13:26Z</time>
</trkpt>
<trkpt lat="37.5455429" lon="127.2458523">
<ele>28.537</ele>
<time>2026-08-28T23:13:27Z</time>
</trkpt>
<trkpt lat="37.5455155" lon="127.2458937">
<ele>28.366</ele>
<time>2026-08-28T23:13:28Z</time>
</trkpt>
<trkpt lat="37.5454902" lon="127.2459322">
<ele>28.118</ele>
<time>2026-08-28T23:13:29Z</time>
</trkpt>
<trkpt lat="37.5454658" lon="127.2459694">
<ele>27.968</ele>
<time>2026-08-28T23:13:30Z</time>
</trkpt>
<trkpt lat="37.5454438" lon="127.2460029">
<ele>27.962</ele>
<time>2026-08-28T23:13:31Z</time>
</trkpt>
<trkpt lat="37.5454234" lon="127.2460341">
<ele>27.845</ele>
<time>2026-08-28T23:13:32Z</time>
</trkpt>
<trkpt lat="37.5454043" lon="127.2460624">
<ele>27.848</ele>
<time>2026-08-28T23:13:33Z</time>
</trkpt>
<trkpt lat="37.5453862" lon="127.2460884">
<ele>27.823</ele>
<time>2026-08-28T23:13:34Z</time>
</trkpt>
<trkpt lat="37.5453694" lon="127.2461116">
<ele>27.622</ele>
<time>2026-08-28T23:13:35Z</time>
</trkpt>
<trkpt lat="37.5453533" lon="127.2461338">
<ele>27.56</ele>
<time>2026-08-28T23:13:36Z</time>
</trkpt>
<trkpt lat="37.5453374" lon="127.2461556">
<ele>27.49</ele>
<time>2026-08-28T23:13:37Z</time>
</trkpt>
<trkpt lat="37.5453214" lon="127.2461777">
<ele>27.375</ele>
<time>2026-08-28T23:13:38Z</time>
</trkpt>
<trkpt lat="37.5453053" lon="127.2461997">
<ele>27.368</ele>
<time>2026-08-28T23:13:39Z</time>
</trkpt>
<trkpt lat="37.5452888" lon="127.2462218">
<ele>27.223</ele>
<time>2026-08-28T23:13:40Z</time>
</trkpt>
<trkpt lat="37.5452719" lon="127.2462439">
<ele>27.314</ele>
<time>2026-08-28T23:13:41Z</time>
</trkpt>
<trkpt lat="37.5452545" lon="127.2462659">
<ele>27.442</ele>
<time>2026-08-28T23:13:42Z</time>
</trkpt>
<trkpt lat="37.5452367" lon="127.2462877">
<ele>27.436</ele>
<time>2026-08-28T23:13:43Z</time>
</trkpt>
<trkpt lat="37.5452186" lon="127.2463091">
<ele>27.403</ele>
<time>2026-08-28T23:13:44Z</time>
</trkpt>
<trkpt lat="37.5452002" lon="127.24633">
<ele>27.284</ele>
<time>2026-08-28T23:13:45Z</time>
</trkpt>
<trkpt lat="37.5451816" lon="127.2463503">
<ele>27.254</ele>
<time>2026-08-28T23:13:46Z</time>
</trkpt>
<trkpt lat="37.5451627" lon="127.2463698">
<ele>26.918</ele>
<time>2026-08-28T23:13:47Z</time>
</trkpt>
<trkpt lat="37.5451436" lon="127.2463885">
<ele>26.896</ele>
<time>2026-08-28T23:13:48Z</time>
</trkpt>
<trkpt lat="37.5451243" lon="127.2464062">
<ele>27.0</ele>
<time>2026-08-28T23:13:49Z</time>
</trkpt>
<trkpt lat="37.5451059" lon="127.246422">
<ele>27.033</ele>
<time>2026-08-28T23:13:50Z</time>
</trkpt>
<trkpt lat="37.5450891" lon="127.2464366">
<ele>27.006</ele>
<time>2026-08-28T23:13:51Z</time>
</trkpt>
<trkpt lat="37.5450723" lon="127.2464518">
<ele>27.032</ele>
<time>2026-08-28T23:13:52Z</time>
</trkpt>
<trkpt lat="37.5450566" lon="127.246466">
<ele>27.104</ele>
<time>2026-08-28T23:13:53Z</time>
</trkpt>
<trkpt lat="37.5450405" lon="127.2464796">
<ele>27.122</ele>
<time>2026-08-28T23:13:54Z</time>
</trkpt>
<trkpt lat="37.5450249" lon="127.2464937">
<ele>27.064</ele>
<time>2026-08-28T23:13:55Z</time>
</trkpt>
<trkpt lat="37.5450114" lon="127.2465067">
<ele>27.15</ele>
<time>2026-08-28T23:13:56Z</time>
</trkpt>
<trkpt lat="37.5449974" lon="127.2465179">
<ele>27.166</ele>
<time>2026-08-28T23:13:57Z</time>
</trkpt>
<trkpt lat="37.5449797" lon="127.2465283">
<ele>27.16</ele>
<time>2026-08-28T23:13:58Z</time>
</trkpt>
<trkpt lat="37.5449543" lon="127.2465384">
<ele>27.13</ele>
<time>2026-08-28T23:13:59Z</time>
</trkpt>
<trkpt lat="37.5449156" lon="127.2465493">
<ele>27.212</ele>
<time>2026-08-28T23:14:00Z</time>
</trkpt>
<trkpt lat="37.5448588" lon="127.2465624">
<ele>27.381</ele>
<time>2026-08-28T23:14:01Z</time>
</trkpt>
<trkpt lat="37.5447823" lon="127.2465794">
<ele>27.407</ele>
<time>2026-08-28T23:14:02Z</time>
</trkpt>
<trkpt lat="37.54469" lon="127.2466013">
<ele>27.394</ele>
<time>2026-08-28T23:14:03Z</time>
</trkpt>
<trkpt lat="37.5445913" lon="127.2466282">
<ele>25.712</ele>
<time>2026-08-28T23:17:19Z</time>
</trkpt>
<trkpt lat="37.5444982" lon="127.2466592">
<ele>25.791</ele>
<time>2026-08-28T23:17:20Z</time>
</trkpt>
<trkpt lat="37.5444205" lon="127.2466928">
<ele>25.725</ele>
<time>2026-08-28T23:17:21Z</time>
</trkpt>
<trkpt lat="37.5443626" lon="127.2467276">
<ele>25.707</ele>
<time>2026-08-28T23:17:22Z</time>
</trkpt>
<trkpt lat="37.5443237" lon="127.2467625">
<ele>25.883</ele>
<time>2026-08-28T23:17:23Z</time>
</trkpt>
<trkpt lat="37.5442991" lon="127.2467967">
<ele>26.031</ele>
<time>2026-08-28T23:17:24Z</time>
</trkpt>
<trkpt lat="37.5442837" lon="127.2468302">
<ele>26.155</ele>
<time>2026-08-28T23:17:25Z</time>
</trkpt>
<trkpt lat="37.5442735" lon="127.2468629">
<ele>26.174</ele>
<time>2026-08-28T23:17:26Z</time>
</trkpt>
<trkpt lat="37.5442675" lon="127.246894">
<ele>26.193</ele>
<time>2026-08-28T23:17:27Z</time>
</trkpt>
<trkpt lat="37.5442618" lon="127.246925">
<ele>26.151</ele>
<time>2026-08-28T23:17:28Z</time>
</trkpt>
<trkpt lat="37.5442547" lon="127.246956">
<ele>26.091</ele>
<time>2026-08-28T23:17:29Z</time>
</trkpt>
<trkpt lat="37.5442489" lon="127.246987">
<ele>26.09</ele>
<time>2026-08-28T23:17:30Z</time>
</trkpt>
<trkpt lat="37.5442426" lon="127.2470179">
<ele>26.135</ele>
<time>2026-08-28T23:17:31Z</time>
</trkpt>
<trkpt lat="37.5442362" lon="127.2470491">
<ele>26.102</ele>
<time>2026-08-28T23:17:32Z</time>
</trkpt>
<trkpt lat="37.5442297" lon="127.2470801">
<ele>25.991</ele>
<time>2026-08-28T23:17:33Z</time>
</trkpt>
<trkpt lat="37.5442232" lon="127.2471109">
<ele>25.938</ele>
<time>2026-08-28T23:17:34Z</time>
</trkpt>
<trkpt lat="37.5442166" lon="127.2471413">
<ele>26.077</ele>
<time>2026-08-28T23:17:35Z</time>
</trkpt>
<trkpt lat="37.54421" lon="127.2471714">
<ele>26.089</ele>
<time>2026-08-28T23:17:36Z</time>
</trkpt>
<trkpt lat="37.5442033" lon="127.247201">
<ele>26.083</ele>
<time>2026-08-28T23:17:37Z</time>
</trkpt>
<trkpt lat="37.5441966" lon="127.2472301">
<ele>25.938</ele>
<time>2026-08-28T23:17:38Z</time>
</trkpt>
<trkpt lat="37.5441898" lon="127.2472586">
<ele>25.843</ele>
<time>2026-08-28T23:17:39Z</time>
</trkpt>
<trkpt lat="37.5441832" lon="127.2472861">
<ele>25.841</ele>
<time>2026-08-28T23:17:40Z</time>
</trkpt>
<trkpt lat="37.5441768" lon="127.2473125">
<ele>25.859</ele>
<time>2026-08-28T23:17:41Z</time>
</trkpt>
<trkpt lat="37.5441707" lon="127.2473377">
<ele>25.872</ele>
<time>2026-08-28T23:17:42Z</time>
</trkpt>
<trkpt lat="37.5441651" lon="127.2473614">
<ele>25.818</ele>
<time>2026-08-28T23:17:43Z</time>
</trkpt>
<trkpt lat="37.5441598" lon="127.2473835">
<ele>25.795</ele>
<time>2026-08-28T23:17:44Z</time>
</trkpt>
<trkpt lat="37.5441545" lon="127.2474064">
<ele>25.794</ele>
<time>2026-08-28T23:17:45Z</time>
</trkpt>
<trkpt lat="37.5441494" lon="127.2474287">
<ele>25.78</ele>
<time>2026-08-28T23:17:46Z</time>
</trkpt>
<trkpt lat="37.5441444" lon="127.2474508">
<ele>25.738</ele>
<time>2026-08-28T23:17:47Z</time>
</trkpt>
<trkpt lat="37.5441396" lon="127.2474728">
<ele>25.701</ele>
<time>2026-08-28T23:17:48Z</time>
</trkpt>
<trkpt lat="37.5441348" lon="127.2474948">
<ele>25.787</ele>
<time>2026-08-28T23:17:49Z</time>
</trkpt>
<trkpt lat="37.54413" lon="127.2475171">
<ele>25.774</ele>
<time>2026-08-28T23:17:50Z</time>
</trkpt>
<trkpt lat="37.5441252" lon="127.2475397">
<ele>25.832</ele>
<time>2026-08-28T23:17:51Z</time>
</trkpt>
<trkpt lat="37.5441203" lon="127.247563">
<ele>25.865</ele>
<time>2026-08-28T23:17:52Z</time>
</trkpt>
<trkpt lat="37.5441152" lon="127.2475871">
<ele>25.89</ele>
<time>2026-08-28T23:17:53Z</time>
</trkpt>
<trkpt lat="37.5441098" lon="127.2476122">
<ele>25.98</ele>
<time>2026-08-28T23:17:54Z</time>
</trkpt>
<trkpt lat="37.5441041" lon="127.2476386">
<ele>25.829</ele>
<time>2026-08-28T23:18:12Z</time>
</trkpt>
<trkpt lat="37.544098" lon="127.2476664">
<ele>25.832</ele>
<time>2026-08-28T23:18:13Z</time>
</trkpt>
<trkpt lat="37.5440915" lon="127.2476956">
<ele>25.838</ele>
<time>2026-08-28T23:18:14Z</time>
</trkpt>
<trkpt lat="37.5440846" lon="127.2477265">
<ele>25.9</ele>
<time>2026-08-28T23:18:15Z</time>
</trkpt>
<trkpt lat="37.5440783" lon="127.2477557">
<ele>25.854</ele>
<time>2026-08-28T23:18:16Z</time>
</trkpt>
<trkpt lat="37.5440706" lon="127.2477885">
<ele>25.838</ele>
<time>2026-08-28T23:18:17Z</time>
</trkpt>
<trkpt lat="37.5440619" lon="127.2478234">
<ele>25.803</ele>
<time>2026-08-28T23:18:18Z</time>
</trkpt>
<trkpt lat="37.5440529" lon="127.2478589">
<ele>25.885</ele>
<time>2026-08-28T23:18:19Z</time>
</trkpt>
<trkpt lat="37.5440439" lon="127.2478952">
<ele>25.908</ele>
<time>2026-08-28T23:18:20Z</time>
</trkpt>
<trkpt lat="37.5440343" lon="127.2479343">
<ele>25.764</ele>
<time>2026-08-28T23:18:21Z</time>
</trkpt>
<trkpt lat="37.5440243" lon="127.2479751">
<ele>25.705</ele>
<time>2026-08-28T23:18:22Z</time>
</trkpt>
<trkpt lat="37.5440136" lon="127.2480174">
<ele>25.858</ele>
<time>2026-08-28T23:18:23Z</time>
</trkpt>
<trkpt lat="37.5440023" lon="127.2480613">
<ele>25.744</ele>
<time>2026-08-28T23:18:24Z</time>
</trkpt>
<trkpt lat="37.5439902" lon="127.2481064">
<ele>25.497</ele>
<time>2026-08-28T23:18:25Z</time>
</trkpt>
<trkpt lat="37.5439771" lon="127.2481527">
<ele>25.399</ele>
<time>2026-08-28T23:18:26Z</time>
</trkpt>
<trkpt lat="37.5439632" lon="127.2481996">
<ele>25.246</ele>
<time>2026-08-28T23:18:27Z</time>
</trkpt>
<trkpt lat="37.5439485" lon="127.2482468">
<ele>25.137</ele>
<time>2026-08-28T23:18:28Z</time>
</trkpt>
<trkpt lat="37.5439333" lon="127.248294">
<ele>25.0</ele>
<time>2026-08-28T23:18:29Z</time>
</trkpt>
<trkpt lat="37.5439177" lon="127.2483407">
<ele>25.025</ele>
<time>2026-08-28T23:18:30Z</time>
</trkpt>
<trkpt lat="37.5439021" lon="127.2483868">
<ele>25.051</ele>
<time>2026-08-28T23:18:31Z</time>
</trkpt>
<trkpt lat="37.5438868" lon="127.2484323">
<ele>25.057</ele>
<time>2026-08-28T23:18:32Z</time>
</trkpt>
<trkpt lat="37.5438719" lon="127.2484771">
<ele>25.13</ele>
<time>2026-08-28T23:18:33Z</time>
</trkpt>
<trkpt lat="37.5438574" lon="127.2485215">
<ele>25.114</ele>
<time>2026-08-28T23:18:34Z</time>
</trkpt>
<trkpt lat="37.5438432" lon="127.2485657">
<ele>25.04</ele>
<time>2026-08-28T23:18:35Z</time>
</trkpt>
<trkpt lat="37.5438289" lon="127.2486102">
<ele>25.011</ele>
<time>2026-08-28T23:18:36Z</time>
</trkpt>
<trkpt lat="37.5438138" lon="127.2486557">
<ele>25.14</ele>
<time>2026-08-28T23:18:37Z</time>
</trkpt>
<trkpt lat="37.543798" lon="127.2487025">
<ele>25.651</ele>
<time>2026-08-28T23:18:38Z</time>
</trkpt>
<trkpt lat="37.5437814" lon="127.2487506">
<ele>25.747</ele>
<time>2026-08-28T23:18:39Z</time>
</trkpt>
<trkpt lat="37.543764" lon="127.2487996">
<ele>25.447</ele>
<time>2026-08-28T23:18:40Z</time>
</trkpt>
<trkpt lat="37.5437475" lon="127.2488471">
<ele>25.268</ele>
<time>2026-08-28T23:18:41Z</time>
</trkpt>
<trkpt lat="37.5437308" lon="127.248895">
<ele>25.271</ele>
<time>2026-08-28T23:18:42Z</time>
</trkpt>
<trkpt lat="37.5437138" lon="127.2489433">
<ele>25.374</ele>
<time>2026-08-28T23:18:43Z</time>
</trkpt>
<trkpt lat="37.5436965" lon="127.248992">
<ele>25.325</ele>
<time>2026-08-28T23:18:44Z</time>
</trkpt>
<trkpt lat="37.5436788" lon="127.2490411">
<ele>25.196</ele>
<time>2026-08-28T23:18:45Z</time>
</trkpt>
<trkpt lat="37.5436608" lon="127.2490904">
<ele>25.127</ele>
<time>2026-08-28T23:18:46Z</time>
</trkpt>
<trkpt lat="37.5436425" lon="127.24914">
<ele>25.192</ele>
<time>2026-08-28T23:18:47Z</time>
</trkpt>
<trkpt lat="37.5436243" lon="127.2491899">
<ele>25.243</ele>
<time>2026-08-28T23:18:48Z</time>
</trkpt>
<trkpt lat="37.5436057" lon="127.2492404">
<ele>25.118</ele>
<time>2026-08-28T23:18:49Z</time>
</trkpt>
<trkpt lat="37.5435867" lon="127.2492911">
<ele>25.114</ele>
<time>2026-08-28T23:18:50Z</time>
</trkpt>
<trkpt lat="37.5435675" lon="127.2493415">
<ele>25.701</ele>
<time>2026-08-28T23:18:51Z</time>
</trkpt>
<trkpt lat="37.5435482" lon="127.2493916">
<ele>25.482</ele>
<time>2026-08-28T23:18:52Z</time>
</trkpt>
<trkpt lat="37.5435289" lon="127.2494412">
<ele>25.06</ele>
<time>2026-08-28T23:18:53Z</time>
</trkpt>
<trkpt lat="37.5435093" lon="127.2494908">
<ele>24.959</ele>
<time>2026-08-28T23:18:54Z</time>
</trkpt>
<trkpt lat="37.5434894" lon="127.2495403">
<ele>24.916</ele>
<time>2026-08-28T23:18:55Z</time>
</trkpt>
<trkpt lat="37.5434691" lon="127.2495897">
<ele>24.835</ele>
<time>2026-08-28T23:18:56Z</time>
</trkpt>
<trkpt lat="37.5434483" lon="127.2496388">
<ele>24.795</ele>
<time>2026-08-28T23:18:57Z</time>
</trkpt>
<trkpt lat="37.5434269" lon="127.2496876">
<ele>24.779</ele>
<time>2026-08-28T23:18:58Z</time>
</trkpt>
<trkpt lat="37.543405" lon="127.2497358">
<ele>24.9</ele>
<time>2026-08-28T23:18:59Z</time>
</trkpt>
<trkpt lat="37.5433827" lon="127.2497833">
<ele>25.272</ele>
<time>2026-08-28T23:19:00Z</time>
</trkpt>
<trkpt lat="37.5433601" lon="127.2498297">
<ele>25.462</ele>
<time>2026-08-28T23:19:01Z</time>
</trkpt>
<trkpt lat="37.5433375" lon="127.2498751">
<ele>25.19</ele>
<time>2026-08-28T23:19:02Z</time>
</trkpt>
<trkpt lat="37.5433149" lon="127.2499194">
<ele>24.873</ele>
<time>2026-08-28T23:19:03Z</time>
</trkpt>
<trkpt lat="37.5432924" lon="127.2499628">
<ele>24.726</ele>
<time>2026-08-28T23:19:04Z</time>
</trkpt>
<trkpt lat="37.5432701" lon="127.2500054">
<ele>25.112</ele>
<time>2026-08-28T23:19:05Z</time>
</trkpt>
<trkpt lat="37.5432477" lon="127.2500474">
<ele>25.62</ele>
<time>2026-08-28T23:19:06Z</time>
</trkpt>
<trkpt lat="37.5432254" lon="127.2500887">
<ele>25.136</ele>
<time>2026-08-28T23:19:07Z</time>
</trkpt>
<trkpt lat="37.5432032" lon="127.2501291">
<ele>24.824</ele>
<time>2026-08-28T23:19:08Z</time>
</trkpt>
<trkpt lat="37.5431812" lon="127.2501693">
<ele>24.663</ele>
<time>2026-08-28T23:19:09Z</time>
</trkpt>
<trkpt lat="37.5431592" lon="127.2502096">
<ele>24.641</ele>
<time>2026-08-28T23:19:10Z</time>
</trkpt>
<trkpt lat="37.5431372" lon="127.2502505">
<ele>24.604</ele>
<time>2026-08-28T23:19:11Z</time>
</trkpt>
<trkpt lat="37.5431154" lon="127.2502918">
<ele>24.66</ele>
<time>2026-08-28T23:19:12Z</time>
</trkpt>
<trkpt lat="37.5430935" lon="127.2503323">
<ele>24.801</ele>
<time>2026-08-28T23:19:13Z</time>
</trkpt>
<trkpt lat="37.5430715" lon="127.2503725">
<ele>24.857</ele>
<time>2026-08-28T23:19:14Z</time>
</trkpt>
<trkpt lat="37.5430495" lon="127.2504131">
<ele>24.619</ele>
<time>2026-08-28T23:19:15Z</time>
</trkpt>
<trkpt lat="37.5430274" lon="127.2504541">
<ele>24.645</ele>
<time>2026-08-28T23:19:16Z</time>
</trkpt>
<trkpt lat="37.5430054" lon="127.2504959">
<ele>25.239</ele>
<time>2026-08-28T23:19:17Z</time>
</trkpt>
<trkpt lat="37.5429841" lon="127.2505375">
<ele>25.52</ele>
<time>2026-08-28T23:19:18Z</time>
</trkpt>
<trkpt lat="37.5429634" lon="127.2505784">
<ele>25.511</ele>
<time>2026-08-28T23:19:19Z</time>
</trkpt>
<trkpt lat="37.5429433" lon="127.2506181">
<ele>25.621</ele>
<time>2026-08-28T23:19:20Z</time>
</trkpt>
<trkpt lat="37.5429236" lon="127.2506562">
<ele>25.798</ele>
<time>2026-08-28T23:19:21Z</time>
</trkpt>
<trkpt lat="37.542904" lon="127.2506926">
<ele>25.54</ele>
<time>2026-08-28T23:19:22Z</time>
</trkpt>
<trkpt lat="37.5428842" lon="127.2507276">
<ele>25.709</ele>
<time>2026-08-28T23:19:23Z</time>
</trkpt>
<trkpt lat="37.5428635" lon="127.2507617">
<ele>25.833</ele>
<time>2026-08-28T23:19:24Z</time>
</trkpt>
<trkpt lat="37.5428416" lon="127.2507957">
<ele>25.965</ele>
<time>2026-08-28T23:19:25Z</time>
</trkpt>
<trkpt lat="37.5428181" lon="127.2508301">
<ele>25.753</ele>
<time>2026-08-28T23:19:26Z</time>
</trkpt>
<trkpt lat="37.5427932" lon="127.2508654">
<ele>26.07</ele>
<time>2026-08-28T23:19:27Z</time>
</trkpt>
<trkpt lat="37.5427671" lon="127.2509016">
<ele>26.394</ele>
<time>2026-08-28T23:19:28Z</time>
</trkpt>
<trkpt lat="37.5427405" lon="127.2509384">
<ele>25.697</ele>
<time>2026-08-28T23:19:29Z</time>
</trkpt>
<trkpt lat="37.5427141" lon="127.2509752">
<ele>25.145</ele>
<time>2026-08-28T23:19:30Z</time>
</trkpt>
<trkpt lat="37.5426885" lon="127.2510116">
<ele>25.088</ele>
<time>2026-08-28T23:19:31Z</time>
</trkpt>
<trkpt lat="37.5426642" lon="127.2510472">
<ele>25.083</ele>
<time>2026-08-28T23:19:32Z</time>
</trkpt>
<trkpt lat="37.5426423" lon="127.2510813">
<ele>25.43</ele>
<time>2026-08-28T23:19:33Z</time>
</trkpt>
<trkpt lat="37.542621" lon="127.2511148">
<ele>25.669</ele>
<time>2026-08-28T23:19:34Z</time>
</trkpt>
<trkpt lat="37.5425996" lon="127.2511483">
<ele>25.819</ele>
<time>2026-08-28T23:19:35Z</time>
</trkpt>
<trkpt lat="37.5425777" lon="127.2511824">
<ele>25.801</ele>
<time>2026-08-28T23:19:36Z</time>
</trkpt>
<trkpt lat="37.5425552" lon="127.2512172">
<ele>25.747</ele>
<time>2026-08-28T23:19:37Z</time>
</trkpt>
<trkpt lat="37.5425322" lon="127.2512523">
<ele>25.718</ele>
<time>2026-08-28T23:19:38Z</time>
</trkpt>
<trkpt lat="37.5425094" lon="127.2512874">
<ele>25.808</ele>
<time>2026-08-28T23:19:39Z</time>
</trkpt>
<trkpt lat="37.5424869" lon="127.2513224">
<ele>25.682</ele>
<time>2026-08-28T23:19:40Z</time>
</trkpt>
<trkpt lat="37.5424646" lon="127.2513575">
<ele>25.707</ele>
<time>2026-08-28T23:19:41Z</time>
</trkpt>
<trkpt lat="37.5424423" lon="127.2513925">
<ele>25.616</ele>
<time>2026-08-28T23:19:42Z</time>
</trkpt>
<trkpt lat="37.5424201" lon="127.2514276">
<ele>25.545</ele>
<time>2026-08-28T23:19:43Z</time>
</trkpt>
<trkpt lat="37.5423981" lon="127.2514628">
<ele>25.468</ele>
<time>2026-08-28T23:19:44Z</time>
</trkpt>
<trkpt lat="37.5423759" lon="127.2514982">
<ele>25.345</ele>
<time>2026-08-28T23:19:45Z</time>
</trkpt>
<trkpt lat="37.5423537" lon="127.2515334">
<ele>24.82</ele>
<time>2026-08-28T23:19:46Z</time>
</trkpt>
<trkpt lat="37.5423318" lon="127.2515685">
<ele>24.389</ele>
<time>2026-08-28T23:19:47Z</time>
</trkpt>
<trkpt lat="37.5423099" lon="127.2516035">
<ele>24.757</ele>
<time>2026-08-28T23:19:48Z</time>
</trkpt>
<trkpt lat="37.5422882" lon="127.2516385">
<ele>25.127</ele>
<time>2026-08-28T23:19:49Z</time>
</trkpt>
<trkpt lat="37.5422665" lon="127.2516734">
<ele>25.359</ele>
<time>2026-08-28T23:19:50Z</time>
</trkpt>
<trkpt lat="37.542245" lon="127.2517082">
<ele>25.09</ele>
<time>2026-08-28T23:19:51Z</time>
</trkpt>
<trkpt lat="37.5422235" lon="127.2517427">
<ele>24.874</ele>
<time>2026-08-28T23:19:52Z</time>
</trkpt>
<trkpt lat="37.5422021" lon="127.2517772">
<ele>24.677</ele>
<time>2026-08-28T23:19:53Z</time>
</trkpt>
<trkpt lat="37.5421807" lon="127.2518115">
<ele>24.726</ele>
<time>2026-08-28T23:19:54Z</time>
</trkpt>
<trkpt lat="37.5421592" lon="127.2518457">
<ele>25.103</ele>
<time>2026-08-28T23:19:55Z</time>
</trkpt>
<trkpt lat="37.5421378" lon="127.2518799">
<ele>25.179</ele>
<time>2026-08-28T23:19:56Z</time>
</trkpt>
<trkpt lat="37.5421162" lon="127.2519139">
<ele>25.293</ele>
<time>2026-08-28T23:19:57Z</time>
</trkpt>
<trkpt lat="37.5420946" lon="127.251948">
<ele>25.527</ele>
<time>2026-08-28T23:19:58Z</time>
</trkpt>
<trkpt lat="37.5420728" lon="127.251982">
<ele>25.565</ele>
<time>2026-08-28T23:19:59Z</time>
</trkpt>
<trkpt lat="37.5420509" lon="127.2520161">
<ele>25.695</ele>
<time>2026-08-28T23:20:00Z</time>
</trkpt>
<trkpt lat="37.5420288" lon="127.2520504">
<ele>25.496</ele>
<time>2026-08-28T23:20:01Z</time>
</trkpt>
<trkpt lat="37.5420064" lon="127.2520849">
<ele>25.168</ele>
<time>2026-08-28T23:20:02Z</time>
</trkpt>
<trkpt lat="37.5419839" lon="127.2521196">
<ele>25.133</ele>
<time>2026-08-28T23:20:03Z</time>
</trkpt>
<trkpt lat="37.5419611" lon="127.2521546">
<ele>25.049</ele>
<time>2026-08-28T23:20:04Z</time>
</trkpt>
<trkpt lat="37.5419381" lon="127.2521899">
<ele>25.303</ele>
<time>2026-08-28T23:20:05Z</time>
</trkpt>
<trkpt lat="37.5419149" lon="127.2522255">
<ele>25.355</ele>
<time>2026-08-28T23:20:06Z</time>
</trkpt>
<trkpt lat="37.5418916" lon="127.2522615">
<ele>25.255</ele>
<time>2026-08-28T23:20:07Z</time>
</trkpt>
<trkpt lat="37.5418681" lon="127.2522978">
<ele>25.287</ele>
<time>2026-08-28T23:20:08Z</time>
</trkpt>
<trkpt lat="37.5418444" lon="127.2523344">
<ele>25.234</ele>
<time>2026-08-28T23:20:09Z</time>
</trkpt>
<trkpt lat="37.5418207" lon="127.2523712">
<ele>25.223</ele>
<time>2026-08-28T23:20:10Z</time>
</trkpt>
<trkpt lat="37.541797" lon="127.2524082">
<ele>25.131</ele>
<time>2026-08-28T23:20:11Z</time>
</trkpt>
<trkpt lat="37.5417732" lon="127.2524454">
<ele>25.146</ele>
<time>2026-08-28T23:20:12Z</time>
</trkpt>
<trkpt lat="37.5417494" lon="127.2524829">
<ele>25.232</ele>
<time>2026-08-28T23:20:13Z</time>
</trkpt>
<trkpt lat="37.5417256" lon="127.2525207">
<ele>25.148</ele>
<time>2026-08-28T23:20:14Z</time>
</trkpt>
<trkpt lat="37.5417017" lon="127.2525585">
<ele>24.94</ele>
<time>2026-08-28T23:20:15Z</time>
</trkpt>
<trkpt lat="37.5416777" lon="127.2525965">
<ele>24.816</ele>
<time>2026-08-28T23:20:16Z</time>
</trkpt>
<trkpt lat="37.5416538" lon="127.2526346">
<ele>24.877</ele>
<time>2026-08-28T23:20:17Z</time>
</trkpt>
<trkpt lat="37.5416299" lon="127.2526727">
<ele>24.663</ele>
<time>2026-08-28T23:20:18Z</time>
</trkpt>
<trkpt lat="37.541606" lon="127.2527109">
<ele>24.747</ele>
<time>2026-08-28T23:20:19Z</time>
</trkpt>
<trkpt lat="37.5415821" lon="127.252749">
<ele>24.741</ele>
<time>2026-08-28T23:20:20Z</time>
</trkpt>
<trkpt lat="37.5415583" lon="127.2527871">
<ele>24.726</ele>
<time>2026-08-28T23:20:21Z</time>
</trkpt>
<trkpt lat="37.5415347" lon="127.252825">
<ele>24.603</ele>
<time>2026-08-28T23:20:22Z</time>
</trkpt>
<trkpt lat="37.5415111" lon="127.2528626">
<ele>24.502</ele>
<time>2026-08-28T23:20:23Z</time>
</trkpt>
<trkpt lat="37.5414877" lon="127.2529">
<ele>24.387</ele>
<time>2026-08-28T23:20:24Z</time>
</trkpt>
<trkpt lat="37.5414639" lon="127.2529379">
<ele>24.605</ele>
<time>2026-08-28T23:20:25Z</time>
</trkpt>
<trkpt lat="37.5414403" lon="127.2529756">
<ele>24.678</ele>
<time>2026-08-28T23:20:26Z</time>
</trkpt>
<trkpt lat="37.541417" lon="127.2530129">
<ele>24.873</ele>
<time>2026-08-28T23:20:27Z</time>
</trkpt>
<trkpt lat="37.5413941" lon="127.2530497">
<ele>24.867</ele>
<time>2026-08-28T23:20:28Z</time>
</trkpt>
<trkpt lat="37.5413714" lon="127.253086">
<ele>24.911</ele>
<time>2026-08-28T23:20:29Z</time>
</trkpt>
<trkpt lat="37.5413487" lon="127.2531216">
<ele>24.852</ele>
<time>2026-08-28T23:20:30Z</time>
</trkpt>
<trkpt lat="37.5413258" lon="127.2531571">
<ele>25.069</ele>
<time>2026-08-28T23:20:31Z</time>
</trkpt>
<trkpt lat="37.5413028" lon="127.2531925">
<ele>25.074</ele>
<time>2026-08-28T23:20:32Z</time>
</trkpt>
<trkpt lat="37.5412795" lon="127.2532281">
<ele>25.137</ele>
<time>2026-08-28T23:20:33Z</time>
</trkpt>
<trkpt lat="37.541256" lon="127.2532642">
<ele>25.771</ele>
<time>2026-08-28T23:20:34Z</time>
</trkpt>
<trkpt lat="37.5412322" lon="127.253301">
<ele>26.134</ele>
<time>2026-08-28T23:20:36Z</time>
</trkpt>
<trkpt lat="37.5412084" lon="127.2533389">
<ele>26.521</ele>
<time>2026-08-28T23:20:37Z</time>
</trkpt>
<trkpt lat="37.5411845" lon="127.2533778">
<ele>27.061</ele>
<time>2026-08-28T23:20:38Z</time>
</trkpt>
<trkpt lat="37.5411609" lon="127.2534175">
<ele>27.312</ele>
<time>2026-08-28T23:20:39Z</time>
</trkpt>
<trkpt lat="37.5411378" lon="127.2534574">
<ele>27.731</ele>
<time>2026-08-28T23:20:40Z</time>
</trkpt>
<trkpt lat="37.5411156" lon="127.2534968">
<ele>28.052</ele>
<time>2026-08-28T23:20:41Z</time>
</trkpt>
<trkpt lat="37.5410948" lon="127.2535352">
<ele>28.467</ele>
<time>2026-08-28T23:20:42Z</time>
</trkpt>
<trkpt lat="37.5410756" lon="127.2535719">
<ele>28.733</ele>
<time>2026-08-28T23:20:43Z</time>
</trkpt>
<trkpt lat="37.5410583" lon="127.2536066">
<ele>29.003</ele>
<time>2026-08-28T23:20:44Z</time>
</trkpt>
<trkpt lat="37.5410428" lon="127.2536392">
<ele>29.127</ele>
<time>2026-08-28T23:20:45Z</time>
</trkpt>
<trkpt lat="37.5410306" lon="127.2536681">
<ele>29.332</ele>
<time>2026-08-28T23:20:46Z</time>
</trkpt>
<trkpt lat="37.5410198" lon="127.2536957">
<ele>29.587</ele>
<time>2026-08-28T23:20:47Z</time>
</trkpt>
<trkpt lat="37.5410102" lon="127.2537223">
<ele>29.757</ele>
<time>2026-08-28T23:20:48Z</time>
</trkpt>
<trkpt lat="37.5410012" lon="127.2537481">
<ele>30.123</ele>
<time>2026-08-28T23:20:49Z</time>
</trkpt>
<trkpt lat="37.540992" lon="127.2537734">
<ele>30.287</ele>
<time>2026-08-28T23:20:50Z</time>
</trkpt>
<trkpt lat="37.5409814" lon="127.2538001">
<ele>30.3</ele>
<time>2026-08-28T23:20:51Z</time>
</trkpt>
<trkpt lat="37.5409715" lon="127.2538258">
<ele>30.371</ele>
<time>2026-08-28T23:20:52Z</time>
</trkpt>
<trkpt lat="37.5409618" lon="127.2538506">
<ele>30.379</ele>
<time>2026-08-28T23:20:53Z</time>
</trkpt>
<trkpt lat="37.5409523" lon="127.2538744">
<ele>30.405</ele>
<time>2026-08-28T23:20:54Z</time>
</trkpt>
<trkpt lat="37.5409429" lon="127.2538975">
<ele>30.582</ele>
<time>2026-08-28T23:20:55Z</time>
</trkpt>
<trkpt lat="37.5409334" lon="127.2539196">
<ele>30.476</ele>
<time>2026-08-28T23:20:56Z</time>
</trkpt>
<trkpt lat="37.5409238" lon="127.253941">
<ele>30.399</ele>
<time>2026-08-28T23:20:57Z</time>
</trkpt>
<trkpt lat="37.5409142" lon="127.2539614">
<ele>30.405</ele>
<time>2026-08-28T23:20:58Z</time>
</trkpt>
<trkpt lat="37.5409047" lon="127.2539808">
<ele>30.322</ele>
<time>2026-08-28T23:20:59Z</time>
</trkpt>
<trkpt lat="37.540896" lon="127.254002">
<ele>30.326</ele>
<time>2026-08-28T23:21:00Z</time>
</trkpt>
<trkpt lat="37.5408868" lon="127.2540225">
<ele>30.244</ele>
<time>2026-08-28T23:21:01Z</time>
</trkpt>
<trkpt lat="37.5408767" lon="127.2540423">
<ele>30.278</ele>
<time>2026-08-28T23:21:02Z</time>
</trkpt>
<trkpt lat="37.5408659" lon="127.2540601">
<ele>30.243</ele>
<time>2026-08-28T23:21:03Z</time>
</trkpt>
<trkpt lat="37.5408543" lon="127.2540762">
<ele>30.156</ele>
<time>2026-08-28T23:21:04Z</time>
</trkpt>
<trkpt lat="37.540843" lon="127.2540901">
<ele>30.179</ele>
<time>2026-08-28T23:21:05Z</time>
</trkpt>
<trkpt lat="37.5408324" lon="127.2541041">
<ele>30.33</ele>
<time>2026-08-28T23:21:06Z</time>
</trkpt>
<trkpt lat="37.5408228" lon="127.2541199">
<ele>30.459</ele>
<time>2026-08-28T23:21:07Z</time>
</trkpt>
<trkpt lat="37.5408138" lon="127.2541401">
<ele>30.635</ele>
<time>2026-08-28T23:21:08Z</time>
</trkpt>
<trkpt lat="37.5408052" lon="127.2541675">
<ele>30.615</ele>
<time>2026-08-28T23:21:09Z</time>
</trkpt>
<trkpt lat="37.5407965" lon="127.2542038">
<ele>30.713</ele>
<time>2026-08-28T23:21:10Z</time>
</trkpt>
<trkpt lat="37.5407879" lon="127.2542485">
<ele>31.285</ele>
<time>2026-08-28T23:23:46Z</time>
</trkpt>
<trkpt lat="37.5407798" lon="127.254299">
<ele>31.4</ele>
<time>2026-08-28T23:23:47Z</time>
</trkpt>
<trkpt lat="37.5407714" lon="127.2543532">
<ele>31.474</ele>
<time>2026-08-28T23:23:48Z</time>
</trkpt>
<trkpt lat="37.5407649" lon="127.2544084">
<ele>31.444</ele>
<time>2026-08-28T23:23:49Z</time>
</trkpt>
<trkpt lat="37.5407618" lon="127.2544559">
<ele>31.532</ele>
<time>2026-08-28T23:23:50Z</time>
</trkpt>
<trkpt lat="37.5407622" lon="127.2544939">
<ele>31.483</ele>
<time>2026-08-28T23:23:51Z</time>
</trkpt>
<trkpt lat="37.5407645" lon="127.2545269">
<ele>31.553</ele>
<time>2026-08-28T23:23:52Z</time>
</trkpt>
<trkpt lat="37.5407677" lon="127.2545586">
<ele>31.561</ele>
<time>2026-08-28T23:23:53Z</time>
</trkpt>
<trkpt lat="37.5407711" lon="127.2545895">
<ele>31.605</ele>
<time>2026-08-28T23:23:54Z</time>
</trkpt>
<trkpt lat="37.5407743" lon="127.2546183">
<ele>31.604</ele>
<time>2026-08-28T23:23:55Z</time>
</trkpt>
<trkpt lat="37.540777" lon="127.254645">
<ele>31.624</ele>
<time>2026-08-28T23:23:56Z</time>
</trkpt>
<trkpt lat="37.5407786" lon="127.2546693">
<ele>31.718</ele>
<time>2026-08-28T23:23:57Z</time>
</trkpt>
<trkpt lat="37.5407785" lon="127.2546915">
<ele>31.86</ele>
<time>2026-08-28T23:23:58Z</time>
</trkpt>
<trkpt lat="37.540777" lon="127.2547114">
<ele>32.03</ele>
<time>2026-08-28T23:23:59Z</time>
</trkpt>
<trkpt lat="37.5407753" lon="127.2547306">
<ele>32.199</ele>
<time>2026-08-28T23:24:00Z</time>
</trkpt>
<trkpt lat="37.5407727" lon="127.2547478">
<ele>32.281</ele>
<time>2026-08-28T23:24:01Z</time>
</trkpt>
<trkpt lat="37.5407697" lon="127.2547631">
<ele>32.37</ele>
<time>2026-08-28T23:24:02Z</time>
</trkpt>
<trkpt lat="37.5407665" lon="127.2547764">
<ele>32.403</ele>
<time>2026-08-28T23:24:03Z</time>
</trkpt>
<trkpt lat="37.5407635" lon="127.254788">
<ele>32.513</ele>
<time>2026-08-28T23:24:04Z</time>
</trkpt>
<trkpt lat="37.5407608" lon="127.2547982">
<ele>32.571</ele>
<time>2026-08-28T23:24:05Z</time>
</trkpt>
<trkpt lat="37.5407583" lon="127.2548073">
<ele>32.603</ele>
<time>2026-08-28T23:24:06Z</time>
</trkpt>
<trkpt lat="37.540756" lon="127.2548158">
<ele>32.707</ele>
<time>2026-08-28T23:24:07Z</time>
</trkpt>
<trkpt lat="37.5407533" lon="127.2548242">
<ele>32.821</ele>
<time>2026-08-28T23:24:08Z</time>
</trkpt>
<trkpt lat="37.5407503" lon="127.254833">
<ele>32.898</ele>
<time>2026-08-28T23:24:09Z</time>
</trkpt>
<trkpt lat="37.5407467" lon="127.2548423">
<ele>33.009</ele>
<time>2026-08-28T23:24:10Z</time>
</trkpt>
<trkpt lat="37.5407424" lon="127.2548523">
<ele>33.028</ele>
<time>2026-08-28T23:24:11Z</time>
</trkpt>
<trkpt lat="37.5407375" lon="127.2548628">
<ele>33.099</ele>
<time>2026-08-28T23:24:12Z</time>
</trkpt>
<trkpt lat="37.5407335" lon="127.2548727">
<ele>33.154</ele>
<time>2026-08-28T23:24:13Z</time>
</trkpt>
<trkpt lat="37.5407293" lon="127.2548826">
<ele>33.259</ele>
<time>2026-08-28T23:24:14Z</time>
</trkpt>
<trkpt lat="37.5407249" lon="127.2548929">
<ele>33.342</ele>
<time>2026-08-28T23:24:15Z</time>
</trkpt>
<trkpt lat="37.5407202" lon="127.2549037">
<ele>33.431</ele>
<time>2026-08-28T23:24:16Z</time>
</trkpt>
<trkpt lat="37.5407154" lon="127.2549148">
<ele>33.565</ele>
<time>2026-08-28T23:24:17Z</time>
</trkpt>
<trkpt lat="37.5407103" lon="127.2549263">
<ele>33.65</ele>
<time>2026-08-28T23:24:18Z</time>
</trkpt>
<trkpt lat="37.5407051" lon="127.2549381">
<ele>33.704</ele>
<time>2026-08-28T23:24:19Z</time>
</trkpt>
<trkpt lat="37.5406998" lon="127.2549504">
<ele>33.707</ele>
<time>2026-08-28T23:24:20Z</time>
</trkpt>
<trkpt lat="37.5406944" lon="127.2549632">
<ele>33.838</ele>
<time>2026-08-28T23:24:21Z</time>
</trkpt>
<trkpt lat="37.5406889" lon="127.2549765">
<ele>33.919</ele>
<time>2026-08-28T23:24:22Z</time>
</trkpt>
<trkpt lat="37.5406835" lon="127.2549902">
<ele>34.031</ele>
<time>2026-08-28T23:24:23Z</time>
</trkpt>
<trkpt lat="37.5406781" lon="127.2550043">
<ele>34.147</ele>
<time>2026-08-28T23:24:24Z</time>
</trkpt>
<trkpt lat="37.5406729" lon="127.2550187">
<ele>34.256</ele>
<time>2026-08-28T23:24:25Z</time>
</trkpt>
<trkpt lat="37.5406677" lon="127.2550335">
<ele>34.293</ele>
<time>2026-08-28T23:24:26Z</time>
</trkpt>
<trkpt lat="37.5406628" lon="127.2550486">
<ele>34.313</ele>
<time>2026-08-28T23:24:27Z</time>
</trkpt>
<trkpt lat="37.540658" lon="127.255064">
<ele>34.366</ele>
<time>2026-08-28T23:24:28Z</time>
</trkpt>
<trkpt lat="37.5406537" lon="127.2550794">
<ele>34.507</ele>
<time>2026-08-28T23:24:29Z</time>
</trkpt>
<trkpt lat="37.5406488" lon="127.2550948">
<ele>34.686</ele>
<time>2026-08-28T23:24:30Z</time>
</trkpt>
<trkpt lat="37.5406439" lon="127.255111">
<ele>34.737</ele>
<time>2026-08-28T23:24:31Z</time>
</trkpt>
<trkpt lat="37.5406392" lon="127.2551277">
<ele>34.859</ele>
<time>2026-08-28T23:24:32Z</time>
</trkpt>
<trkpt lat="37.5406351" lon="127.2551448">
<ele>34.942</ele>
<time>2026-08-28T23:24:33Z</time>
</trkpt>
<trkpt lat="37.5406318" lon="127.2551617">
<ele>34.95</ele>
<time>2026-08-28T23:24:34Z</time>
</trkpt>
<trkpt lat="37.5406298" lon="127.2551777">
<ele>35.02</ele>
<time>2026-08-28T23:24:35Z</time>
</trkpt>
<trkpt lat="37.5406284" lon="127.2551935">
<ele>35.065</ele>
<time>2026-08-28T23:24:36Z</time>
</trkpt>
<trkpt lat="37.5406278" lon="127.2552093">
<ele>35.146</ele>
<time>2026-08-28T23:24:37Z</time>
</trkpt>
<trkpt lat="37.5406278" lon="127.2552254">
<ele>35.256</ele>
<time>2026-08-28T23:24:38Z</time>
</trkpt>
<trkpt lat="37.5406288" lon="127.2552422">
<ele>35.352</ele>
<time>2026-08-28T23:24:39Z</time>
</trkpt>
<trkpt lat="37.5406309" lon="127.2552598">
<ele>35.465</ele>
<time>2026-08-28T23:24:40Z</time>
</trkpt>
<trkpt lat="37.5406343" lon="127.2552783">
<ele>35.504</ele>
<time>2026-08-28T23:24:41Z</time>
</trkpt>
<trkpt lat="37.5406382" lon="127.2552972">
<ele>35.646</ele>
<time>2026-08-28T23:24:42Z</time>
</trkpt>
<trkpt lat="37.540644" lon="127.255317">
<ele>35.66</ele>
<time>2026-08-28T23:24:43Z</time>
</trkpt>
<trkpt lat="37.5406519" lon="127.2553369">
<ele>35.743</ele>
<time>2026-08-28T23:24:44Z</time>
</trkpt>
<trkpt lat="37.5406619" lon="127.2553558">
<ele>35.812</ele>
<time>2026-08-28T23:24:45Z</time>
</trkpt>
<trkpt lat="37.5406733" lon="127.2553735">
<ele>35.897</ele>
<time>2026-08-28T23:24:46Z</time>
</trkpt>
<trkpt lat="37.5406859" lon="127.2553897">
<ele>36.05</ele>
<time>2026-08-28T23:24:47Z</time>
</trkpt>
<trkpt lat="37.5406995" lon="127.2554045">
<ele>36.081</ele>
<time>2026-08-28T23:24:48Z</time>
</trkpt>
<trkpt lat="37.540714" lon="127.2554172">
<ele>36.131</ele>
<time>2026-08-28T23:24:49Z</time>
</trkpt>
<trkpt lat="37.5407285" lon="127.2554284">
<ele>36.13</ele>
<time>2026-08-28T23:24:50Z</time>
</trkpt>
<trkpt lat="37.5407413" lon="127.2554392">
<ele>36.184</ele>
<time>2026-08-28T23:24:51Z</time>
</trkpt>
<trkpt lat="37.5407503" lon="127.2554514">
<ele>36.254</ele>
<time>2026-08-28T23:24:52Z</time>
</trkpt>
<trkpt lat="37.5407539" lon="127.2554661">
<ele>36.332</ele>
<time>2026-08-28T23:24:53Z</time>
</trkpt>
<trkpt lat="37.5407522" lon="127.2554839">
<ele>36.424</ele>
<time>2026-08-28T23:24:54Z</time>
</trkpt>
<trkpt lat="37.5407477" lon="127.2555043">
<ele>36.508</ele>
<time>2026-08-28T23:24:55Z</time>
</trkpt>
<trkpt lat="37.5407438" lon="127.2555254">
<ele>36.575</ele>
<time>2026-08-28T23:24:56Z</time>
</trkpt>
<trkpt lat="37.5407425" lon="127.2555452">
<ele>36.67</ele>
<time>2026-08-28T23:24:57Z</time>
</trkpt>
<trkpt lat="37.5407437" lon="127.255562">
<ele>36.778</ele>
<time>2026-08-28T23:24:58Z</time>
</trkpt>
<trkpt lat="37.5407466" lon="127.2555751">
<ele>36.871</ele>
<time>2026-08-28T23:24:59Z</time>
</trkpt>
<trkpt lat="37.5407507" lon="127.2555847">
<ele>36.898</ele>
<time>2026-08-28T23:25:00Z</time>
</trkpt>
<trkpt lat="37.5407558" lon="127.255592">
<ele>36.992</ele>
<time>2026-08-28T23:25:01Z</time>
</trkpt>
<trkpt lat="37.5407623" lon="127.255599">
<ele>37.117</ele>
<time>2026-08-28T23:25:02Z</time>
</trkpt>
<trkpt lat="37.5407698" lon="127.2556078">
<ele>37.233</ele>
<time>2026-08-28T23:25:03Z</time>
</trkpt>
<trkpt lat="37.5407785" lon="127.2556185">
<ele>37.363</ele>
<time>2026-08-28T23:25:04Z</time>
</trkpt>
<trkpt lat="37.5407876" lon="127.2556298">
<ele>37.479</ele>
<time>2026-08-28T23:25:05Z</time>
</trkpt>
<trkpt lat="37.5407974" lon="127.255642">
<ele>37.68</ele>
<time>2026-08-28T23:25:06Z</time>
</trkpt>
<trkpt lat="37.5408076" lon="127.2556545">
<ele>37.788</ele>
<time>2026-08-28T23:25:07Z</time>
</trkpt>
<trkpt lat="37.540818" lon="127.2556671">
<ele>37.875</ele>
<time>2026-08-28T23:25:08Z</time>
</trkpt>
<trkpt lat="37.540828" lon="127.2556798">
<ele>38.004</ele>
<time>2026-08-28T23:25:09Z</time>
</trkpt>
<trkpt lat="37.5408375" lon="127.2556935">
<ele>38.054</ele>
<time>2026-08-28T23:25:10Z</time>
</trkpt>
<trkpt lat="37.5408467" lon="127.2557078">
<ele>38.175</ele>
<time>2026-08-28T23:25:11Z</time>
</trkpt>
<trkpt lat="37.5408552" lon="127.2557219">
<ele>38.294</ele>
<time>2026-08-28T23:25:12Z</time>
</trkpt>
<trkpt lat="37.5408627" lon="127.2557351">
<ele>38.388</ele>
<time>2026-08-28T23:25:13Z</time>
</trkpt>
<trkpt lat="37.5408696" lon="127.255748">
<ele>38.492</ele>
<time>2026-08-28T23:25:14Z</time>
</trkpt>
<trkpt lat="37.5408763" lon="127.2557607">
<ele>38.604</ele>
<time>2026-08-28T23:25:15Z</time>
</trkpt>
<trkpt lat="37.5408812" lon="127.2557722">
<ele>38.744</ele>
<time>2026-08-28T23:25:16Z</time>
</trkpt>
<trkpt lat="37.5408839" lon="127.2557828">
<ele>38.841</ele>
<time>2026-08-28T23:25:17Z</time>
</trkpt>
<trkpt lat="37.5408838" lon="127.2557929">
<ele>38.942</ele>
<time>2026-08-28T23:25:18Z</time>
</trkpt>
<trkpt lat="37.5408816" lon="127.2558029">
<ele>39.016</ele>
<time>2026-08-28T23:25:19Z</time>
</trkpt>
<trkpt lat="37.5408787" lon="127.2558127">
<ele>39.02</ele>
<time>2026-08-28T23:25:20Z</time>
</trkpt>
<trkpt lat="37.5408759" lon="127.2558216">
<ele>39.029</ele>
<time>2026-08-28T23:25:21Z</time>
</trkpt>
<trkpt lat="37.5408733" lon="127.25583">
<ele>39.072</ele>
<time>2026-08-28T23:25:22Z</time>
</trkpt>
<trkpt lat="37.54087" lon="127.2558395">
<ele>39.026</ele>
<time>2026-08-28T23:25:23Z</time>
</trkpt>
<trkpt lat="37.5408648" lon="127.2558533">
<ele>39.019</ele>
<time>2026-08-28T23:25:24Z</time>
</trkpt>
<trkpt lat="37.5408558" lon="127.255875">
<ele>39.182</ele>
<time>2026-08-28T23:25:54Z</time>
</trkpt>
<trkpt lat="37.5408438" lon="127.2559">
<ele>39.221</ele>
<time>2026-08-28T23:25:55Z</time>
</trkpt>
<trkpt lat="37.5408298" lon="127.2559251">
<ele>39.263</ele>
<time>2026-08-28T23:25:56Z</time>
</trkpt>
<trkpt lat="37.540815" lon="127.2559498">
<ele>39.297</ele>
<time>2026-08-28T23:25:57Z</time>
</trkpt>
<trkpt lat="37.5407988" lon="127.2559742">
<ele>39.381</ele>
<time>2026-08-28T23:25:58Z</time>
</trkpt>
<trkpt lat="37.5407819" lon="127.2559984">
<ele>39.391</ele>
<time>2026-08-28T23:25:59Z</time>
</trkpt>
<trkpt lat="37.5407636" lon="127.2560232">
<ele>39.415</ele>
<time>2026-08-28T23:26:00Z</time>
</trkpt>
<trkpt lat="37.5407441" lon="127.2560495">
<ele>39.421</ele>
<time>2026-08-28T23:26:01Z</time>
</trkpt>
<trkpt lat="37.540724" lon="127.2560771">
<ele>39.428</ele>
<time>2026-08-28T23:26:02Z</time>
</trkpt>
<trkpt lat="37.5407045" lon="127.2561051">
<ele>39.417</ele>
<time>2026-08-28T23:26:03Z</time>
</trkpt>
<trkpt lat="37.5406867" lon="127.2561327">
<ele>39.509</ele>
<time>2026-08-28T23:26:04Z</time>
</trkpt>
<trkpt lat="37.5406705" lon="127.2561595">
<ele>39.472</ele>
<time>2026-08-28T23:26:05Z</time>
</trkpt>
<trkpt lat="37.5406546" lon="127.2561859">
<ele>39.507</ele>
<time>2026-08-28T23:26:06Z</time>
</trkpt>
<trkpt lat="37.5406368" lon="127.2562121">
<ele>39.652</ele>
<time>2026-08-28T23:26:07Z</time>
</trkpt>
<trkpt lat="37.5406164" lon="127.2562385">
<ele>39.702</ele>
<time>2026-08-28T23:26:08Z</time>
</trkpt>
<trkpt lat="37.5405951" lon="127.2562651">
<ele>39.775</ele>
<time>2026-08-28T23:26:09Z</time>
</trkpt>
<trkpt lat="37.5405719" lon="127.2562919">
<ele>39.796</ele>
<time>2026-08-28T23:26:10Z</time>
</trkpt>
<trkpt lat="37.5405473" lon="127.2563192">
<ele>39.733</ele>
<time>2026-08-28T23:26:11Z</time>
</trkpt>
<trkpt lat="37.5405221" lon="127.2563467">
<ele>39.719</ele>
<time>2026-08-28T23:26:12Z</time>
</trkpt>
<trkpt lat="37.5404971" lon="127.2563743">
<ele>39.7</ele>
<time>2026-08-28T23:26:13Z</time>
</trkpt>
<trkpt lat="37.5404729" lon="127.2564018">
<ele>39.692</ele>
<time>2026-08-28T23:26:14Z</time>
</trkpt>
<trkpt lat="37.5404498" lon="127.2564291">
<ele>39.748</ele>
<time>2026-08-28T23:26:15Z</time>
</trkpt>
<trkpt lat="37.5404278" lon="127.2564559">
<ele>39.799</ele>
<time>2026-08-28T23:26:16Z</time>
</trkpt>
<trkpt lat="37.5404068" lon="127.2564815">
<ele>39.815</ele>
<time>2026-08-28T23:26:17Z</time>
</trkpt>
<trkpt lat="37.5403856" lon="127.2565063">
<ele>39.831</ele>
<time>2026-08-28T23:26:18Z</time>
</trkpt>
<trkpt lat="37.5403641" lon="127.2565305">
<ele>39.764</ele>
<time>2026-08-28T23:26:19Z</time>
</trkpt>
<trkpt lat="37.5403423" lon="127.2565543">
<ele>39.663</ele>
<time>2026-08-28T23:26:20Z</time>
</trkpt>
<trkpt lat="37.5403202" lon="127.2565783">
<ele>39.654</ele>
<time>2026-08-28T23:26:21Z</time>
</trkpt>
<trkpt lat="37.5402982" lon="127.2566032">
<ele>39.532</ele>
<time>2026-08-28T23:26:22Z</time>
</trkpt>
<trkpt lat="37.5402764" lon="127.2566278">
<ele>39.54</ele>
<time>2026-08-28T23:26:23Z</time>
</trkpt>
<trkpt lat="37.5402548" lon="127.2566522">
<ele>39.734</ele>
<time>2026-08-28T23:26:24Z</time>
</trkpt>
<trkpt lat="37.5402332" lon="127.2566764">
<ele>39.848</ele>
<time>2026-08-28T23:26:25Z</time>
</trkpt>
<trkpt lat="37.5402114" lon="127.2567006">
<ele>39.867</ele>
<time>2026-08-28T23:26:26Z</time>
</trkpt>
<trkpt lat="37.5401895" lon="127.2567249">
<ele>39.981</ele>
<time>2026-08-28T23:26:27Z</time>
</trkpt>
<trkpt lat="37.5401674" lon="127.2567491">
<ele>40.106</ele>
<time>2026-08-28T23:26:28Z</time>
</trkpt>
<trkpt lat="37.5401452" lon="127.2567734">
<ele>40.314</ele>
<time>2026-08-28T23:26:29Z</time>
</trkpt>
<trkpt lat="37.5401229" lon="127.2567978">
<ele>40.363</ele>
<time>2026-08-28T23:26:30Z</time>
</trkpt>
<trkpt lat="37.5401004" lon="127.2568222">
<ele>40.456</ele>
<time>2026-08-28T23:26:31Z</time>
</trkpt>
<trkpt lat="37.5400779" lon="127.2568467">
<ele>40.606</ele>
<time>2026-08-28T23:26:32Z</time>
</trkpt>
<trkpt lat="37.5400553" lon="127.2568714">
<ele>40.692</ele>
<time>2026-08-28T23:26:33Z</time>
</trkpt>
<trkpt lat="37.5400328" lon="127.2568961">
<ele>40.481</ele>
<time>2026-08-28T23:26:34Z</time>
</trkpt>
<trkpt lat="37.5400102" lon="127.256921">
<ele>40.337</ele>
<time>2026-08-28T23:26:35Z</time>
</trkpt>
<trkpt lat="37.5399877" lon="127.2569459">
<ele>40.431</ele>
<time>2026-08-28T23:26:36Z</time>
</trkpt>
<trkpt lat="37.5399651" lon="127.2569706">
<ele>40.312</ele>
<time>2026-08-28T23:26:37Z</time>
</trkpt>
<trkpt lat="37.5399425" lon="127.2569953">
<ele>40.367</ele>
<time>2026-08-28T23:26:38Z</time>
</trkpt>
<trkpt lat="37.5399198" lon="127.2570198">
<ele>40.801</ele>
<time>2026-08-28T23:26:39Z</time>
</trkpt>
<trkpt lat="37.539897" lon="127.2570443">
<ele>41.117</ele>
<time>2026-08-28T23:26:40Z</time>
</trkpt>
<trkpt lat="37.5398743" lon="127.2570687">
<ele>40.814</ele>
<time>2026-08-28T23:26:41Z</time>
</trkpt>
<trkpt lat="37.5398515" lon="127.257093">
<ele>40.772</ele>
<time>2026-08-28T23:26:42Z</time>
</trkpt>
<trkpt lat="37.5398288" lon="127.2571174">
<ele>40.616</ele>
<time>2026-08-28T23:26:43Z</time>
</trkpt>
<trkpt lat="37.539806" lon="127.2571417">
<ele>40.506</ele>
<time>2026-08-28T23:26:44Z</time>
</trkpt>
<trkpt lat="37.5397833" lon="127.2571661">
<ele>40.415</ele>
<time>2026-08-28T23:26:45Z</time>
</trkpt>
<trkpt lat="37.5397607" lon="127.2571903">
<ele>40.377</ele>
<time>2026-08-28T23:26:46Z</time>
</trkpt>
<trkpt lat="37.5397382" lon="127.2572145">
<ele>40.592</ele>
<time>2026-08-28T23:26:47Z</time>
</trkpt>
<trkpt lat="37.5397158" lon="127.2572386">
<ele>40.396</ele>
<time>2026-08-28T23:26:48Z</time>
</trkpt>
<trkpt lat="37.5396933" lon="127.2572626">
<ele>40.398</ele>
<time>2026-08-28T23:26:49Z</time>
</trkpt>
<trkpt lat="37.5396709" lon="127.2572866">
<ele>40.419</ele>
<time>2026-08-28T23:26:50Z</time>
</trkpt>
<trkpt lat="37.5396484" lon="127.2573106">
<ele>40.363</ele>
<time>2026-08-28T23:26:51Z</time>
</trkpt>
<trkpt lat="37.5396259" lon="127.2573346">
<ele>40.319</ele>
<time>2026-08-28T23:26:52Z</time>
</trkpt>
<trkpt lat="37.5396033" lon="127.2573587">
<ele>40.348</ele>
<time>2026-08-28T23:26:53Z</time>
</trkpt>
<trkpt lat="37.5395806" lon="127.257383">
<ele>40.22</ele>
<time>2026-08-28T23:26:54Z</time>
</trkpt>
<trkpt lat="37.5395579" lon="127.2574074">
<ele>40.097</ele>
<time>2026-08-28T23:26:55Z</time>
</trkpt>
<trkpt lat="37.5395349" lon="127.2574319">
<ele>40.292</ele>
<time>2026-08-28T23:26:56Z</time>
</trkpt>
<trkpt lat="37.5395118" lon="127.2574566">
<ele>40.32</ele>
<time>2026-08-28T23:26:57Z</time>
</trkpt>
<trkpt lat="37.5394886" lon="127.2574816">
<ele>40.273</ele>
<time>2026-08-28T23:26:58Z</time>
</trkpt>
<trkpt lat="37.5394653" lon="127.2575068">
<ele>40.407</ele>
<time>2026-08-28T23:26:59Z</time>
</trkpt>
<trkpt lat="37.539442" lon="127.2575323">
<ele>40.367</ele>
<time>2026-08-28T23:27:00Z</time>
</trkpt>
<trkpt lat="37.5394185" lon="127.2575578">
<ele>40.561</ele>
<time>2026-08-28T23:27:01Z</time>
</trkpt>
<trkpt lat="37.539395" lon="127.2575833">
<ele>40.869</ele>
<time>2026-08-28T23:27:02Z</time>
</trkpt>
<trkpt lat="37.5393714" lon="127.2576088">
<ele>40.961</ele>
<time>2026-08-28T23:27:03Z</time>
</trkpt>
<trkpt lat="37.5393477" lon="127.2576343">
<ele>41.208</ele>
<time>2026-08-28T23:27:04Z</time>
</trkpt>
<trkpt lat="37.539324" lon="127.2576599">
<ele>41.163</ele>
<time>2026-08-28T23:27:05Z</time>
</trkpt>
<trkpt lat="37.5393002" lon="127.2576854">
<ele>41.139</ele>
<time>2026-08-28T23:27:06Z</time>
</trkpt>
<trkpt lat="37.5392764" lon="127.2577111">
<ele>41.081</ele>
<time>2026-08-28T23:27:07Z</time>
</trkpt>
<trkpt lat="37.5392525" lon="127.2577367">
<ele>41.014</ele>
<time>2026-08-28T23:27:08Z</time>
</trkpt>
<trkpt lat="37.5392286" lon="127.2577622">
<ele>40.987</ele>
<time>2026-08-28T23:27:09Z</time>
</trkpt>
<trkpt lat="37.5392049" lon="127.2577877">
<ele>40.984</ele>
<time>2026-08-28T23:27:10Z</time>
</trkpt>
<trkpt lat="37.5391811" lon="127.2578132">
<ele>40.936</ele>
<time>2026-08-28T23:27:11Z</time>
</trkpt>
<trkpt lat="37.5391575" lon="127.2578386">
<ele>40.954</ele>
<time>2026-08-28T23:27:12Z</time>
</trkpt>
<trkpt lat="37.5391339" lon="127.257864">
<ele>40.888</ele>
<time>2026-08-28T23:27:13Z</time>
</trkpt>
<trkpt lat="37.5391103" lon="127.2578892">
<ele>40.948</ele>
<time>2026-08-28T23:27:14Z</time>
</trkpt>
<trkpt lat="37.5390866" lon="127.2579146">
<ele>40.982</ele>
<time>2026-08-28T23:27:15Z</time>
</trkpt>
<trkpt lat="37.5390629" lon="127.25794">
<ele>40.998</ele>
<time>2026-08-28T23:27:16Z</time>
</trkpt>
<trkpt lat="37.5390392" lon="127.2579657">
<ele>40.951</ele>
<time>2026-08-28T23:27:17Z</time>
</trkpt>
<trkpt lat="37.5390156" lon="127.2579917">
<ele>40.984</ele>
<time>2026-08-28T23:27:18Z</time>
</trkpt>
<trkpt lat="37.5389919" lon="127.258018">
<ele>40.911</ele>
<time>2026-08-28T23:27:19Z</time>
</trkpt>
<trkpt lat="37.5389682" lon="127.2580445">
<ele>40.946</ele>
<time>2026-08-28T23:27:20Z</time>
</trkpt>
<trkpt lat="37.5389444" lon="127.2580714">
<ele>40.912</ele>
<time>2026-08-28T23:27:21Z</time>
</trkpt>
<trkpt lat="37.5389205" lon="127.2580988">
<ele>40.924</ele>
<time>2026-08-28T23:27:22Z</time>
</trkpt>
<trkpt lat="37.5388965" lon="127.2581265">
<ele>40.984</ele>
<time>2026-08-28T23:27:23Z</time>
</trkpt>
<trkpt lat="37.5388724" lon="127.2581545">
<ele>41.016</ele>
<time>2026-08-28T23:27:24Z</time>
</trkpt>
<trkpt lat="37.5388483" lon="127.2581828">
<ele>41.031</ele>
<time>2026-08-28T23:27:25Z</time>
</trkpt>
<trkpt lat="37.5388241" lon="127.2582113">
<ele>41.047</ele>
<time>2026-08-28T23:27:26Z</time>
</trkpt>
<trkpt lat="37.5387997" lon="127.2582398">
<ele>41.245</ele>
<time>2026-08-28T23:27:27Z</time>
</trkpt>
<trkpt lat="37.5387751" lon="127.2582683">
<ele>41.227</ele>
<time>2026-08-28T23:27:28Z</time>
</trkpt>
<trkpt lat="37.5387505" lon="127.258297">
<ele>41.271</ele>
<time>2026-08-28T23:27:29Z</time>
</trkpt>
<trkpt lat="37.5387257" lon="127.2583257">
<ele>41.081</ele>
<time>2026-08-28T23:27:30Z</time>
</trkpt>
<trkpt lat="37.5387009" lon="127.2583543">
<ele>41.154</ele>
<time>2026-08-28T23:27:31Z</time>
</trkpt>
<trkpt lat="37.538676" lon="127.2583829">
<ele>41.267</ele>
<time>2026-08-28T23:27:32Z</time>
</trkpt>
<trkpt lat="37.5386511" lon="127.2584115">
<ele>41.214</ele>
<time>2026-08-28T23:27:33Z</time>
</trkpt>
<trkpt lat="37.5386262" lon="127.2584398">
<ele>41.205</ele>
<time>2026-08-28T23:27:34Z</time>
</trkpt>
<trkpt lat="37.5386013" lon="127.2584679">
<ele>41.172</ele>
<time>2026-08-28T23:27:35Z</time>
</trkpt>
<trkpt lat="37.5385763" lon="127.2584959">
<ele>41.095</ele>
<time>2026-08-28T23:27:36Z</time>
</trkpt>
<trkpt lat="37.5385513" lon="127.2585237">
<ele>41.045</ele>
<time>2026-08-28T23:27:37Z</time>
</trkpt>
<trkpt lat="37.5385262" lon="127.2585515">
<ele>40.891</ele>
<time>2026-08-28T23:27:38Z</time>
</trkpt>
<trkpt lat="37.538501" lon="127.2585792">
<ele>40.883</ele>
<time>2026-08-28T23:27:39Z</time>
</trkpt>
<trkpt lat="37.5384758" lon="127.258607">
<ele>40.897</ele>
<time>2026-08-28T23:27:40Z</time>
</trkpt>
<trkpt lat="37.5384504" lon="127.2586348">
<ele>40.99</ele>
<time>2026-08-28T23:27:41Z</time>
</trkpt>
<trkpt lat="37.5384249" lon="127.2586627">
<ele>41.077</ele>
<time>2026-08-28T23:27:42Z</time>
</trkpt>
<trkpt lat="37.5383995" lon="127.2586907">
<ele>40.953</ele>
<time>2026-08-28T23:27:43Z</time>
</trkpt>
<trkpt lat="37.5383739" lon="127.2587188">
<ele>41.018</ele>
<time>2026-08-28T23:27:44Z</time>
</trkpt>
<trkpt lat="37.5383482" lon="127.2587471">
<ele>41.053</ele>
<time>2026-08-28T23:27:45Z</time>
</trkpt>
<trkpt lat="37.5383225" lon="127.2587758">
<ele>41.05</ele>
<time>2026-08-28T23:27:46Z</time>
</trkpt>
<trkpt lat="37.5382967" lon="127.2588045">
<ele>41.086</ele>
<time>2026-08-28T23:27:47Z</time>
</trkpt>
<trkpt lat="37.5382709" lon="127.2588335">
<ele>40.938</ele>
<time>2026-08-28T23:27:48Z</time>
</trkpt>
<trkpt lat="37.5382449" lon="127.2588627">
<ele>41.215</ele>
<time>2026-08-28T23:27:49Z</time>
</trkpt>
<trkpt lat="37.5382188" lon="127.258892">
<ele>41.206</ele>
<time>2026-08-28T23:27:50Z</time>
</trkpt>
<trkpt lat="37.5381926" lon="127.2589213">
<ele>41.142</ele>
<time>2026-08-28T23:27:51Z</time>
</trkpt>
<trkpt lat="37.5381662" lon="127.2589507">
<ele>41.161</ele>
<time>2026-08-28T23:27:52Z</time>
</trkpt>
<trkpt lat="37.5381397" lon="127.2589801">
<ele>41.279</ele>
<time>2026-08-28T23:27:53Z</time>
</trkpt>
<trkpt lat="37.538113" lon="127.2590097">
<ele>41.468</ele>
<time>2026-08-28T23:27:54Z</time>
</trkpt>
<trkpt lat="37.5380862" lon="127.2590394">
<ele>41.409</ele>
<time>2026-08-28T23:27:55Z</time>
</trkpt>
<trkpt lat="37.5380594" lon="127.2590692">
<ele>41.267</ele>
<time>2026-08-28T23:27:56Z</time>
</trkpt>
<trkpt lat="37.5380327" lon="127.2590991">
<ele>41.125</ele>
<time>2026-08-28T23:27:57Z</time>
</trkpt>
<trkpt lat="37.538006" lon="127.2591289">
<ele>41.015</ele>
<time>2026-08-28T23:27:58Z</time>
</trkpt>
<trkpt lat="37.5379795" lon="127.2591589">
<ele>41.153</ele>
<time>2026-08-28T23:27:59Z</time>
</trkpt>
<trkpt lat="37.537953" lon="127.259189">
<ele>41.125</ele>
<time>2026-08-28T23:28:00Z</time>
</trkpt>
<trkpt lat="37.5379268" lon="127.2592192">
<ele>41.117</ele>
<time>2026-08-28T23:28:01Z</time>
</trkpt>
<trkpt lat="37.5379007" lon="127.2592496">
<ele>41.232</ele>
<time>2026-08-28T23:28:02Z</time>
</trkpt>
<trkpt lat="37.5378747" lon="127.2592801">
<ele>41.333</ele>
<time>2026-08-28T23:28:03Z</time>
</trkpt>
<trkpt lat="37.5378487" lon="127.2593108">
<ele>41.422</ele>
<time>2026-08-28T23:28:04Z</time>
</trkpt>
<trkpt lat="37.5378229" lon="127.2593414">
<ele>41.479</ele>
<time>2026-08-28T23:28:05Z</time>
</trkpt>
<trkpt lat="37.5377973" lon="127.2593721">
<ele>41.531</ele>
<time>2026-08-28T23:28:06Z</time>
</trkpt>
<trkpt lat="37.5377717" lon="127.2594027">
<ele>41.5</ele>
<time>2026-08-28T23:28:07Z</time>
</trkpt>
<trkpt lat="37.5377463" lon="127.2594333">
<ele>41.421</ele>
<time>2026-08-28T23:28:08Z</time>
</trkpt>
<trkpt lat="37.5377209" lon="127.2594639">
<ele>41.418</ele>
<time>2026-08-28T23:28:09Z</time>
</trkpt>
<trkpt lat="37.5376958" lon="127.2594943">
<ele>41.436</ele>
<time>2026-08-28T23:28:10Z</time>
</trkpt>
<trkpt lat="37.5376707" lon="127.2595246">
<ele>41.398</ele>
<time>2026-08-28T23:28:11Z</time>
</trkpt>
<trkpt lat="37.5376455" lon="127.2595547">
<ele>41.357</ele>
<time>2026-08-28T23:28:12Z</time>
</trkpt>
<trkpt lat="37.5376203" lon="127.2595847">
<ele>41.382</ele>
<time>2026-08-28T23:28:13Z</time>
</trkpt>
<trkpt lat="37.5375952" lon="127.2596145">
<ele>41.419</ele>
<time>2026-08-28T23:28:14Z</time>
</trkpt>
<trkpt lat="37.5375701" lon="127.2596444">
<ele>41.448</ele>
<time>2026-08-28T23:28:15Z</time>
</trkpt>
<trkpt lat="37.5375453" lon="127.2596749">
<ele>41.4</ele>
<time>2026-08-28T23:28:16Z</time>
</trkpt>
<trkpt lat="37.5375203" lon="127.2597048">
<ele>41.449</ele>
<time>2026-08-28T23:28:17Z</time>
</trkpt>
<trkpt lat="37.537495" lon="127.2597337">
<ele>41.451</ele>
<time>2026-08-28T23:28:18Z</time>
</trkpt>
<trkpt lat="37.5374695" lon="127.2597619">
<ele>41.278</ele>
<time>2026-08-28T23:28:19Z</time>
</trkpt>
<trkpt lat="37.537444" lon="127.2597898">
<ele>41.136</ele>
<time>2026-08-28T23:28:20Z</time>
</trkpt>
<trkpt lat="37.5374183" lon="127.2598183">
<ele>41.167</ele>
<time>2026-08-28T23:28:21Z</time>
</trkpt>
<trkpt lat="37.5373928" lon="127.2598474">
<ele>41.255</ele>
<time>2026-08-28T23:28:22Z</time>
</trkpt>
<trkpt lat="37.5373677" lon="127.2598774">
<ele>41.255</ele>
<time>2026-08-28T23:28:23Z</time>
</trkpt>
<trkpt lat="37.5373432" lon="127.2599084">
<ele>41.428</ele>
<time>2026-08-28T23:28:24Z</time>
</trkpt>
<trkpt lat="37.5373193" lon="127.2599403">
<ele>41.339</ele>
<time>2026-08-28T23:28:25Z</time>
</trkpt>
<trkpt lat="37.5372962" lon="127.259973">
<ele>41.413</ele>
<time>2026-08-28T23:28:26Z</time>
</trkpt>
<trkpt lat="37.5372735" lon="127.2600063">
<ele>41.349</ele>
<time>2026-08-28T23:28:27Z</time>
</trkpt>
<trkpt lat="37.5372511" lon="127.26004">
<ele>41.333</ele>
<time>2026-08-28T23:28:28Z</time>
</trkpt>
<trkpt lat="37.5372286" lon="127.2600739">
<ele>41.395</ele>
<time>2026-08-28T23:28:29Z</time>
</trkpt>
<trkpt lat="37.5372059" lon="127.2601079">
<ele>41.436</ele>
<time>2026-08-28T23:28:30Z</time>
</trkpt>
<trkpt lat="37.5371828" lon="127.260142">
<ele>41.481</ele>
<time>2026-08-28T23:28:31Z</time>
</trkpt>
<trkpt lat="37.5371594" lon="127.2601762">
<ele>41.493</ele>
<time>2026-08-28T23:28:32Z</time>
</trkpt>
<trkpt lat="37.5371359" lon="127.2602107">
<ele>41.584</ele>
<time>2026-08-28T23:28:33Z</time>
</trkpt>
<trkpt lat="37.5371124" lon="127.2602456">
<ele>41.499</ele>
<time>2026-08-28T23:28:34Z</time>
</trkpt>
<trkpt lat="37.5370893" lon="127.2602812">
<ele>41.433</ele>
<time>2026-08-28T23:28:35Z</time>
</trkpt>
<trkpt lat="37.5370662" lon="127.2603177">
<ele>41.443</ele>
<time>2026-08-28T23:28:36Z</time>
</trkpt>
<trkpt lat="37.5370428" lon="127.2603547">
<ele>41.474</ele>
<time>2026-08-28T23:28:37Z</time>
</trkpt>
<trkpt lat="37.5370191" lon="127.2603916">
<ele>41.436</ele>
<time>2026-08-28T23:28:38Z</time>
</trkpt>
<trkpt lat="37.5369955" lon="127.2604281">
<ele>41.476</ele>
<time>2026-08-28T23:28:39Z</time>
</trkpt>
<trkpt lat="37.5369721" lon="127.2604642">
<ele>41.418</ele>
<time>2026-08-28T23:28:40Z</time>
</trkpt>
<trkpt lat="37.5369488" lon="127.2605002">
<ele>41.399</ele>
<time>2026-08-28T23:28:41Z</time>
</trkpt>
<trkpt lat="37.5369257" lon="127.2605363">
<ele>41.309</ele>
<time>2026-08-28T23:28:42Z</time>
</trkpt>
<trkpt lat="37.5369028" lon="127.2605725">
<ele>41.388</ele>
<time>2026-08-28T23:28:43Z</time>
</trkpt>
<trkpt lat="37.5368801" lon="127.2606089">
<ele>41.425</ele>
<time>2026-08-28T23:28:44Z</time>
</trkpt>
<trkpt lat="37.5368576" lon="127.2606453">
<ele>41.448</ele>
<time>2026-08-28T23:28:45Z</time>
</trkpt>
<trkpt lat="37.5368353" lon="127.2606816">
<ele>41.483</ele>
<time>2026-08-28T23:28:46Z</time>
</trkpt>
<trkpt lat="37.536813" lon="127.2607178">
<ele>41.476</ele>
<time>2026-08-28T23:28:47Z</time>
</trkpt>
<trkpt lat="37.5367908" lon="127.260754">
<ele>41.521</ele>
<time>2026-08-28T23:28:48Z</time>
</trkpt>
<trkpt lat="37.5367688" lon="127.26079">
<ele>41.643</ele>
<time>2026-08-28T23:28:49Z</time>
</trkpt>
<trkpt lat="37.5367471" lon="127.2608259">
<ele>41.723</ele>
<time>2026-08-28T23:28:50Z</time>
</trkpt>
<trkpt lat="37.5367254" lon="127.2608616">
<ele>41.522</ele>
<time>2026-08-28T23:28:51Z</time>
</trkpt>
<trkpt lat="37.536704" lon="127.2608973">
<ele>41.557</ele>
<time>2026-08-28T23:28:52Z</time>
</trkpt>
<trkpt lat="37.5366827" lon="127.2609328">
<ele>41.541</ele>
<time>2026-08-28T23:28:53Z</time>
</trkpt>
<trkpt lat="37.5366615" lon="127.2609682">
<ele>41.385</ele>
<time>2026-08-28T23:28:54Z</time>
</trkpt>
<trkpt lat="37.5366404" lon="127.2610035">
<ele>41.4</ele>
<time>2026-08-28T23:28:55Z</time>
</trkpt>
<trkpt lat="37.5366193" lon="127.2610388">
<ele>41.438</ele>
<time>2026-08-28T23:28:56Z</time>
</trkpt>
<trkpt lat="37.5365983" lon="127.2610742">
<ele>41.41</ele>
<time>2026-08-28T23:28:57Z</time>
</trkpt>
<trkpt lat="37.5365772" lon="127.2611097">
<ele>41.503</ele>
<time>2026-08-28T23:28:58Z</time>
</trkpt>
<trkpt lat="37.5365561" lon="127.2611451">
<ele>41.643</ele>
<time>2026-08-28T23:28:59Z</time>
</trkpt>
<trkpt lat="37.5365349" lon="127.2611804">
<ele>41.338</ele>
<time>2026-08-28T23:29:00Z</time>
</trkpt>
<trkpt lat="37.5365136" lon="127.2612158">
<ele>41.374</ele>
<time>2026-08-28T23:29:01Z</time>
</trkpt>
<trkpt lat="37.5364922" lon="127.2612512">
<ele>41.345</ele>
<time>2026-08-28T23:29:02Z</time>
</trkpt>
<trkpt lat="37.5364705" lon="127.2612865">
<ele>41.37</ele>
<time>2026-08-28T23:29:03Z</time>
</trkpt>
<trkpt lat="37.5364487" lon="127.2613219">
<ele>41.415</ele>
<time>2026-08-28T23:29:04Z</time>
</trkpt>
<trkpt lat="37.5364268" lon="127.2613571">
<ele>41.472</ele>
<time>2026-08-28T23:29:05Z</time>
</trkpt>
<trkpt lat="37.5364049" lon="127.2613924">
<ele>41.494</ele>
<time>2026-08-28T23:29:06Z</time>
</trkpt>
<trkpt lat="37.5363836" lon="127.2614275">
<ele>41.366</ele>
<time>2026-08-28T23:29:07Z</time>
</trkpt>
<trkpt lat="37.536362" lon="127.2614632">
<ele>41.251</ele>
<time>2026-08-28T23:29:08Z</time>
</trkpt>
<trkpt lat="37.5363401" lon="127.2614994">
<ele>41.192</ele>
<time>2026-08-28T23:29:09Z</time>
</trkpt>
<trkpt lat="37.5363175" lon="127.2615358">
<ele>41.184</ele>
<time>2026-08-28T23:29:10Z</time>
</trkpt>
<trkpt lat="37.5362944" lon="127.2615719">
<ele>40.933</ele>
<time>2026-08-28T23:29:11Z</time>
</trkpt>
<trkpt lat="37.5362715" lon="127.2616073">
<ele>40.622</ele>
<time>2026-08-28T23:29:12Z</time>
</trkpt>
<trkpt lat="37.5362492" lon="127.2616423">
<ele>40.655</ele>
<time>2026-08-28T23:29:13Z</time>
</trkpt>
<trkpt lat="37.5362275" lon="127.2616769">
<ele>40.973</ele>
<time>2026-08-28T23:29:14Z</time>
</trkpt>
<trkpt lat="37.5362067" lon="127.2617113">
<ele>40.801</ele>
<time>2026-08-28T23:29:15Z</time>
</trkpt>
<trkpt lat="37.5361866" lon="127.2617455">
<ele>40.552</ele>
<time>2026-08-28T23:29:16Z</time>
</trkpt>
<trkpt lat="37.536167" lon="127.2617799">
<ele>40.626</ele>
<time>2026-08-28T23:29:17Z</time>
</trkpt>
<trkpt lat="37.5361479" lon="127.2618145">
<ele>40.704</ele>
<time>2026-08-28T23:29:18Z</time>
</trkpt>
<trkpt lat="37.5361289" lon="127.2618497">
<ele>40.785</ele>
<time>2026-08-28T23:29:19Z</time>
</trkpt>
<trkpt lat="37.5361099" lon="127.2618857">
<ele>40.855</ele>
<time>2026-08-28T23:29:20Z</time>
</trkpt>
<trkpt lat="37.5360908" lon="127.2619226">
<ele>40.927</ele>
<time>2026-08-28T23:29:21Z</time>
</trkpt>
<trkpt lat="37.5360715" lon="127.2619606">
<ele>40.935</ele>
<time>2026-08-28T23:29:22Z</time>
</trkpt>
<trkpt lat="37.536052" lon="127.2619996">
<ele>40.844</ele>
<time>2026-08-28T23:29:23Z</time>
</trkpt>
<trkpt lat="37.5360322" lon="127.2620394">
<ele>40.694</ele>
<time>2026-08-28T23:29:24Z</time>
</trkpt>
<trkpt lat="37.536012" lon="127.2620799">
<ele>40.807</ele>
<time>2026-08-28T23:29:25Z</time>
</trkpt>
<trkpt lat="37.5359913" lon="127.262121">
<ele>40.766</ele>
<time>2026-08-28T23:29:26Z</time>
</trkpt>
<trkpt lat="37.53597" lon="127.262163">
<ele>40.809</ele>
<time>2026-08-28T23:29:27Z</time>
</trkpt>
<trkpt lat="37.5359482" lon="127.2622063">
<ele>40.917</ele>
<time>2026-08-28T23:29:28Z</time>
</trkpt>
<trkpt lat="37.5359255" lon="127.2622515">
<ele>41.005</ele>
<time>2026-08-28T23:29:29Z</time>
</trkpt>
<trkpt lat="37.5359015" lon="127.2622991">
<ele>40.874</ele>
<time>2026-08-28T23:29:30Z</time>
</trkpt>
<trkpt lat="37.5358768" lon="127.2623484">
<ele>40.899</ele>
<time>2026-08-28T23:29:31Z</time>
</trkpt>
<trkpt lat="37.5358535" lon="127.2623952">
<ele>40.927</ele>
<time>2026-08-28T23:29:32Z</time>
</trkpt>
<trkpt lat="37.53583" lon="127.2624426">
<ele>40.951</ele>
<time>2026-08-28T23:29:33Z</time>
</trkpt>
<trkpt lat="37.5358062" lon="127.2624905">
<ele>41.007</ele>
<time>2026-08-28T23:29:34Z</time>
</trkpt>
<trkpt lat="37.5357824" lon="127.2625387">
<ele>40.852</ele>
<time>2026-08-28T23:29:35Z</time>
</trkpt>
<trkpt lat="37.5357586" lon="127.2625871">
<ele>40.639</ele>
<time>2026-08-28T23:29:36Z</time>
</trkpt>
<trkpt lat="37.5357348" lon="127.2626356">
<ele>40.601</ele>
<time>2026-08-28T23:29:37Z</time>
</trkpt>
<trkpt lat="37.5357112" lon="127.2626841">
<ele>40.413</ele>
<time>2026-08-28T23:29:38Z</time>
</trkpt>
<trkpt lat="37.5356879" lon="127.2627324">
<ele>40.418</ele>
<time>2026-08-28T23:29:39Z</time>
</trkpt>
<trkpt lat="37.5356648" lon="127.2627803">
<ele>40.362</ele>
<time>2026-08-28T23:29:40Z</time>
</trkpt>
<trkpt lat="37.5356421" lon="127.2628278">
<ele>40.328</ele>
<time>2026-08-28T23:29:41Z</time>
</trkpt>
<trkpt lat="37.5356196" lon="127.2628749">
<ele>40.301</ele>
<time>2026-08-28T23:29:42Z</time>
</trkpt>
<trkpt lat="37.5355975" lon="127.2629213">
<ele>40.294</ele>
<time>2026-08-28T23:29:43Z</time>
</trkpt>
<trkpt lat="37.5355758" lon="127.2629671">
<ele>40.277</ele>
<time>2026-08-28T23:29:44Z</time>
</trkpt>
<trkpt lat="37.5355547" lon="127.2630122">
<ele>40.364</ele>
<time>2026-08-28T23:29:45Z</time>
</trkpt>
<trkpt lat="37.5355344" lon="127.2630565">
<ele>40.534</ele>
<time>2026-08-28T23:29:46Z</time>
</trkpt>
<trkpt lat="37.5355148" lon="127.2631002">
<ele>40.508</ele>
<time>2026-08-28T23:29:47Z</time>
</trkpt>
<trkpt lat="37.5354947" lon="127.263144">
<ele>40.293</ele>
<time>2026-08-28T23:29:48Z</time>
</trkpt>
<trkpt lat="37.5354752" lon="127.2631863">
<ele>40.236</ele>
<time>2026-08-28T23:29:49Z</time>
</trkpt>
<trkpt lat="37.5354562" lon="127.2632275">
<ele>40.134</ele>
<time>2026-08-28T23:29:50Z</time>
</trkpt>
<trkpt lat="37.5354374" lon="127.2632683">
<ele>40.215</ele>
<time>2026-08-28T23:29:51Z</time>
</trkpt>
<trkpt lat="37.5354191" lon="127.2633091">
<ele>40.164</ele>
<time>2026-08-28T23:29:52Z</time>
</trkpt>
<trkpt lat="37.5354019" lon="127.2633506">
<ele>39.989</ele>
<time>2026-08-28T23:29:53Z</time>
</trkpt>
<trkpt lat="37.5353853" lon="127.2633925">
<ele>40.059</ele>
<time>2026-08-28T23:29:54Z</time>
</trkpt>
<trkpt lat="37.5353691" lon="127.2634346">
<ele>40.032</ele>
<time>2026-08-28T23:29:55Z</time>
</trkpt>
<trkpt lat="37.5353529" lon="127.2634766">
<ele>40.037</ele>
<time>2026-08-28T23:29:56Z</time>
</trkpt>
<trkpt lat="37.5353363" lon="127.2635184">
<ele>39.964</ele>
<time>2026-08-28T23:29:57Z</time>
</trkpt>
<trkpt lat="37.535319" lon="127.2635596">
<ele>40.025</ele>
<time>2026-08-28T23:29:58Z</time>
</trkpt>
<trkpt lat="37.5353005" lon="127.2636001">
<ele>39.977</ele>
<time>2026-08-28T23:29:59Z</time>
</trkpt>
<trkpt lat="37.5352809" lon="127.2636398">
<ele>39.828</ele>
<time>2026-08-28T23:30:00Z</time>
</trkpt>
<trkpt lat="37.5352602" lon="127.2636787">
<ele>39.755</ele>
<time>2026-08-28T23:30:01Z</time>
</trkpt>
<trkpt lat="37.5352388" lon="127.2637167">
<ele>39.732</ele>
<time>2026-08-28T23:30:02Z</time>
</trkpt>
<trkpt lat="37.535217" lon="127.2637541">
<ele>39.635</ele>
<time>2026-08-28T23:30:03Z</time>
</trkpt>
<trkpt lat="37.5351951" lon="127.2637911">
<ele>39.657</ele>
<time>2026-08-28T23:30:04Z</time>
</trkpt>
<trkpt lat="37.5351736" lon="127.2638281">
<ele>39.5</ele>
<time>2026-08-28T23:30:05Z</time>
</trkpt>
<trkpt lat="37.5351526" lon="127.2638656">
<ele>39.595</ele>
<time>2026-08-28T23:30:06Z</time>
</trkpt>
<trkpt lat="37.5351322" lon="127.2639037">
<ele>39.646</ele>
<time>2026-08-28T23:30:07Z</time>
</trkpt>
<trkpt lat="37.5351124" lon="127.2639432">
<ele>39.49</ele>
<time>2026-08-28T23:30:08Z</time>
</trkpt>
<trkpt lat="37.5350925" lon="127.2639829">
<ele>39.331</ele>
<time>2026-08-28T23:30:09Z</time>
</trkpt>
<trkpt lat="37.5350727" lon="127.2640223">
<ele>39.394</ele>
<time>2026-08-28T23:30:10Z</time>
</trkpt>
<trkpt lat="37.535053" lon="127.264061">
<ele>39.407</ele>
<time>2026-08-28T23:30:11Z</time>
</trkpt>
<trkpt lat="37.5350334" lon="127.2640989">
<ele>39.284</ele>
<time>2026-08-28T23:30:12Z</time>
</trkpt>
<trkpt lat="37.5350134" lon="127.2641368">
<ele>39.308</ele>
<time>2026-08-28T23:30:13Z</time>
</trkpt>
<trkpt lat="37.5349937" lon="127.2641746">
<ele>39.378</ele>
<time>2026-08-28T23:30:14Z</time>
</trkpt>
<trkpt lat="37.534974" lon="127.2642123">
<ele>39.64</ele>
<time>2026-08-28T23:30:15Z</time>
</trkpt>
<trkpt lat="37.5349543" lon="127.2642499">
<ele>40.028</ele>
<time>2026-08-28T23:30:16Z</time>
</trkpt>
<trkpt lat="37.5349347" lon="127.2642873">
<ele>39.778</ele>
<time>2026-08-28T23:30:17Z</time>
</trkpt>
<trkpt lat="37.534915" lon="127.2643245">
<ele>39.568</ele>
<time>2026-08-28T23:30:18Z</time>
</trkpt>
<trkpt lat="37.5348951" lon="127.2643614">
<ele>39.454</ele>
<time>2026-08-28T23:30:19Z</time>
</trkpt>
<trkpt lat="37.5348749" lon="127.264398">
<ele>39.469</ele>
<time>2026-08-28T23:30:20Z</time>
</trkpt>
<trkpt lat="37.5348545" lon="127.2644343">
<ele>39.392</ele>
<time>2026-08-28T23:30:21Z</time>
</trkpt>
<trkpt lat="37.5348339" lon="127.2644707">
<ele>39.184</ele>
<time>2026-08-28T23:30:22Z</time>
</trkpt>
<trkpt lat="37.5348132" lon="127.2645072">
<ele>39.138</ele>
<time>2026-08-28T23:30:23Z</time>
</trkpt>
<trkpt lat="37.5347921" lon="127.2645443">
<ele>39.071</ele>
<time>2026-08-28T23:30:24Z</time>
</trkpt>
<trkpt lat="37.5347706" lon="127.2645819">
<ele>38.947</ele>
<time>2026-08-28T23:30:25Z</time>
</trkpt>
<trkpt lat="37.5347485" lon="127.2646202">
<ele>38.873</ele>
<time>2026-08-28T23:30:26Z</time>
</trkpt>
<trkpt lat="37.5347258" lon="127.2646593">
<ele>38.918</ele>
<time>2026-08-28T23:30:27Z</time>
</trkpt>
<trkpt lat="37.5347023" lon="127.2646991">
<ele>38.944</ele>
<time>2026-08-28T23:30:28Z</time>
</trkpt>
<trkpt lat="37.5346782" lon="127.2647397">
<ele>38.833</ele>
<time>2026-08-28T23:30:29Z</time>
</trkpt>
<trkpt lat="37.5346535" lon="127.2647811">
<ele>38.749</ele>
<time>2026-08-28T23:30:30Z</time>
</trkpt>
<trkpt lat="37.5346283" lon="127.2648233">
<ele>38.717</ele>
<time>2026-08-28T23:30:31Z</time>
</trkpt>
<trkpt lat="37.5346026" lon="127.2648664">
<ele>38.737</ele>
<time>2026-08-28T23:30:32Z</time>
</trkpt>
<trkpt lat="37.5345764" lon="127.2649102">
<ele>38.945</ele>
<time>2026-08-28T23:30:33Z</time>
</trkpt>
<trkpt lat="37.5345497" lon="127.2649547">
<ele>39.023</ele>
<time>2026-08-28T23:30:34Z</time>
</trkpt>
<trkpt lat="37.5345228" lon="127.2649997">
<ele>39.104</ele>
<time>2026-08-28T23:30:35Z</time>
</trkpt>
<trkpt lat="37.5344957" lon="127.2650452">
<ele>39.098</ele>
<time>2026-08-28T23:30:36Z</time>
</trkpt>
<trkpt lat="37.5344685" lon="127.265091">
<ele>39.106</ele>
<time>2026-08-28T23:30:37Z</time>
</trkpt>
<trkpt lat="37.5344413" lon="127.2651371">
<ele>39.115</ele>
<time>2026-08-28T23:30:38Z</time>
</trkpt>
<trkpt lat="37.5344141" lon="127.2651833">
<ele>39.028</ele>
<time>2026-08-28T23:30:39Z</time>
</trkpt>
<trkpt lat="37.5343871" lon="127.2652296">
<ele>39.005</ele>
<time>2026-08-28T23:30:40Z</time>
</trkpt>
<trkpt lat="37.5343606" lon="127.265276">
<ele>38.904</ele>
<time>2026-08-28T23:30:41Z</time>
</trkpt>
<trkpt lat="37.5343343" lon="127.2653223">
<ele>38.869</ele>
<time>2026-08-28T23:30:42Z</time>
</trkpt>
<trkpt lat="37.5343085" lon="127.2653684">
<ele>38.853</ele>
<time>2026-08-28T23:30:43Z</time>
</trkpt>
<trkpt lat="37.534283" lon="127.2654141">
<ele>38.872</ele>
<time>2026-08-28T23:30:44Z</time>
</trkpt>
<trkpt lat="37.5342562" lon="127.2654599">
<ele>38.87</ele>
<time>2026-08-28T23:30:45Z</time>
</trkpt>
<trkpt lat="37.5342306" lon="127.2655049">
<ele>38.858</ele>
<time>2026-08-28T23:30:46Z</time>
</trkpt>
<trkpt lat="37.5342064" lon="127.2655492">
<ele>38.821</ele>
<time>2026-08-28T23:30:47Z</time>
</trkpt>
<trkpt lat="37.5341833" lon="127.2655932">
<ele>38.888</ele>
<time>2026-08-28T23:30:48Z</time>
</trkpt>
<trkpt lat="37.5341609" lon="127.2656372">
<ele>38.776</ele>
<time>2026-08-28T23:30:49Z</time>
</trkpt>
<trkpt lat="37.534139" lon="127.2656816">
<ele>38.694</ele>
<time>2026-08-28T23:30:50Z</time>
</trkpt>
<trkpt lat="37.5341172" lon="127.2657263">
<ele>38.61</ele>
<time>2026-08-28T23:30:51Z</time>
</trkpt>
<trkpt lat="37.5340957" lon="127.2657715">
<ele>38.642</ele>
<time>2026-08-28T23:30:52Z</time>
</trkpt>
<trkpt lat="37.5340743" lon="127.2658171">
<ele>38.611</ele>
<time>2026-08-28T23:30:53Z</time>
</trkpt>
<trkpt lat="37.5340531" lon="127.2658632">
<ele>38.56</ele>
<time>2026-08-28T23:30:54Z</time>
</trkpt>
<trkpt lat="37.5340324" lon="127.2659097">
<ele>38.582</ele>
<time>2026-08-28T23:30:55Z</time>
</trkpt>
<trkpt lat="37.534012" lon="127.2659565">
<ele>38.482</ele>
<time>2026-08-28T23:30:56Z</time>
</trkpt>
<trkpt lat="37.5339922" lon="127.2660035">
<ele>38.229</ele>
<time>2026-08-28T23:30:57Z</time>
</trkpt>
<trkpt lat="37.5339727" lon="127.2660505">
<ele>37.97</ele>
<time>2026-08-28T23:30:58Z</time>
</trkpt>
<trkpt lat="37.5339537" lon="127.2660974">
<ele>37.929</ele>
<time>2026-08-28T23:30:59Z</time>
</trkpt>
<trkpt lat="37.5339351" lon="127.2661442">
<ele>38.061</ele>
<time>2026-08-28T23:31:00Z</time>
</trkpt>
<trkpt lat="37.5339169" lon="127.2661911">
<ele>38.08</ele>
<time>2026-08-28T23:31:01Z</time>
</trkpt>
<trkpt lat="37.5338989" lon="127.266238">
<ele>37.882</ele>
<time>2026-08-28T23:31:02Z</time>
</trkpt>
<trkpt lat="37.5338813" lon="127.266285">
<ele>37.921</ele>
<time>2026-08-28T23:31:03Z</time>
</trkpt>
<trkpt lat="37.533864" lon="127.2663322">
<ele>37.906</ele>
<time>2026-08-28T23:31:04Z</time>
</trkpt>
<trkpt lat="37.5338472" lon="127.2663799">
<ele>37.951</ele>
<time>2026-08-28T23:31:05Z</time>
</trkpt>
<trkpt lat="37.5338309" lon="127.2664283">
<ele>37.923</ele>
<time>2026-08-28T23:31:06Z</time>
</trkpt>
<trkpt lat="37.5338152" lon="127.2664772">
<ele>38.0</ele>
<time>2026-08-28T23:31:07Z</time>
</trkpt>
<trkpt lat="37.5338001" lon="127.2665266">
<ele>37.973</ele>
<time>2026-08-28T23:31:08Z</time>
</trkpt>
<trkpt lat="37.5337854" lon="127.2665763">
<ele>37.931</ele>
<time>2026-08-28T23:31:09Z</time>
</trkpt>
<trkpt lat="37.53377" lon="127.2666253">
<ele>37.884</ele>
<time>2026-08-28T23:31:10Z</time>
</trkpt>
<trkpt lat="37.5337549" lon="127.2666746">
<ele>37.839</ele>
<time>2026-08-28T23:31:11Z</time>
</trkpt>
<trkpt lat="37.5337399" lon="127.266724">
<ele>37.813</ele>
<time>2026-08-28T23:31:12Z</time>
</trkpt>
<trkpt lat="37.5337252" lon="127.2667736">
<ele>37.753</ele>
<time>2026-08-28T23:31:13Z</time>
</trkpt>
<trkpt lat="37.5337107" lon="127.2668233">
<ele>37.762</ele>
<time>2026-08-28T23:31:14Z</time>
</trkpt>
<trkpt lat="37.5336963" lon="127.2668732">
<ele>37.717</ele>
<time>2026-08-28T23:31:15Z</time>
</trkpt>
<trkpt lat="37.5336822" lon="127.2669233">
<ele>37.684</ele>
<time>2026-08-28T23:31:16Z</time>
</trkpt>
<trkpt lat="37.5336682" lon="127.2669735">
<ele>37.621</ele>
<time>2026-08-28T23:31:17Z</time>
</trkpt>
<trkpt lat="37.5336543" lon="127.2670236">
<ele>37.768</ele>
<time>2026-08-28T23:31:18Z</time>
</trkpt>
<trkpt lat="37.5336406" lon="127.2670738">
<ele>37.762</ele>
<time>2026-08-28T23:31:19Z</time>
</trkpt>
<trkpt lat="37.5336269" lon="127.267124">
<ele>37.745</ele>
<time>2026-08-28T23:31:20Z</time>
</trkpt>
<trkpt lat="37.5336133" lon="127.2671741">
<ele>37.767</ele>
<time>2026-08-28T23:31:21Z</time>
</trkpt>
<trkpt lat="37.5335998" lon="127.2672242">
<ele>37.803</ele>
<time>2026-08-28T23:31:22Z</time>
</trkpt>
<trkpt lat="37.5335864" lon="127.2672743">
<ele>37.839</ele>
<time>2026-08-28T23:31:23Z</time>
</trkpt>
<trkpt lat="37.5335729" lon="127.2673243">
<ele>37.908</ele>
<time>2026-08-28T23:31:24Z</time>
</trkpt>
<trkpt lat="37.5335595" lon="127.2673742">
<ele>37.849</ele>
<time>2026-08-28T23:31:25Z</time>
</trkpt>
<trkpt lat="37.5335461" lon="127.267424">
<ele>37.774</ele>
<time>2026-08-28T23:31:26Z</time>
</trkpt>
<trkpt lat="37.5335327" lon="127.2674736">
<ele>37.67</ele>
<time>2026-08-28T23:31:27Z</time>
</trkpt>
<trkpt lat="37.5335194" lon="127.267523">
<ele>37.638</ele>
<time>2026-08-28T23:31:28Z</time>
</trkpt>
<trkpt lat="37.5335061" lon="127.2675722">
<ele>37.621</ele>
<time>2026-08-28T23:31:29Z</time>
</trkpt>
<trkpt lat="37.5334928" lon="127.2676213">
<ele>37.621</ele>
<time>2026-08-28T23:31:30Z</time>
</trkpt>
<trkpt lat="37.5334795" lon="127.2676703">
<ele>37.648</ele>
<time>2026-08-28T23:31:31Z</time>
</trkpt>
<trkpt lat="37.5334661" lon="127.2677191">
<ele>37.688</ele>
<time>2026-08-28T23:31:32Z</time>
</trkpt>
<trkpt lat="37.5334527" lon="127.2677678">
<ele>37.148</ele>
<time>2026-08-28T23:31:33Z</time>
</trkpt>
<trkpt lat="37.5334392" lon="127.2678165">
<ele>36.886</ele>
<time>2026-08-28T23:31:34Z</time>
</trkpt>
<trkpt lat="37.5334254" lon="127.2678651">
<ele>36.735</ele>
<time>2026-08-28T23:31:35Z</time>
</trkpt>
<trkpt lat="37.5334114" lon="127.2679136">
<ele>36.954</ele>
<time>2026-08-28T23:31:36Z</time>
</trkpt>
<trkpt lat="37.5333979" lon="127.267962">
<ele>37.438</ele>
<time>2026-08-28T23:31:37Z</time>
</trkpt>
<trkpt lat="37.5333844" lon="127.2680101">
<ele>37.929</ele>
<time>2026-08-28T23:31:38Z</time>
</trkpt>
<trkpt lat="37.5333707" lon="127.2680579">
<ele>38.198</ele>
<time>2026-08-28T23:31:39Z</time>
</trkpt>
<trkpt lat="37.5333566" lon="127.2681056">
<ele>38.167</ele>
<time>2026-08-28T23:31:40Z</time>
</trkpt>
<trkpt lat="37.533342" lon="127.2681536">
<ele>38.181</ele>
<time>2026-08-28T23:31:41Z</time>
</trkpt>
<trkpt lat="37.5333263" lon="127.2682024">
<ele>38.221</ele>
<time>2026-08-28T23:31:42Z</time>
</trkpt>
<trkpt lat="37.5333099" lon="127.2682514">
<ele>37.852</ele>
<time>2026-08-28T23:31:43Z</time>
</trkpt>
<trkpt lat="37.5332929" lon="127.2683005">
<ele>37.795</ele>
<time>2026-08-28T23:31:44Z</time>
</trkpt>
<trkpt lat="37.5332754" lon="127.2683495">
<ele>37.86</ele>
<time>2026-08-28T23:31:45Z</time>
</trkpt>
<trkpt lat="37.5332574" lon="127.2683981">
<ele>37.678</ele>
<time>2026-08-28T23:31:46Z</time>
</trkpt>
<trkpt lat="37.533239" lon="127.268446">
<ele>37.543</ele>
<time>2026-08-28T23:31:47Z</time>
</trkpt>
<trkpt lat="37.5332203" lon="127.268493">
<ele>37.57</ele>
<time>2026-08-28T23:31:48Z</time>
</trkpt>
<trkpt lat="37.5332015" lon="127.2685389">
<ele>37.477</ele>
<time>2026-08-28T23:31:49Z</time>
</trkpt>
<trkpt lat="37.5331826" lon="127.2685837">
<ele>37.475</ele>
<time>2026-08-28T23:31:50Z</time>
</trkpt>
<trkpt lat="37.5331635" lon="127.2686274">
<ele>37.477</ele>
<time>2026-08-28T23:31:51Z</time>
</trkpt>
<trkpt lat="37.5331443" lon="127.26867">
<ele>37.519</ele>
<time>2026-08-28T23:31:52Z</time>
</trkpt>
<trkpt lat="37.5331251" lon="127.2687116">
<ele>37.458</ele>
<time>2026-08-28T23:31:53Z</time>
</trkpt>
<trkpt lat="37.5331061" lon="127.2687519">
<ele>37.441</ele>
<time>2026-08-28T23:31:54Z</time>
</trkpt>
<trkpt lat="37.5330875" lon="127.2687908">
<ele>37.443</ele>
<time>2026-08-28T23:31:55Z</time>
</trkpt>
<trkpt lat="37.5330697" lon="127.2688282">
<ele>37.486</ele>
<time>2026-08-28T23:31:56Z</time>
</trkpt>
<trkpt lat="37.5330541" lon="127.268862">
<ele>37.548</ele>
<time>2026-08-28T23:31:57Z</time>
</trkpt>
<trkpt lat="37.5330392" lon="127.2688939">
<ele>37.584</ele>
<time>2026-08-28T23:31:58Z</time>
</trkpt>
<trkpt lat="37.5330241" lon="127.2689244">
<ele>37.671</ele>
<time>2026-08-28T23:31:59Z</time>
</trkpt>
<trkpt lat="37.5330083" lon="127.2689547">
<ele>37.666</ele>
<time>2026-08-28T23:32:00Z</time>
</trkpt>
<trkpt lat="37.5329918" lon="127.2689859">
<ele>37.565</ele>
<time>2026-08-28T23:32:01Z</time>
</trkpt>
<trkpt lat="37.5329751" lon="127.2690187">
<ele>37.57</ele>
<time>2026-08-28T23:32:02Z</time>
</trkpt>
<trkpt lat="37.5329583" lon="127.2690513">
<ele>37.539</ele>
<time>2026-08-28T23:32:03Z</time>
</trkpt>
<trkpt lat="37.5329413" lon="127.2690835">
<ele>37.549</ele>
<time>2026-08-28T23:32:04Z</time>
</trkpt>
<trkpt lat="37.5329242" lon="127.2691157">
<ele>37.562</ele>
<time>2026-08-28T23:32:05Z</time>
</trkpt>
<trkpt lat="37.5329069" lon="127.2691479">
<ele>37.532</ele>
<time>2026-08-28T23:32:06Z</time>
</trkpt>
<trkpt lat="37.5328895" lon="127.2691804">
<ele>37.463</ele>
<time>2026-08-28T23:32:07Z</time>
</trkpt>
<trkpt lat="37.5328719" lon="127.2692132">
<ele>37.424</ele>
<time>2026-08-28T23:32:08Z</time>
</trkpt>
<trkpt lat="37.5328539" lon="127.2692465">
<ele>37.51</ele>
<time>2026-08-28T23:32:09Z</time>
</trkpt>
<trkpt lat="37.5328354" lon="127.2692801">
<ele>37.65</ele>
<time>2026-08-28T23:32:10Z</time>
</trkpt>
<trkpt lat="37.5328167" lon="127.2693142">
<ele>37.713</ele>
<time>2026-08-28T23:32:11Z</time>
</trkpt>
<trkpt lat="37.5327979" lon="127.2693487">
<ele>37.727</ele>
<time>2026-08-28T23:32:12Z</time>
</trkpt>
<trkpt lat="37.5327789" lon="127.2693833">
<ele>37.705</ele>
<time>2026-08-28T23:32:13Z</time>
</trkpt>
<trkpt lat="37.5327599" lon="127.2694183">
<ele>37.633</ele>
<time>2026-08-28T23:32:14Z</time>
</trkpt>
<trkpt lat="37.5327407" lon="127.2694534">
<ele>37.665</ele>
<time>2026-08-28T23:32:15Z</time>
</trkpt>
<trkpt lat="37.5327216" lon="127.2694888">
<ele>37.707</ele>
<time>2026-08-28T23:32:16Z</time>
</trkpt>
<trkpt lat="37.5327023" lon="127.2695239">
<ele>37.498</ele>
<time>2026-08-28T23:32:17Z</time>
</trkpt>
<trkpt lat="37.5326829" lon="127.269559">
<ele>37.239</ele>
<time>2026-08-28T23:32:18Z</time>
</trkpt>
<trkpt lat="37.5326633" lon="127.2695938">
<ele>37.133</ele>
<time>2026-08-28T23:32:19Z</time>
</trkpt>
<trkpt lat="37.5326437" lon="127.2696285">
<ele>36.994</ele>
<time>2026-08-28T23:32:20Z</time>
</trkpt>
<trkpt lat="37.532624" lon="127.269663">
<ele>36.949</ele>
<time>2026-08-28T23:32:21Z</time>
</trkpt>
<trkpt lat="37.532604" lon="127.2696973">
<ele>36.94</ele>
<time>2026-08-28T23:32:22Z</time>
</trkpt>
<trkpt lat="37.5325839" lon="127.2697314">
<ele>36.946</ele>
<time>2026-08-28T23:32:23Z</time>
</trkpt>
<trkpt lat="37.5325638" lon="127.2697654">
<ele>37.01</ele>
<time>2026-08-28T23:32:24Z</time>
</trkpt>
<trkpt lat="37.5325437" lon="127.2697993">
<ele>37.038</ele>
<time>2026-08-28T23:32:25Z</time>
</trkpt>
<trkpt lat="37.5325237" lon="127.2698331">
<ele>37.025</ele>
<time>2026-08-28T23:32:26Z</time>
</trkpt>
<trkpt lat="37.5325036" lon="127.2698669">
<ele>37.069</ele>
<time>2026-08-28T23:32:27Z</time>
</trkpt>
<trkpt lat="37.5324837" lon="127.2699007">
<ele>37.144</ele>
<time>2026-08-28T23:32:28Z</time>
</trkpt>
<trkpt lat="37.5324639" lon="127.2699347">
<ele>37.135</ele>
<time>2026-08-28T23:32:29Z</time>
</trkpt>
<trkpt lat="37.5324442" lon="127.2699689">
<ele>37.131</ele>
<time>2026-08-28T23:32:30Z</time>
</trkpt>
<trkpt lat="37.5324247" lon="127.2700035">
<ele>37.051</ele>
<time>2026-08-28T23:32:31Z</time>
</trkpt>
<trkpt lat="37.5324053" lon="127.2700383">
<ele>37.04</ele>
<time>2026-08-28T23:32:32Z</time>
</trkpt>
<trkpt lat="37.5323862" lon="127.2700735">
<ele>37.067</ele>
<time>2026-08-28T23:32:33Z</time>
</trkpt>
<trkpt lat="37.5323672" lon="127.2701091">
<ele>37.37</ele>
<time>2026-08-28T23:32:34Z</time>
</trkpt>
<trkpt lat="37.5323485" lon="127.270145">
<ele>37.422</ele>
<time>2026-08-28T23:32:35Z</time>
</trkpt>
<trkpt lat="37.532329" lon="127.2701798">
<ele>37.564</ele>
<time>2026-08-28T23:32:36Z</time>
</trkpt>
<trkpt lat="37.5323104" lon="127.2702156">
<ele>37.648</ele>
<time>2026-08-28T23:32:37Z</time>
</trkpt>
<trkpt lat="37.5322929" lon="127.2702525">
<ele>37.793</ele>
<time>2026-08-28T23:32:38Z</time>
</trkpt>
<trkpt lat="37.5322761" lon="127.2702905">
<ele>38.048</ele>
<time>2026-08-28T23:32:39Z</time>
</trkpt>
<trkpt lat="37.5322596" lon="127.2703293">
<ele>38.232</ele>
<time>2026-08-28T23:32:40Z</time>
</trkpt>
<trkpt lat="37.5322428" lon="127.2703676">
<ele>38.27</ele>
<time>2026-08-28T23:32:41Z</time>
</trkpt>
<trkpt lat="37.5322257" lon="127.2704051">
<ele>38.218</ele>
<time>2026-08-28T23:32:42Z</time>
</trkpt>
<trkpt lat="37.5322086" lon="127.2704418">
<ele>38.166</ele>
<time>2026-08-28T23:32:43Z</time>
</trkpt>
<trkpt lat="37.5321916" lon="127.2704775">
<ele>38.112</ele>
<time>2026-08-28T23:32:44Z</time>
</trkpt>
<trkpt lat="37.5321751" lon="127.2705125">
<ele>38.084</ele>
<time>2026-08-28T23:32:45Z</time>
</trkpt>
<trkpt lat="37.5321593" lon="127.2705469">
<ele>37.992</ele>
<time>2026-08-28T23:32:46Z</time>
</trkpt>
<trkpt lat="37.5321443" lon="127.2705811">
<ele>37.873</ele>
<time>2026-08-28T23:32:47Z</time>
</trkpt>
<trkpt lat="37.5321302" lon="127.2706154">
<ele>37.878</ele>
<time>2026-08-28T23:32:48Z</time>
</trkpt>
<trkpt lat="37.532117" lon="127.2706498">
<ele>37.92</ele>
<time>2026-08-28T23:32:49Z</time>
</trkpt>
<trkpt lat="37.5321046" lon="127.2706844">
<ele>37.937</ele>
<time>2026-08-28T23:32:50Z</time>
</trkpt>
<trkpt lat="37.5320928" lon="127.2707191">
<ele>38.049</ele>
<time>2026-08-28T23:32:51Z</time>
</trkpt>
<trkpt lat="37.5320815" lon="127.2707539">
<ele>38.139</ele>
<time>2026-08-28T23:32:52Z</time>
</trkpt>
<trkpt lat="37.5320704" lon="127.2707886">
<ele>38.196</ele>
<time>2026-08-28T23:32:53Z</time>
</trkpt>
<trkpt lat="37.5320594" lon="127.2708233">
<ele>38.178</ele>
<time>2026-08-28T23:32:54Z</time>
</trkpt>
<trkpt lat="37.5320482" lon="127.2708583">
<ele>38.122</ele>
<time>2026-08-28T23:32:55Z</time>
</trkpt>
<trkpt lat="37.5320368" lon="127.2708942">
<ele>38.132</ele>
<time>2026-08-28T23:32:56Z</time>
</trkpt>
<trkpt lat="37.5320255" lon="127.270931">
<ele>38.182</ele>
<time>2026-08-28T23:32:57Z</time>
</trkpt>
<trkpt lat="37.5320143" lon="127.2709682">
<ele>38.14</ele>
<time>2026-08-28T23:32:58Z</time>
</trkpt>
<trkpt lat="37.5320031" lon="127.2710053">
<ele>38.139</ele>
<time>2026-08-28T23:32:59Z</time>
</trkpt>
<trkpt lat="37.5319916" lon="127.271042">
<ele>38.051</ele>
<time>2026-08-28T23:33:00Z</time>
</trkpt>
<trkpt lat="37.5319803" lon="127.2710781">
<ele>37.982</ele>
<time>2026-08-28T23:33:01Z</time>
</trkpt>
<trkpt lat="37.5319688" lon="127.2711143">
<ele>37.896</ele>
<time>2026-08-28T23:33:02Z</time>
</trkpt>
<trkpt lat="37.5319574" lon="127.2711505">
<ele>37.855</ele>
<time>2026-08-28T23:33:03Z</time>
</trkpt>
<trkpt lat="37.5319458" lon="127.2711867">
<ele>37.857</ele>
<time>2026-08-28T23:33:04Z</time>
</trkpt>
<trkpt lat="37.531934" lon="127.2712229">
<ele>37.873</ele>
<time>2026-08-28T23:33:05Z</time>
</trkpt>
<trkpt lat="37.5319222" lon="127.271259">
<ele>37.781</ele>
<time>2026-08-28T23:33:06Z</time>
</trkpt>
<trkpt lat="37.5319102" lon="127.2712952">
<ele>37.768</ele>
<time>2026-08-28T23:33:07Z</time>
</trkpt>
<trkpt lat="37.5318982" lon="127.2713312">
<ele>37.771</ele>
<time>2026-08-28T23:33:08Z</time>
</trkpt>
<trkpt lat="37.5318862" lon="127.2713671">
<ele>37.823</ele>
<time>2026-08-28T23:33:09Z</time>
</trkpt>
<trkpt lat="37.5318741" lon="127.2714029">
<ele>37.852</ele>
<time>2026-08-28T23:33:10Z</time>
</trkpt>
<trkpt lat="37.5318619" lon="127.2714385">
<ele>37.847</ele>
<time>2026-08-28T23:33:11Z</time>
</trkpt>
<trkpt lat="37.5318496" lon="127.271474">
<ele>37.83</ele>
<time>2026-08-28T23:33:12Z</time>
</trkpt>
<trkpt lat="37.5318371" lon="127.2715095">
<ele>37.851</ele>
<time>2026-08-28T23:33:13Z</time>
</trkpt>
<trkpt lat="37.5318247" lon="127.2715449">
<ele>37.816</ele>
<time>2026-08-28T23:33:14Z</time>
</trkpt>
<trkpt lat="37.5318122" lon="127.2715804">
<ele>37.833</ele>
<time>2026-08-28T23:33:15Z</time>
</trkpt>
<trkpt lat="37.5317998" lon="127.2716159">
<ele>37.874</ele>
<time>2026-08-28T23:33:16Z</time>
</trkpt>
<trkpt lat="37.5317875" lon="127.2716513">
<ele>37.879</ele>
<time>2026-08-28T23:33:17Z</time>
</trkpt>
<trkpt lat="37.5317753" lon="127.2716867">
<ele>37.902</ele>
<time>2026-08-28T23:33:18Z</time>
</trkpt>
<trkpt lat="37.5317632" lon="127.271722">
<ele>37.959</ele>
<time>2026-08-28T23:33:19Z</time>
</trkpt>
<trkpt lat="37.531751" lon="127.2717571">
<ele>37.963</ele>
<time>2026-08-28T23:33:20Z</time>
</trkpt>
<trkpt lat="37.531739" lon="127.2717918">
<ele>37.996</ele>
<time>2026-08-28T23:33:21Z</time>
</trkpt>
<trkpt lat="37.5317272" lon="127.2718262">
<ele>38.023</ele>
<time>2026-08-28T23:33:22Z</time>
</trkpt>
<trkpt lat="37.5317154" lon="127.2718604">
<ele>38.025</ele>
<time>2026-08-28T23:33:23Z</time>
</trkpt>
<trkpt lat="37.5317038" lon="127.2718942">
<ele>37.993</ele>
<time>2026-08-28T23:33:24Z</time>
</trkpt>
<trkpt lat="37.5316923" lon="127.2719276">
<ele>38.015</ele>
<time>2026-08-28T23:33:25Z</time>
</trkpt>
<trkpt lat="37.531681" lon="127.2719606">
<ele>37.991</ele>
<time>2026-08-28T23:33:26Z</time>
</trkpt>
<trkpt lat="37.5316696" lon="127.2719931">
<ele>37.992</ele>
<time>2026-08-28T23:33:27Z</time>
</trkpt>
<trkpt lat="37.5316584" lon="127.2720251">
<ele>38.018</ele>
<time>2026-08-28T23:33:28Z</time>
</trkpt>
<trkpt lat="37.5316473" lon="127.2720566">
<ele>38.069</ele>
<time>2026-08-28T23:33:29Z</time>
</trkpt>
<trkpt lat="37.5316363" lon="127.2720892">
<ele>38.034</ele>
<time>2026-08-28T23:33:30Z</time>
</trkpt>
<trkpt lat="37.5316255" lon="127.2721209">
<ele>38.043</ele>
<time>2026-08-28T23:33:31Z</time>
</trkpt>
<trkpt lat="37.5316148" lon="127.2721516">
<ele>38.03</ele>
<time>2026-08-28T23:33:32Z</time>
</trkpt>
<trkpt lat="37.5316041" lon="127.2721815">
<ele>37.995</ele>
<time>2026-08-28T23:33:33Z</time>
</trkpt>
<trkpt lat="37.5315934" lon="127.2722108">
<ele>38.0</ele>
<time>2026-08-28T23:33:34Z</time>
</trkpt>
<trkpt lat="37.5315824" lon="127.272239">
<ele>37.963</ele>
<time>2026-08-28T23:33:35Z</time>
</trkpt>
<trkpt lat="37.5315716" lon="127.2722666">
<ele>37.9</ele>
<time>2026-08-28T23:33:36Z</time>
</trkpt>
<trkpt lat="37.5315611" lon="127.2722933">
<ele>37.913</ele>
<time>2026-08-28T23:33:37Z</time>
</trkpt>
<trkpt lat="37.5315511" lon="127.272319">
<ele>37.891</ele>
<time>2026-08-28T23:33:38Z</time>
</trkpt>
<trkpt lat="37.5315418" lon="127.2723435">
<ele>37.933</ele>
<time>2026-08-28T23:33:39Z</time>
</trkpt>
<trkpt lat="37.531533" lon="127.2723665">
<ele>37.928</ele>
<time>2026-08-28T23:33:40Z</time>
</trkpt>
<trkpt lat="37.5315248" lon="127.2723877">
<ele>37.977</ele>
<time>2026-08-28T23:33:41Z</time>
</trkpt>
<trkpt lat="37.5315171" lon="127.2724069">
<ele>37.972</ele>
<time>2026-08-28T23:33:42Z</time>
</trkpt>
<trkpt lat="37.5315098" lon="127.2724243">
<ele>38.046</ele>
<time>2026-08-28T23:33:43Z</time>
</trkpt>
<trkpt lat="37.5315028" lon="127.2724407">
<ele>38.206</ele>
<time>2026-08-28T23:33:44Z</time>
</trkpt>
<trkpt lat="37.5314958" lon="127.2724575">
<ele>38.234</ele>
<time>2026-08-28T23:33:45Z</time>
</trkpt>
<trkpt lat="37.5314884" lon="127.2724762">
<ele>38.277</ele>
<time>2026-08-28T23:33:46Z</time>
</trkpt>
<trkpt lat="37.5314801" lon="127.2724983">
<ele>38.313</ele>
<time>2026-08-28T23:33:47Z</time>
</trkpt>
<trkpt lat="37.5314708" lon="127.2725241">
<ele>38.635</ele>
<time>2026-08-28T23:38:09Z</time>
</trkpt>
<trkpt lat="37.5314604" lon="127.2725534">
<ele>38.653</ele>
<time>2026-08-28T23:38:10Z</time>
</trkpt>
<trkpt lat="37.5314481" lon="127.2725877">
<ele>38.622</ele>
<time>2026-08-28T23:38:11Z</time>
</trkpt>
<trkpt lat="37.5314348" lon="127.2726237">
<ele>38.583</ele>
<time>2026-08-28T23:38:12Z</time>
</trkpt>
<trkpt lat="37.5314208" lon="127.2726608">
<ele>38.584</ele>
<time>2026-08-28T23:38:13Z</time>
</trkpt>
<trkpt lat="37.5314063" lon="127.2726981">
<ele>38.531</ele>
<time>2026-08-28T23:38:14Z</time>
</trkpt>
<trkpt lat="37.5313916" lon="127.2727345">
<ele>38.534</ele>
<time>2026-08-28T23:38:15Z</time>
</trkpt>
<trkpt lat="37.5313781" lon="127.2727692">
<ele>38.497</ele>
<time>2026-08-28T23:38:16Z</time>
</trkpt>
<trkpt lat="37.5313639" lon="127.2728048">
<ele>38.53</ele>
<time>2026-08-28T23:38:17Z</time>
</trkpt>
<trkpt lat="37.5313489" lon="127.2728414">
<ele>38.574</ele>
<time>2026-08-28T23:38:18Z</time>
</trkpt>
<trkpt lat="37.5313333" lon="127.2728786">
<ele>38.523</ele>
<time>2026-08-28T23:38:19Z</time>
</trkpt>
<trkpt lat="37.5313177" lon="127.2729148">
<ele>38.604</ele>
<time>2026-08-28T23:38:20Z</time>
</trkpt>
<trkpt lat="37.5313016" lon="127.2729512">
<ele>38.543</ele>
<time>2026-08-28T23:38:21Z</time>
</trkpt>
<trkpt lat="37.5312853" lon="127.2729874">
<ele>38.551</ele>
<time>2026-08-28T23:38:22Z</time>
</trkpt>
<trkpt lat="37.5312686" lon="127.2730236">
<ele>38.522</ele>
<time>2026-08-28T23:38:23Z</time>
</trkpt>
<trkpt lat="37.5312517" lon="127.2730597">
<ele>38.635</ele>
<time>2026-08-28T23:38:24Z</time>
</trkpt>
<trkpt lat="37.5312348" lon="127.2730956">
<ele>38.622</ele>
<time>2026-08-28T23:38:25Z</time>
</trkpt>
<trkpt lat="37.531218" lon="127.2731313">
<ele>38.644</ele>
<time>2026-08-28T23:38:26Z</time>
</trkpt>
<trkpt lat="37.5312013" lon="127.273167">
<ele>38.698</ele>
<time>2026-08-28T23:38:27Z</time>
</trkpt>
<trkpt lat="37.5311847" lon="127.2732026">
<ele>38.696</ele>
<time>2026-08-28T23:38:28Z</time>
</trkpt>
<trkpt lat="37.5311681" lon="127.2732382">
<ele>38.747</ele>
<time>2026-08-28T23:38:29Z</time>
</trkpt>
<trkpt lat="37.5311517" lon="127.2732742">
<ele>38.74</ele>
<time>2026-08-28T23:38:30Z</time>
</trkpt>
<trkpt lat="37.5311354" lon="127.2733104">
<ele>38.697</ele>
<time>2026-08-28T23:38:31Z</time>
</trkpt>
<trkpt lat="37.5311191" lon="127.2733469">
<ele>38.69</ele>
<time>2026-08-28T23:38:32Z</time>
</trkpt>
<trkpt lat="37.531103" lon="127.2733837">
<ele>38.664</ele>
<time>2026-08-28T23:38:33Z</time>
</trkpt>
<trkpt lat="37.5310869" lon="127.2734207">
<ele>38.653</ele>
<time>2026-08-28T23:38:34Z</time>
</trkpt>
<trkpt lat="37.5310709" lon="127.2734579">
<ele>38.624</ele>
<time>2026-08-28T23:38:35Z</time>
</trkpt>
<trkpt lat="37.5310551" lon="127.2734954">
<ele>38.593</ele>
<time>2026-08-28T23:38:36Z</time>
</trkpt>
<trkpt lat="37.5310392" lon="127.2735332">
<ele>38.623</ele>
<time>2026-08-28T23:38:37Z</time>
</trkpt>
<trkpt lat="37.5310234" lon="127.2735714">
<ele>38.621</ele>
<time>2026-08-28T23:38:38Z</time>
</trkpt>
<trkpt lat="37.5310075" lon="127.2736099">
<ele>38.617</ele>
<time>2026-08-28T23:38:39Z</time>
</trkpt>
<trkpt lat="37.5309916" lon="127.2736487">
<ele>38.664</ele>
<time>2026-08-28T23:38:40Z</time>
</trkpt>
<trkpt lat="37.5309755" lon="127.2736878">
<ele>38.656</ele>
<time>2026-08-28T23:38:41Z</time>
</trkpt>
<trkpt lat="37.5309591" lon="127.2737269">
<ele>38.674</ele>
<time>2026-08-28T23:38:42Z</time>
</trkpt>
<trkpt lat="37.5309425" lon="127.2737662">
<ele>38.639</ele>
<time>2026-08-28T23:38:43Z</time>
</trkpt>
<trkpt lat="37.5309254" lon="127.2738056">
<ele>38.648</ele>
<time>2026-08-28T23:38:44Z</time>
</trkpt>
<trkpt lat="37.530908" lon="127.273845">
<ele>38.635</ele>
<time>2026-08-28T23:38:45Z</time>
</trkpt>
<trkpt lat="37.5308902" lon="127.2738844">
<ele>38.586</ele>
<time>2026-08-28T23:38:46Z</time>
</trkpt>
<trkpt lat="37.5308727" lon="127.2739239">
<ele>38.674</ele>
<time>2026-08-28T23:38:47Z</time>
</trkpt>
<trkpt lat="37.5308548" lon="127.2739632">
<ele>38.691</ele>
<time>2026-08-28T23:38:48Z</time>
</trkpt>
<trkpt lat="37.5308366" lon="127.2740024">
<ele>38.695</ele>
<time>2026-08-28T23:38:49Z</time>
</trkpt>
<trkpt lat="37.5308179" lon="127.2740418">
<ele>38.638</ele>
<time>2026-08-28T23:38:50Z</time>
</trkpt>
<trkpt lat="37.5307988" lon="127.2740813">
<ele>38.586</ele>
<time>2026-08-28T23:38:51Z</time>
</trkpt>
<trkpt lat="37.5307788" lon="127.2741206">
<ele>38.624</ele>
<time>2026-08-28T23:38:52Z</time>
</trkpt>
<trkpt lat="37.5307586" lon="127.2741599">
<ele>38.502</ele>
<time>2026-08-28T23:38:53Z</time>
</trkpt>
<trkpt lat="37.5307384" lon="127.2741993">
<ele>38.464</ele>
<time>2026-08-28T23:38:54Z</time>
</trkpt>
<trkpt lat="37.5307183" lon="127.2742391">
<ele>38.559</ele>
<time>2026-08-28T23:38:55Z</time>
</trkpt>
<trkpt lat="37.5306987" lon="127.2742792">
<ele>38.492</ele>
<time>2026-08-28T23:38:56Z</time>
</trkpt>
<trkpt lat="37.5306797" lon="127.2743197">
<ele>38.458</ele>
<time>2026-08-28T23:38:57Z</time>
</trkpt>
<trkpt lat="37.5306617" lon="127.2743605">
<ele>38.499</ele>
<time>2026-08-28T23:38:58Z</time>
</trkpt>
<trkpt lat="37.5306447" lon="127.2744015">
<ele>38.521</ele>
<time>2026-08-28T23:38:59Z</time>
</trkpt>
<trkpt lat="37.5306287" lon="127.2744426">
<ele>38.606</ele>
<time>2026-08-28T23:39:00Z</time>
</trkpt>
<trkpt lat="37.5306135" lon="127.2744837">
<ele>38.587</ele>
<time>2026-08-28T23:39:01Z</time>
</trkpt>
<trkpt lat="37.5305991" lon="127.2745247">
<ele>38.589</ele>
<time>2026-08-28T23:39:02Z</time>
</trkpt>
<trkpt lat="37.5305852" lon="127.2745656">
<ele>38.599</ele>
<time>2026-08-28T23:39:03Z</time>
</trkpt>
<trkpt lat="37.5305714" lon="127.2746062">
<ele>38.544</ele>
<time>2026-08-28T23:39:04Z</time>
</trkpt>
<trkpt lat="37.5305576" lon="127.2746462">
<ele>38.523</ele>
<time>2026-08-28T23:39:05Z</time>
</trkpt>
<trkpt lat="37.5305436" lon="127.2746853">
<ele>38.523</ele>
<time>2026-08-28T23:39:06Z</time>
</trkpt>
<trkpt lat="37.5305292" lon="127.2747223">
<ele>38.639</ele>
<time>2026-08-28T23:39:07Z</time>
</trkpt>
<trkpt lat="37.5305147" lon="127.2747578">
<ele>38.607</ele>
<time>2026-08-28T23:39:08Z</time>
</trkpt>
<trkpt lat="37.5305004" lon="127.2747927">
<ele>38.665</ele>
<time>2026-08-28T23:39:09Z</time>
</trkpt>
<trkpt lat="37.5304863" lon="127.2748275">
<ele>38.707</ele>
<time>2026-08-28T23:39:10Z</time>
</trkpt>
<trkpt lat="37.5304722" lon="127.2748627">
<ele>38.69</ele>
<time>2026-08-28T23:39:11Z</time>
</trkpt>
<trkpt lat="37.5304583" lon="127.2748987">
<ele>38.707</ele>
<time>2026-08-28T23:39:12Z</time>
</trkpt>
<trkpt lat="37.5304444" lon="127.2749343">
<ele>38.718</ele>
<time>2026-08-28T23:39:13Z</time>
</trkpt>
<trkpt lat="37.5304305" lon="127.2749696">
<ele>38.637</ele>
<time>2026-08-28T23:39:14Z</time>
</trkpt>
<trkpt lat="37.5304167" lon="127.2750046">
<ele>38.572</ele>
<time>2026-08-28T23:39:15Z</time>
</trkpt>
<trkpt lat="37.5304028" lon="127.2750394">
<ele>38.548</ele>
<time>2026-08-28T23:39:16Z</time>
</trkpt>
<trkpt lat="37.5303891" lon="127.2750741">
<ele>38.722</ele>
<time>2026-08-28T23:39:17Z</time>
</trkpt>
<trkpt lat="37.5303754" lon="127.2751088">
<ele>38.796</ele>
<time>2026-08-28T23:39:18Z</time>
</trkpt>
<trkpt lat="37.5303618" lon="127.2751435">
<ele>38.831</ele>
<time>2026-08-28T23:39:19Z</time>
</trkpt>
<trkpt lat="37.5303482" lon="127.2751785">
<ele>38.878</ele>
<time>2026-08-28T23:39:20Z</time>
</trkpt>
<trkpt lat="37.5303346" lon="127.2752137">
<ele>38.778</ele>
<time>2026-08-28T23:39:21Z</time>
</trkpt>
<trkpt lat="37.5303211" lon="127.2752492">
<ele>38.724</ele>
<time>2026-08-28T23:39:22Z</time>
</trkpt>
<trkpt lat="37.5303075" lon="127.275285">
<ele>38.71</ele>
<time>2026-08-28T23:39:23Z</time>
</trkpt>
<trkpt lat="37.5302939" lon="127.275321">
<ele>38.795</ele>
<time>2026-08-28T23:39:24Z</time>
</trkpt>
<trkpt lat="37.5302803" lon="127.2753573">
<ele>38.785</ele>
<time>2026-08-28T23:39:25Z</time>
</trkpt>
<trkpt lat="37.5302666" lon="127.2753936">
<ele>38.806</ele>
<time>2026-08-28T23:39:26Z</time>
</trkpt>
<trkpt lat="37.530253" lon="127.2754302">
<ele>38.747</ele>
<time>2026-08-28T23:39:27Z</time>
</trkpt>
<trkpt lat="37.5302394" lon="127.2754668">
<ele>38.783</ele>
<time>2026-08-28T23:39:28Z</time>
</trkpt>
<trkpt lat="37.5302258" lon="127.2755036">
<ele>38.789</ele>
<time>2026-08-28T23:39:29Z</time>
</trkpt>
<trkpt lat="37.5302123" lon="127.2755404">
<ele>38.636</ele>
<time>2026-08-28T23:39:30Z</time>
</trkpt>
<trkpt lat="37.5301987" lon="127.2755774">
<ele>38.778</ele>
<time>2026-08-28T23:39:31Z</time>
</trkpt>
<trkpt lat="37.5301851" lon="127.2756145">
<ele>38.825</ele>
<time>2026-08-28T23:39:32Z</time>
</trkpt>
<trkpt lat="37.5301715" lon="127.2756518">
<ele>38.946</ele>
<time>2026-08-28T23:39:33Z</time>
</trkpt>
<trkpt lat="37.5301582" lon="127.2756883">
<ele>38.991</ele>
<time>2026-08-28T23:39:34Z</time>
</trkpt>
<trkpt lat="37.5301446" lon="127.2757256">
<ele>38.895</ele>
<time>2026-08-28T23:39:35Z</time>
</trkpt>
<trkpt lat="37.5301314" lon="127.275762">
<ele>38.872</ele>
<time>2026-08-28T23:39:36Z</time>
</trkpt>
<trkpt lat="37.5301179" lon="127.275799">
<ele>38.761</ele>
<time>2026-08-28T23:39:37Z</time>
</trkpt>
<trkpt lat="37.5301045" lon="127.2758358">
<ele>38.949</ele>
<time>2026-08-28T23:39:38Z</time>
</trkpt>
<trkpt lat="37.5300913" lon="127.2758716">
<ele>39.369</ele>
<time>2026-08-28T23:39:39Z</time>
</trkpt>
<trkpt lat="37.530078" lon="127.275908">
<ele>39.182</ele>
<time>2026-08-28T23:39:40Z</time>
</trkpt>
<trkpt lat="37.5300649" lon="127.2759434">
<ele>38.889</ele>
<time>2026-08-28T23:39:41Z</time>
</trkpt>
<trkpt lat="37.5300515" lon="127.2759795">
<ele>38.828</ele>
<time>2026-08-28T23:39:42Z</time>
</trkpt>
<trkpt lat="37.530038" lon="127.2760157">
<ele>38.748</ele>
<time>2026-08-28T23:39:43Z</time>
</trkpt>
<trkpt lat="37.5300244" lon="127.276052">
<ele>38.733</ele>
<time>2026-08-28T23:39:44Z</time>
</trkpt>
<trkpt lat="37.5300107" lon="127.2760886">
<ele>38.774</ele>
<time>2026-08-28T23:39:45Z</time>
</trkpt>
<trkpt lat="37.5299969" lon="127.2761256">
<ele>38.809</ele>
<time>2026-08-28T23:39:46Z</time>
</trkpt>
<trkpt lat="37.5299833" lon="127.276162">
<ele>38.69</ele>
<time>2026-08-28T23:39:47Z</time>
</trkpt>
<trkpt lat="37.5299692" lon="127.2761996">
<ele>38.743</ele>
<time>2026-08-28T23:39:48Z</time>
</trkpt>
<trkpt lat="37.5299549" lon="127.2762376">
<ele>38.868</ele>
<time>2026-08-28T23:39:49Z</time>
</trkpt>
<trkpt lat="37.5299405" lon="127.2762762">
<ele>39.05</ele>
<time>2026-08-28T23:39:50Z</time>
</trkpt>
<trkpt lat="37.5299259" lon="127.2763152">
<ele>39.099</ele>
<time>2026-08-28T23:39:51Z</time>
</trkpt>
<trkpt lat="37.5299111" lon="127.2763548">
<ele>39.026</ele>
<time>2026-08-28T23:39:52Z</time>
</trkpt>
<trkpt lat="37.5298966" lon="127.2763937">
<ele>38.981</ele>
<time>2026-08-28T23:39:53Z</time>
</trkpt>
<trkpt lat="37.529882" lon="127.2764328">
<ele>38.931</ele>
<time>2026-08-28T23:39:54Z</time>
</trkpt>
<trkpt lat="37.529867" lon="127.2764728">
<ele>38.962</ele>
<time>2026-08-28T23:39:55Z</time>
</trkpt>
<trkpt lat="37.5298524" lon="127.276512">
<ele>39.066</ele>
<time>2026-08-28T23:39:56Z</time>
</trkpt>
<trkpt lat="37.529837" lon="127.2765533">
<ele>38.994</ele>
<time>2026-08-28T23:39:57Z</time>
</trkpt>
<trkpt lat="37.5298218" lon="127.2765941">
<ele>39.035</ele>
<time>2026-08-28T23:39:58Z</time>
</trkpt>
<trkpt lat="37.5298068" lon="127.2766344">
<ele>39.075</ele>
<time>2026-08-28T23:39:59Z</time>
</trkpt>
<trkpt lat="37.5297913" lon="127.2766764">
<ele>39.08</ele>
<time>2026-08-28T23:40:00Z</time>
</trkpt>
<trkpt lat="37.529776" lon="127.2767179">
<ele>39.218</ele>
<time>2026-08-28T23:40:01Z</time>
</trkpt>
<trkpt lat="37.5297603" lon="127.2767604">
<ele>39.161</ele>
<time>2026-08-28T23:40:02Z</time>
</trkpt>
<trkpt lat="37.5297449" lon="127.2768022">
<ele>39.173</ele>
<time>2026-08-28T23:40:03Z</time>
</trkpt>
<trkpt lat="37.5297294" lon="127.2768443">
<ele>39.247</ele>
<time>2026-08-28T23:40:04Z</time>
</trkpt>
<trkpt lat="37.5297137" lon="127.2768866">
<ele>39.274</ele>
<time>2026-08-28T23:40:05Z</time>
</trkpt>
<trkpt lat="37.529698" lon="127.2769291">
<ele>39.172</ele>
<time>2026-08-28T23:40:06Z</time>
</trkpt>
<trkpt lat="37.5296821" lon="127.2769718">
<ele>39.303</ele>
<time>2026-08-28T23:40:07Z</time>
</trkpt>
<trkpt lat="37.5296658" lon="127.2770152">
<ele>39.327</ele>
<time>2026-08-28T23:40:08Z</time>
</trkpt>
<trkpt lat="37.5296499" lon="127.2770577">
<ele>39.27</ele>
<time>2026-08-28T23:40:09Z</time>
</trkpt>
<trkpt lat="37.5296339" lon="127.2771001">
<ele>39.5</ele>
<time>2026-08-28T23:40:10Z</time>
</trkpt>
<trkpt lat="37.5296183" lon="127.2771415">
<ele>39.637</ele>
<time>2026-08-28T23:40:11Z</time>
</trkpt>
<trkpt lat="37.529602" lon="127.2771858">
<ele>39.774</ele>
<time>2026-08-28T23:40:12Z</time>
</trkpt>
<trkpt lat="37.5295855" lon="127.2772305">
<ele>39.784</ele>
<time>2026-08-28T23:40:13Z</time>
</trkpt>
<trkpt lat="37.5295692" lon="127.2772742">
<ele>39.617</ele>
<time>2026-08-28T23:40:14Z</time>
</trkpt>
<trkpt lat="37.529553" lon="127.2773163">
<ele>39.668</ele>
<time>2026-08-28T23:40:15Z</time>
</trkpt>
<trkpt lat="37.5295369" lon="127.277357">
<ele>39.798</ele>
<time>2026-08-28T23:40:16Z</time>
</trkpt>
<trkpt lat="37.5295213" lon="127.2773959">
<ele>39.73</ele>
<time>2026-08-28T23:40:17Z</time>
</trkpt>
<trkpt lat="37.529506" lon="127.2774343">
<ele>39.422</ele>
<time>2026-08-28T23:40:18Z</time>
</trkpt>
<trkpt lat="37.5294912" lon="127.2774724">
<ele>39.648</ele>
<time>2026-08-28T23:40:19Z</time>
</trkpt>
<trkpt lat="37.5294765" lon="127.2775108">
<ele>39.815</ele>
<time>2026-08-28T23:40:20Z</time>
</trkpt>
<trkpt lat="37.5294621" lon="127.2775497">
<ele>39.837</ele>
<time>2026-08-28T23:40:21Z</time>
</trkpt>
<trkpt lat="37.5294476" lon="127.2775896">
<ele>39.803</ele>
<time>2026-08-28T23:40:22Z</time>
</trkpt>
<trkpt lat="37.5294332" lon="127.2776305">
<ele>39.805</ele>
<time>2026-08-28T23:40:23Z</time>
</trkpt>
<trkpt lat="37.5294187" lon="127.2776726">
<ele>39.867</ele>
<time>2026-08-28T23:40:24Z</time>
</trkpt>
<trkpt lat="37.5294039" lon="127.277716">
<ele>39.856</ele>
<time>2026-08-28T23:40:25Z</time>
</trkpt>
<trkpt lat="37.5293889" lon="127.2777607">
<ele>39.987</ele>
<time>2026-08-28T23:40:26Z</time>
</trkpt>
<trkpt lat="37.5293737" lon="127.2778067">
<ele>39.969</ele>
<time>2026-08-28T23:40:27Z</time>
</trkpt>
<trkpt lat="37.5293583" lon="127.2778533">
<ele>39.958</ele>
<time>2026-08-28T23:40:28Z</time>
</trkpt>
<trkpt lat="37.5293432" lon="127.2778996">
<ele>40.087</ele>
<time>2026-08-28T23:40:29Z</time>
</trkpt>
<trkpt lat="37.5293287" lon="127.2779448">
<ele>40.052</ele>
<time>2026-08-28T23:40:30Z</time>
</trkpt>
<trkpt lat="37.5293151" lon="127.2779881">
<ele>40.044</ele>
<time>2026-08-28T23:40:31Z</time>
</trkpt>
<trkpt lat="37.5293034" lon="127.2780282">
<ele>40.186</ele>
<time>2026-08-28T23:40:32Z</time>
</trkpt>
<trkpt lat="37.5292926" lon="127.2780675">
<ele>40.264</ele>
<time>2026-08-28T23:40:33Z</time>
</trkpt>
<trkpt lat="37.5292825" lon="127.2781067">
<ele>40.218</ele>
<time>2026-08-28T23:40:34Z</time>
</trkpt>
<trkpt lat="37.5292725" lon="127.2781469">
<ele>40.378</ele>
<time>2026-08-28T23:40:35Z</time>
</trkpt>
<trkpt lat="37.5292628" lon="127.2781876">
<ele>40.485</ele>
<time>2026-08-28T23:40:36Z</time>
</trkpt>
<trkpt lat="37.5292522" lon="127.2782291">
<ele>40.448</ele>
<time>2026-08-28T23:40:37Z</time>
</trkpt>
<trkpt lat="37.5292416" lon="127.2782713">
<ele>40.38</ele>
<time>2026-08-28T23:40:38Z</time>
</trkpt>
<trkpt lat="37.5292317" lon="127.2783125">
<ele>40.439</ele>
<time>2026-08-28T23:40:39Z</time>
</trkpt>
<trkpt lat="37.5292221" lon="127.2783536">
<ele>40.509</ele>
<time>2026-08-28T23:40:40Z</time>
</trkpt>
<trkpt lat="37.529213" lon="127.2783948">
<ele>40.443</ele>
<time>2026-08-28T23:40:41Z</time>
</trkpt>
<trkpt lat="37.5292036" lon="127.2784352">
<ele>40.562</ele>
<time>2026-08-28T23:40:42Z</time>
</trkpt>
<trkpt lat="37.5291942" lon="127.2784769">
<ele>40.571</ele>
<time>2026-08-28T23:40:43Z</time>
</trkpt>
<trkpt lat="37.529185" lon="127.2785193">
<ele>40.552</ele>
<time>2026-08-28T23:40:44Z</time>
</trkpt>
<trkpt lat="37.5291762" lon="127.2785625">
<ele>40.546</ele>
<time>2026-08-28T23:40:45Z</time>
</trkpt>
<trkpt lat="37.5291676" lon="127.2786059">
<ele>40.563</ele>
<time>2026-08-28T23:40:46Z</time>
</trkpt>
<trkpt lat="37.5291595" lon="127.2786493">
<ele>40.528</ele>
<time>2026-08-28T23:40:47Z</time>
</trkpt>
<trkpt lat="37.5291517" lon="127.2786929">
<ele>40.587</ele>
<time>2026-08-28T23:40:48Z</time>
</trkpt>
<trkpt lat="37.5291443" lon="127.2787366">
<ele>40.607</ele>
<time>2026-08-28T23:40:49Z</time>
</trkpt>
<trkpt lat="37.5291372" lon="127.2787807">
<ele>40.658</ele>
<time>2026-08-28T23:40:50Z</time>
</trkpt>
<trkpt lat="37.5291307" lon="127.278825">
<ele>40.661</ele>
<time>2026-08-28T23:40:51Z</time>
</trkpt>
<trkpt lat="37.5291248" lon="127.2788697">
<ele>40.65</ele>
<time>2026-08-28T23:40:52Z</time>
</trkpt>
<trkpt lat="37.5291195" lon="127.2789145">
<ele>40.699</ele>
<time>2026-08-28T23:40:53Z</time>
</trkpt>
<trkpt lat="37.5291147" lon="127.2789596">
<ele>40.733</ele>
<time>2026-08-28T23:40:54Z</time>
</trkpt>
<trkpt lat="37.5291104" lon="127.2790049">
<ele>41.035</ele>
<time>2026-08-28T23:40:55Z</time>
</trkpt>
<trkpt lat="37.5291066" lon="127.2790505">
<ele>41.201</ele>
<time>2026-08-28T23:40:56Z</time>
</trkpt>
<trkpt lat="37.5291031" lon="127.2790966">
<ele>41.317</ele>
<time>2026-08-28T23:40:57Z</time>
</trkpt>
<trkpt lat="37.5290998" lon="127.279143">
<ele>41.346</ele>
<time>2026-08-28T23:40:58Z</time>
</trkpt>
<trkpt lat="37.5290967" lon="127.2791898">
<ele>41.362</ele>
<time>2026-08-28T23:40:59Z</time>
</trkpt>
<trkpt lat="37.5290937" lon="127.2792369">
<ele>41.41</ele>
<time>2026-08-28T23:41:00Z</time>
</trkpt>
<trkpt lat="37.5290909" lon="127.2792842">
<ele>41.38</ele>
<time>2026-08-28T23:41:01Z</time>
</trkpt>
<trkpt lat="37.5290884" lon="127.2793323">
<ele>41.36</ele>
<time>2026-08-28T23:41:02Z</time>
</trkpt>
<trkpt lat="37.5290862" lon="127.2793811">
<ele>41.385</ele>
<time>2026-08-28T23:41:03Z</time>
</trkpt>
<trkpt lat="37.5290846" lon="127.2794297">
<ele>41.246</ele>
<time>2026-08-28T23:41:04Z</time>
</trkpt>
<trkpt lat="37.5290834" lon="127.2794778">
<ele>41.294</ele>
<time>2026-08-28T23:41:05Z</time>
</trkpt>
<trkpt lat="37.5290827" lon="127.2795247">
<ele>41.509</ele>
<time>2026-08-28T23:41:06Z</time>
</trkpt>
<trkpt lat="37.5290815" lon="127.2795728">
<ele>41.546</ele>
<time>2026-08-28T23:41:07Z</time>
</trkpt>
<trkpt lat="37.5290806" lon="127.2796209">
<ele>41.594</ele>
<time>2026-08-28T23:41:08Z</time>
</trkpt>
<trkpt lat="37.52908" lon="127.2796689">
<ele>41.637</ele>
<time>2026-08-28T23:41:09Z</time>
</trkpt>
<trkpt lat="37.5290798" lon="127.2797166">
<ele>41.71</ele>
<time>2026-08-28T23:41:10Z</time>
</trkpt>
<trkpt lat="37.5290798" lon="127.2797639">
<ele>41.563</ele>
<time>2026-08-28T23:41:11Z</time>
</trkpt>
<trkpt lat="37.5290801" lon="127.2798107">
<ele>41.478</ele>
<time>2026-08-28T23:41:12Z</time>
</trkpt>
<trkpt lat="37.5290807" lon="127.2798567">
<ele>41.409</ele>
<time>2026-08-28T23:41:13Z</time>
</trkpt>
<trkpt lat="37.5290816" lon="127.2799018">
<ele>41.515</ele>
<time>2026-08-28T23:41:14Z</time>
</trkpt>
<trkpt lat="37.5290826" lon="127.2799456">
<ele>41.582</ele>
<time>2026-08-28T23:41:15Z</time>
</trkpt>
<trkpt lat="37.5290837" lon="127.2799878">
<ele>41.604</ele>
<time>2026-08-28T23:41:16Z</time>
</trkpt>
<trkpt lat="37.5290847" lon="127.2800331">
<ele>41.666</ele>
<time>2026-08-28T23:41:17Z</time>
</trkpt>
<trkpt lat="37.5290862" lon="127.2800789">
<ele>41.694</ele>
<time>2026-08-28T23:41:18Z</time>
</trkpt>
<trkpt lat="37.5290877" lon="127.2801323">
<ele>41.819</ele>
<time>2026-08-28T23:41:19Z</time>
</trkpt>
<trkpt lat="37.5290899" lon="127.2801761">
<ele>41.81</ele>
<time>2026-08-28T23:41:20Z</time>
</trkpt>
<trkpt lat="37.5290922" lon="127.2802147">
<ele>41.789</ele>
<time>2026-08-28T23:41:21Z</time>
</trkpt>
<trkpt lat="37.5290929" lon="127.2802614">
<ele>41.826</ele>
<time>2026-08-28T23:41:22Z</time>
</trkpt>
<trkpt lat="37.5290918" lon="127.2803283">
<ele>41.822</ele>
<time>2026-08-28T23:41:23Z</time>
</trkpt>
<trkpt lat="37.5290876" lon="127.2804379">
<ele>41.901</ele>
<time>2026-08-28T23:41:24Z</time>
</trkpt>
<trkpt lat="37.5290788" lon="127.2806188">
<ele>41.939</ele>
<time>2026-08-28T23:41:25Z</time>
</trkpt>
<trkpt lat="37.5290639" lon="127.2808965">
<ele>41.962</ele>
<time>2026-08-28T23:41:26Z</time>
</trkpt>
<trkpt lat="37.5290468" lon="127.2812113">
<ele>42.016</ele>
<time>2026-08-28T23:41:27Z</time>
</trkpt>
<trkpt lat="37.5290199" lon="127.2816895">
<ele>40.82</ele>
<time>2026-08-28T23:42:29Z</time>
</trkpt>
<trkpt lat="37.5289835" lon="127.2823175">
<ele>40.817</ele>
<time>2026-08-28T23:42:30Z</time>
</trkpt>
<trkpt lat="37.5289439" lon="127.2829708">
<ele>40.791</ele>
<time>2026-08-28T23:42:31Z</time>
</trkpt>
<trkpt lat="37.5289109" lon="127.2834614">
<ele>40.736</ele>
<time>2026-08-28T23:42:32Z</time>
</trkpt>
<trkpt lat="37.5288896" lon="127.2836913">
<ele>40.702</ele>
<time>2026-08-28T23:42:33Z</time>
</trkpt>
<trkpt lat="37.5288727" lon="127.2838062">
<ele>40.672</ele>
<time>2026-08-28T23:42:34Z</time>
</trkpt>
<trkpt lat="37.5288558" lon="127.2838793">
<ele>40.693</ele>
<time>2026-08-28T23:42:35Z</time>
</trkpt>
<trkpt lat="37.5288373" lon="127.2839429">
<ele>40.547</ele>
<time>2026-08-28T23:42:36Z</time>
</trkpt>
<trkpt lat="37.5288172" lon="127.2840043">
<ele>40.499</ele>
<time>2026-08-28T23:42:37Z</time>
</trkpt>
<trkpt lat="37.5287966" lon="127.2840605">
<ele>40.44</ele>
<time>2026-08-28T23:42:38Z</time>
</trkpt>
<trkpt lat="37.5287757" lon="127.2841111">
<ele>40.427</ele>
<time>2026-08-28T23:42:39Z</time>
</trkpt>
<trkpt lat="37.5287544" lon="127.2841576">
<ele>40.373</ele>
<time>2026-08-28T23:42:40Z</time>
</trkpt>
<trkpt lat="37.5287328" lon="127.2842018">
<ele>40.331</ele>
<time>2026-08-28T23:42:41Z</time>
</trkpt>
<trkpt lat="37.5287114" lon="127.284245">
<ele>40.23</ele>
<time>2026-08-28T23:42:42Z</time>
</trkpt>
<trkpt lat="37.5286903" lon="127.2842884">
<ele>40.383</ele>
<time>2026-08-28T23:42:43Z</time>
</trkpt>
<trkpt lat="37.5286694" lon="127.2843313">
<ele>40.332</ele>
<time>2026-08-28T23:42:44Z</time>
</trkpt>
<trkpt lat="37.5286487" lon="127.2843741">
<ele>40.174</ele>
<time>2026-08-28T23:42:45Z</time>
</trkpt>
<trkpt lat="37.5286285" lon="127.284417">
<ele>40.16</ele>
<time>2026-08-28T23:42:46Z</time>
</trkpt>
<trkpt lat="37.528609" lon="127.2844605">
<ele>40.187</ele>
<time>2026-08-28T23:42:47Z</time>
</trkpt>
<trkpt lat="37.5285903" lon="127.2845045">
<ele>40.137</ele>
<time>2026-08-28T23:42:48Z</time>
</trkpt>
<trkpt lat="37.5285722" lon="127.2845489">
<ele>40.133</ele>
<time>2026-08-28T23:42:49Z</time>
</trkpt>
<trkpt lat="37.5285546" lon="127.2845937">
<ele>40.06</ele>
<time>2026-08-28T23:42:50Z</time>
</trkpt>
<trkpt lat="37.5285368" lon="127.2846387">
<ele>40.007</ele>
<time>2026-08-28T23:42:51Z</time>
</trkpt>
<trkpt lat="37.5285183" lon="127.2846835">
<ele>39.835</ele>
<time>2026-08-28T23:42:52Z</time>
</trkpt>
<trkpt lat="37.5284994" lon="127.2847282">
<ele>39.836</ele>
<time>2026-08-28T23:42:53Z</time>
</trkpt>
<trkpt lat="37.5284795" lon="127.2847728">
<ele>39.917</ele>
<time>2026-08-28T23:42:54Z</time>
</trkpt>
<trkpt lat="37.5284584" lon="127.284817">
<ele>39.883</ele>
<time>2026-08-28T23:42:55Z</time>
</trkpt>
<trkpt lat="37.528436" lon="127.284861">
<ele>39.913</ele>
<time>2026-08-28T23:42:56Z</time>
</trkpt>
<trkpt lat="37.5284123" lon="127.2849049">
<ele>39.902</ele>
<time>2026-08-28T23:42:57Z</time>
</trkpt>
<trkpt lat="37.528388" lon="127.2849486">
<ele>39.953</ele>
<time>2026-08-28T23:42:58Z</time>
</trkpt>
<trkpt lat="37.5283622" lon="127.2849922">
<ele>39.934</ele>
<time>2026-08-28T23:42:59Z</time>
</trkpt>
<trkpt lat="37.5283352" lon="127.2850361">
<ele>39.748</ele>
<time>2026-08-28T23:43:00Z</time>
</trkpt>
<trkpt lat="37.5283073" lon="127.2850805">
<ele>39.607</ele>
<time>2026-08-28T23:43:01Z</time>
</trkpt>
<trkpt lat="37.528279" lon="127.2851256">
<ele>39.503</ele>
<time>2026-08-28T23:43:02Z</time>
</trkpt>
<trkpt lat="37.5282497" lon="127.2851711">
<ele>39.332</ele>
<time>2026-08-28T23:43:03Z</time>
</trkpt>
<trkpt lat="37.5282198" lon="127.2852167">
<ele>39.308</ele>
<time>2026-08-28T23:43:04Z</time>
</trkpt>
<trkpt lat="37.5281893" lon="127.2852622">
<ele>39.222</ele>
<time>2026-08-28T23:43:05Z</time>
</trkpt>
<trkpt lat="37.5281589" lon="127.2853067">
<ele>39.416</ele>
<time>2026-08-28T23:43:06Z</time>
</trkpt>
<trkpt lat="37.5281286" lon="127.2853497">
<ele>39.473</ele>
<time>2026-08-28T23:43:07Z</time>
</trkpt>
<trkpt lat="37.5280982" lon="127.2853908">
<ele>39.4</ele>
<time>2026-08-28T23:43:08Z</time>
</trkpt>
<trkpt lat="37.5280678" lon="127.2854303">
<ele>39.428</ele>
<time>2026-08-28T23:43:09Z</time>
</trkpt>
<trkpt lat="37.5280372" lon="127.2854693">
<ele>39.667</ele>
<time>2026-08-28T23:43:10Z</time>
</trkpt>
<trkpt lat="37.5280067" lon="127.2855079">
<ele>40.065</ele>
<time>2026-08-28T23:43:11Z</time>
</trkpt>
<trkpt lat="37.5279759" lon="127.285545">
<ele>40.02</ele>
<time>2026-08-28T23:43:12Z</time>
</trkpt>
<trkpt lat="37.527945" lon="127.285581">
<ele>39.949</ele>
<time>2026-08-28T23:43:13Z</time>
</trkpt>
<trkpt lat="37.5279139" lon="127.2856164">
<ele>39.903</ele>
<time>2026-08-28T23:43:14Z</time>
</trkpt>
<trkpt lat="37.5278826" lon="127.2856512">
<ele>39.834</ele>
<time>2026-08-28T23:43:15Z</time>
</trkpt>
<trkpt lat="37.5278509" lon="127.2856859">
<ele>39.522</ele>
<time>2026-08-28T23:43:16Z</time>
</trkpt>
<trkpt lat="37.5278186" lon="127.2857205">
<ele>39.025</ele>
<time>2026-08-28T23:43:17Z</time>
</trkpt>
<trkpt lat="37.5277852" lon="127.2857552">
<ele>38.853</ele>
<time>2026-08-28T23:43:18Z</time>
</trkpt>
<trkpt lat="37.5277507" lon="127.2857899">
<ele>38.81</ele>
<time>2026-08-28T23:43:19Z</time>
</trkpt>
<trkpt lat="37.5277152" lon="127.2858244">
<ele>38.787</ele>
<time>2026-08-28T23:43:20Z</time>
</trkpt>
<trkpt lat="37.5276791" lon="127.2858586">
<ele>38.689</ele>
<time>2026-08-28T23:43:21Z</time>
</trkpt>
<trkpt lat="37.5276423" lon="127.2858925">
<ele>38.624</ele>
<time>2026-08-28T23:43:22Z</time>
</trkpt>
<trkpt lat="37.5276055" lon="127.2859262">
<ele>38.182</ele>
<time>2026-08-28T23:43:23Z</time>
</trkpt>
<trkpt lat="37.5275682" lon="127.2859596">
<ele>37.809</ele>
<time>2026-08-28T23:43:24Z</time>
</trkpt>
<trkpt lat="37.5275306" lon="127.2859925">
<ele>37.954</ele>
<time>2026-08-28T23:43:25Z</time>
</trkpt>
<trkpt lat="37.5274927" lon="127.286025">
<ele>37.782</ele>
<time>2026-08-28T23:43:26Z</time>
</trkpt>
<trkpt lat="37.5274545" lon="127.286057">
<ele>37.763</ele>
<time>2026-08-28T23:43:27Z</time>
</trkpt>
<trkpt lat="37.5274162" lon="127.2860884">
<ele>37.738</ele>
<time>2026-08-28T23:43:28Z</time>
</trkpt>
<trkpt lat="37.5273778" lon="127.2861192">
<ele>37.775</ele>
<time>2026-08-28T23:43:29Z</time>
</trkpt>
<trkpt lat="37.5273393" lon="127.2861499">
<ele>37.807</ele>
<time>2026-08-28T23:43:30Z</time>
</trkpt>
<trkpt lat="37.5273007" lon="127.2861794">
<ele>37.706</ele>
<time>2026-08-28T23:43:31Z</time>
</trkpt>
<trkpt lat="37.5272621" lon="127.2862081">
<ele>37.547</ele>
<time>2026-08-28T23:43:32Z</time>
</trkpt>
<trkpt lat="37.5272235" lon="127.2862359">
<ele>37.579</ele>
<time>2026-08-28T23:43:33Z</time>
</trkpt>
<trkpt lat="37.527185" lon="127.2862629">
<ele>37.581</ele>
<time>2026-08-28T23:43:34Z</time>
</trkpt>
<trkpt lat="37.5271463" lon="127.2862888">
<ele>37.581</ele>
<time>2026-08-28T23:43:35Z</time>
</trkpt>
<trkpt lat="37.5271074" lon="127.2863147">
<ele>37.625</ele>
<time>2026-08-28T23:43:36Z</time>
</trkpt>
<trkpt lat="37.5270681" lon="127.2863403">
<ele>37.553</ele>
<time>2026-08-28T23:43:37Z</time>
</trkpt>
<trkpt lat="37.5270282" lon="127.2863658">
<ele>37.464</ele>
<time>2026-08-28T23:43:38Z</time>
</trkpt>
<trkpt lat="37.5269875" lon="127.2863914">
<ele>37.501</ele>
<time>2026-08-28T23:43:39Z</time>
</trkpt>
<trkpt lat="37.5269459" lon="127.2864172">
<ele>37.475</ele>
<time>2026-08-28T23:43:40Z</time>
</trkpt>
<trkpt lat="37.5269036" lon="127.2864429">
<ele>37.543</ele>
<time>2026-08-28T23:43:41Z</time>
</trkpt>
<trkpt lat="37.5268609" lon="127.2864685">
<ele>37.689</ele>
<time>2026-08-28T23:43:42Z</time>
</trkpt>
<trkpt lat="37.5268181" lon="127.2864938">
<ele>37.708</ele>
<time>2026-08-28T23:43:43Z</time>
</trkpt>
<trkpt lat="37.5267758" lon="127.2865187">
<ele>37.802</ele>
<time>2026-08-28T23:43:44Z</time>
</trkpt>
<trkpt lat="37.5267342" lon="127.286543">
<ele>37.848</ele>
<time>2026-08-28T23:43:45Z</time>
</trkpt>
<trkpt lat="37.5266936" lon="127.2865666">
<ele>37.822</ele>
<time>2026-08-28T23:43:46Z</time>
</trkpt>
<trkpt lat="37.5266541" lon="127.2865895">
<ele>37.84</ele>
<time>2026-08-28T23:43:47Z</time>
</trkpt>
<trkpt lat="37.5266155" lon="127.2866119">
<ele>37.79</ele>
<time>2026-08-28T23:43:48Z</time>
</trkpt>
<trkpt lat="37.5265776" lon="127.286634">
<ele>37.981</ele>
<time>2026-08-28T23:43:49Z</time>
</trkpt>
<trkpt lat="37.52654" lon="127.2866563">
<ele>38.252</ele>
<time>2026-08-28T23:43:50Z</time>
</trkpt>
<trkpt lat="37.5265016" lon="127.2866792">
<ele>38.449</ele>
<time>2026-08-28T23:43:51Z</time>
</trkpt>
<trkpt lat="37.5264621" lon="127.2867027">
<ele>38.571</ele>
<time>2026-08-28T23:43:52Z</time>
</trkpt>
<trkpt lat="37.5264218" lon="127.2867265">
<ele>38.525</ele>
<time>2026-08-28T23:43:53Z</time>
</trkpt>
<trkpt lat="37.5263814" lon="127.2867503">
<ele>38.24</ele>
<time>2026-08-28T23:43:54Z</time>
</trkpt>
<trkpt lat="37.526342" lon="127.2867733">
<ele>38.783</ele>
<time>2026-08-28T23:43:55Z</time>
</trkpt>
<trkpt lat="37.5263027" lon="127.2867962">
<ele>39.038</ele>
<time>2026-08-28T23:43:56Z</time>
</trkpt>
<trkpt lat="37.5262636" lon="127.2868189">
<ele>39.095</ele>
<time>2026-08-28T23:43:57Z</time>
</trkpt>
<trkpt lat="37.5262246" lon="127.2868414">
<ele>39.012</ele>
<time>2026-08-28T23:43:58Z</time>
</trkpt>
<trkpt lat="37.5261859" lon="127.2868637">
<ele>38.878</ele>
<time>2026-08-28T23:43:59Z</time>
</trkpt>
<trkpt lat="37.5261473" lon="127.2868858">
<ele>38.791</ele>
<time>2026-08-28T23:44:00Z</time>
</trkpt>
<trkpt lat="37.5261088" lon="127.2869076">
<ele>38.687</ele>
<time>2026-08-28T23:44:01Z</time>
</trkpt>
<trkpt lat="37.5260707" lon="127.2869293">
<ele>38.669</ele>
<time>2026-08-28T23:44:02Z</time>
</trkpt>
<trkpt lat="37.526033" lon="127.2869505">
<ele>38.62</ele>
<time>2026-08-28T23:44:03Z</time>
</trkpt>
<trkpt lat="37.5259959" lon="127.2869716">
<ele>38.572</ele>
<time>2026-08-28T23:44:04Z</time>
</trkpt>
<trkpt lat="37.52596" lon="127.2869919">
<ele>38.539</ele>
<time>2026-08-28T23:44:05Z</time>
</trkpt>
<trkpt lat="37.5259249" lon="127.2870118">
<ele>38.548</ele>
<time>2026-08-28T23:44:06Z</time>
</trkpt>
<trkpt lat="37.5258905" lon="127.2870313">
<ele>38.513</ele>
<time>2026-08-28T23:44:07Z</time>
</trkpt>
<trkpt lat="37.5258569" lon="127.2870502">
<ele>38.631</ele>
<time>2026-08-28T23:44:08Z</time>
</trkpt>
<trkpt lat="37.525824" lon="127.2870688">
<ele>38.664</ele>
<time>2026-08-28T23:44:09Z</time>
</trkpt>
<trkpt lat="37.5257917" lon="127.2870869">
<ele>38.749</ele>
<time>2026-08-28T23:44:10Z</time>
</trkpt>
<trkpt lat="37.5257599" lon="127.2871046">
<ele>38.731</ele>
<time>2026-08-28T23:44:11Z</time>
</trkpt>
<trkpt lat="37.5257287" lon="127.287122">
<ele>38.646</ele>
<time>2026-08-28T23:44:12Z</time>
</trkpt>
<trkpt lat="37.525698" lon="127.2871391">
<ele>38.568</ele>
<time>2026-08-28T23:44:13Z</time>
</trkpt>
<trkpt lat="37.5256678" lon="127.2871559">
<ele>38.491</ele>
<time>2026-08-28T23:44:14Z</time>
</trkpt>
<trkpt lat="37.5256379" lon="127.2871723">
<ele>38.513</ele>
<time>2026-08-28T23:44:15Z</time>
</trkpt>
<trkpt lat="37.5256083" lon="127.2871885">
<ele>38.536</ele>
<time>2026-08-28T23:44:16Z</time>
</trkpt>
<trkpt lat="37.525579" lon="127.2872045">
<ele>38.453</ele>
<time>2026-08-28T23:44:17Z</time>
</trkpt>
<trkpt lat="37.5255501" lon="127.2872204">
<ele>38.458</ele>
<time>2026-08-28T23:44:18Z</time>
</trkpt>
<trkpt lat="37.5255214" lon="127.287236">
<ele>38.468</ele>
<time>2026-08-28T23:44:19Z</time>
</trkpt>
<trkpt lat="37.5254929" lon="127.2872514">
<ele>38.526</ele>
<time>2026-08-28T23:44:20Z</time>
</trkpt>
<trkpt lat="37.5254646" lon="127.2872666">
<ele>38.598</ele>
<time>2026-08-28T23:44:21Z</time>
</trkpt>
<trkpt lat="37.5254367" lon="127.2872816">
<ele>38.512</ele>
<time>2026-08-28T23:44:22Z</time>
</trkpt>
<trkpt lat="37.525409" lon="127.2872966">
<ele>38.407</ele>
<time>2026-08-28T23:44:23Z</time>
</trkpt>
<trkpt lat="37.5253816" lon="127.2873115">
<ele>38.336</ele>
<time>2026-08-28T23:44:24Z</time>
</trkpt>
<trkpt lat="37.5253547" lon="127.2873261">
<ele>38.311</ele>
<time>2026-08-28T23:44:25Z</time>
</trkpt>
<trkpt lat="37.5253279" lon="127.2873409">
<ele>38.263</ele>
<time>2026-08-28T23:44:26Z</time>
</trkpt>
<trkpt lat="37.525302" lon="127.2873555">
<ele>38.254</ele>
<time>2026-08-28T23:44:27Z</time>
</trkpt>
<trkpt lat="37.525277" lon="127.2873698">
<ele>38.248</ele>
<time>2026-08-28T23:44:28Z</time>
</trkpt>
<trkpt lat="37.5252532" lon="127.287384">
<ele>38.03</ele>
<time>2026-08-28T23:44:29Z</time>
</trkpt>
<trkpt lat="37.5252305" lon="127.2873979">
<ele>37.826</ele>
<time>2026-08-28T23:44:30Z</time>
</trkpt>
<trkpt lat="37.5252089" lon="127.2874114">
<ele>37.64</ele>
<time>2026-08-28T23:44:31Z</time>
</trkpt>
<trkpt lat="37.5251887" lon="127.2874246">
<ele>37.591</ele>
<time>2026-08-28T23:44:32Z</time>
</trkpt>
<trkpt lat="37.5251696" lon="127.2874375">
<ele>37.531</ele>
<time>2026-08-28T23:44:33Z</time>
</trkpt>
<trkpt lat="37.5251516" lon="127.2874499">
<ele>37.537</ele>
<time>2026-08-28T23:44:34Z</time>
</trkpt>
<trkpt lat="37.5251347" lon="127.287462">
<ele>37.551</ele>
<time>2026-08-28T23:44:35Z</time>
</trkpt>
<trkpt lat="37.5251188" lon="127.2874737">
<ele>37.564</ele>
<time>2026-08-28T23:44:36Z</time>
</trkpt>
<trkpt lat="37.5251038" lon="127.287485">
<ele>37.549</ele>
<time>2026-08-28T23:44:37Z</time>
</trkpt>
<trkpt lat="37.5250894" lon="127.2874955">
<ele>37.577</ele>
<time>2026-08-28T23:44:38Z</time>
</trkpt>
<trkpt lat="37.5250754" lon="127.2875054">
<ele>37.557</ele>
<time>2026-08-28T23:44:39Z</time>
</trkpt>
<trkpt lat="37.5250616" lon="127.2875148">
<ele>37.573</ele>
<time>2026-08-28T23:44:40Z</time>
</trkpt>
<trkpt lat="37.5250478" lon="127.2875239">
<ele>37.638</ele>
<time>2026-08-28T23:44:41Z</time>
</trkpt>
<trkpt lat="37.5250339" lon="127.2875327">
<ele>37.641</ele>
<time>2026-08-28T23:44:42Z</time>
</trkpt>
<trkpt lat="37.5250197" lon="127.2875412">
<ele>37.685</ele>
<time>2026-08-28T23:44:43Z</time>
</trkpt>
<trkpt lat="37.525005" lon="127.2875494">
<ele>37.697</ele>
<time>2026-08-28T23:44:44Z</time>
</trkpt>
<trkpt lat="37.5249895" lon="127.2875576">
<ele>37.714</ele>
<time>2026-08-28T23:44:45Z</time>
</trkpt>
<trkpt lat="37.5249732" lon="127.2875659">
<ele>37.677</ele>
<time>2026-08-28T23:44:46Z</time>
</trkpt>
<trkpt lat="37.5249559" lon="127.2875744">
<ele>37.678</ele>
<time>2026-08-28T23:44:47Z</time>
</trkpt>
<trkpt lat="37.5249376" lon="127.2875833">
<ele>37.636</ele>
<time>2026-08-28T23:44:48Z</time>
</trkpt>
<trkpt lat="37.5249181" lon="127.2875926">
<ele>37.626</ele>
<time>2026-08-28T23:44:49Z</time>
</trkpt>
<trkpt lat="37.5248975" lon="127.2876026">
<ele>37.619</ele>
<time>2026-08-28T23:44:50Z</time>
</trkpt>
<trkpt lat="37.5248758" lon="127.2876132">
<ele>37.638</ele>
<time>2026-08-28T23:44:51Z</time>
</trkpt>
<trkpt lat="37.5248532" lon="127.2876246">
<ele>37.607</ele>
<time>2026-08-28T23:44:52Z</time>
</trkpt>
<trkpt lat="37.5248296" lon="127.2876368">
<ele>37.634</ele>
<time>2026-08-28T23:44:53Z</time>
</trkpt>
<trkpt lat="37.5248052" lon="127.2876497">
<ele>37.628</ele>
<time>2026-08-28T23:44:54Z</time>
</trkpt>
<trkpt lat="37.5247801" lon="127.2876634">
<ele>37.73</ele>
<time>2026-08-28T23:44:55Z</time>
</trkpt>
<trkpt lat="37.5247543" lon="127.2876779">
<ele>37.72</ele>
<time>2026-08-28T23:44:56Z</time>
</trkpt>
<trkpt lat="37.5247279" lon="127.2876931">
<ele>37.774</ele>
<time>2026-08-28T23:44:57Z</time>
</trkpt>
<trkpt lat="37.524701" lon="127.2877088">
<ele>37.709</ele>
<time>2026-08-28T23:44:58Z</time>
</trkpt>
<trkpt lat="37.5246739" lon="127.2877251">
<ele>37.714</ele>
<time>2026-08-28T23:44:59Z</time>
</trkpt>
<trkpt lat="37.5246466" lon="127.2877418">
<ele>37.617</ele>
<time>2026-08-28T23:45:00Z</time>
</trkpt>
<trkpt lat="37.5246192" lon="127.2877587">
<ele>37.608</ele>
<time>2026-08-28T23:45:01Z</time>
</trkpt>
<trkpt lat="37.5245917" lon="127.2877756">
<ele>37.562</ele>
<time>2026-08-28T23:45:02Z</time>
</trkpt>
<trkpt lat="37.5245641" lon="127.2877925">
<ele>37.605</ele>
<time>2026-08-28T23:45:03Z</time>
</trkpt>
<trkpt lat="37.5245363" lon="127.2878093">
<ele>37.603</ele>
<time>2026-08-28T23:45:04Z</time>
</trkpt>
<trkpt lat="37.5245084" lon="127.287826">
<ele>37.651</ele>
<time>2026-08-28T23:45:05Z</time>
</trkpt>
<trkpt lat="37.5244805" lon="127.2878425">
<ele>37.63</ele>
<time>2026-08-28T23:45:06Z</time>
</trkpt>
<trkpt lat="37.5244525" lon="127.2878588">
<ele>37.608</ele>
<time>2026-08-28T23:45:07Z</time>
</trkpt>
<trkpt lat="37.5244244" lon="127.2878747">
<ele>37.608</ele>
<time>2026-08-28T23:45:08Z</time>
</trkpt>
<trkpt lat="37.5243965" lon="127.2878905">
<ele>37.549</ele>
<time>2026-08-28T23:45:09Z</time>
</trkpt>
<trkpt lat="37.5243688" lon="127.287906">
<ele>37.458</ele>
<time>2026-08-28T23:45:10Z</time>
</trkpt>
<trkpt lat="37.5243412" lon="127.2879213">
<ele>37.456</ele>
<time>2026-08-28T23:45:11Z</time>
</trkpt>
<trkpt lat="37.5243137" lon="127.2879365">
<ele>37.563</ele>
<time>2026-08-28T23:45:12Z</time>
</trkpt>
<trkpt lat="37.5242862" lon="127.2879515">
<ele>37.673</ele>
<time>2026-08-28T23:45:13Z</time>
</trkpt>
<trkpt lat="37.5242588" lon="127.2879665">
<ele>37.673</ele>
<time>2026-08-28T23:45:14Z</time>
</trkpt>
<trkpt lat="37.5242314" lon="127.2879815">
<ele>37.665</ele>
<time>2026-08-28T23:45:15Z</time>
</trkpt>
<trkpt lat="37.5242041" lon="127.2879966">
<ele>37.615</ele>
<time>2026-08-28T23:45:16Z</time>
</trkpt>
<trkpt lat="37.5241769" lon="127.2880118">
<ele>37.744</ele>
<time>2026-08-28T23:45:17Z</time>
</trkpt>
<trkpt lat="37.5241497" lon="127.2880272">
<ele>37.782</ele>
<time>2026-08-28T23:45:18Z</time>
</trkpt>
<trkpt lat="37.5241225" lon="127.288043">
<ele>37.752</ele>
<time>2026-08-28T23:45:19Z</time>
</trkpt>
<trkpt lat="37.5240953" lon="127.2880591">
<ele>37.768</ele>
<time>2026-08-28T23:45:20Z</time>
</trkpt>
<trkpt lat="37.524068" lon="127.2880754">
<ele>37.812</ele>
<time>2026-08-28T23:45:21Z</time>
</trkpt>
<trkpt lat="37.5240407" lon="127.2880919">
<ele>37.783</ele>
<time>2026-08-28T23:45:22Z</time>
</trkpt>
<trkpt lat="37.5240134" lon="127.2881087">
<ele>37.737</ele>
<time>2026-08-28T23:45:23Z</time>
</trkpt>
<trkpt lat="37.5239862" lon="127.2881255">
<ele>37.776</ele>
<time>2026-08-28T23:45:24Z</time>
</trkpt>
<trkpt lat="37.523959" lon="127.2881425">
<ele>37.798</ele>
<time>2026-08-28T23:45:25Z</time>
</trkpt>
<trkpt lat="37.5239318" lon="127.2881596">
<ele>37.827</ele>
<time>2026-08-28T23:45:26Z</time>
</trkpt>
<trkpt lat="37.5239047" lon="127.288177">
<ele>37.786</ele>
<time>2026-08-28T23:45:27Z</time>
</trkpt>
<trkpt lat="37.5238776" lon="127.2881946">
<ele>37.711</ele>
<time>2026-08-28T23:45:28Z</time>
</trkpt>
<trkpt lat="37.5238501" lon="127.2882119">
<ele>37.697</ele>
<time>2026-08-28T23:45:29Z</time>
</trkpt>
<trkpt lat="37.5238226" lon="127.2882294">
<ele>37.674</ele>
<time>2026-08-28T23:45:30Z</time>
</trkpt>
<trkpt lat="37.5237952" lon="127.2882471">
<ele>37.681</ele>
<time>2026-08-28T23:45:31Z</time>
</trkpt>
<trkpt lat="37.5237681" lon="127.2882649">
<ele>37.68</ele>
<time>2026-08-28T23:45:32Z</time>
</trkpt>
<trkpt lat="37.5237413" lon="127.2882829">
<ele>37.754</ele>
<time>2026-08-28T23:45:33Z</time>
</trkpt>
<trkpt lat="37.5237147" lon="127.2883012">
<ele>37.711</ele>
<time>2026-08-28T23:45:34Z</time>
</trkpt>
<trkpt lat="37.523688" lon="127.2883198">
<ele>37.769</ele>
<time>2026-08-28T23:45:35Z</time>
</trkpt>
<trkpt lat="37.523661" lon="127.2883387">
<ele>37.823</ele>
<time>2026-08-28T23:45:36Z</time>
</trkpt>
<trkpt lat="37.5236335" lon="127.2883579">
<ele>37.76</ele>
<time>2026-08-28T23:45:37Z</time>
</trkpt>
<trkpt lat="37.5236056" lon="127.2883777">
<ele>37.737</ele>
<time>2026-08-28T23:45:38Z</time>
</trkpt>
<trkpt lat="37.5235772" lon="127.2883978">
<ele>37.773</ele>
<time>2026-08-28T23:45:39Z</time>
</trkpt>
<trkpt lat="37.5235486" lon="127.2884183">
<ele>37.819</ele>
<time>2026-08-28T23:45:40Z</time>
</trkpt>
<trkpt lat="37.5235199" lon="127.2884391">
<ele>37.808</ele>
<time>2026-08-28T23:45:41Z</time>
</trkpt>
<trkpt lat="37.5234914" lon="127.2884602">
<ele>37.817</ele>
<time>2026-08-28T23:45:42Z</time>
</trkpt>
<trkpt lat="37.5234633" lon="127.2884813">
<ele>37.872</ele>
<time>2026-08-28T23:45:43Z</time>
</trkpt>
<trkpt lat="37.5234357" lon="127.2885025">
<ele>37.925</ele>
<time>2026-08-28T23:45:44Z</time>
</trkpt>
<trkpt lat="37.5234087" lon="127.2885239">
<ele>37.918</ele>
<time>2026-08-28T23:45:45Z</time>
</trkpt>
<trkpt lat="37.5233821" lon="127.2885455">
<ele>37.913</ele>
<time>2026-08-28T23:45:46Z</time>
</trkpt>
<trkpt lat="37.5233559" lon="127.2885674">
<ele>37.904</ele>
<time>2026-08-28T23:45:47Z</time>
</trkpt>
<trkpt lat="37.5233299" lon="127.2885898">
<ele>37.958</ele>
<time>2026-08-28T23:45:48Z</time>
</trkpt>
<trkpt lat="37.5233039" lon="127.2886134">
<ele>37.963</ele>
<time>2026-08-28T23:45:49Z</time>
</trkpt>
<trkpt lat="37.5232779" lon="127.2886376">
<ele>37.929</ele>
<time>2026-08-28T23:45:50Z</time>
</trkpt>
<trkpt lat="37.523252" lon="127.2886625">
<ele>37.982</ele>
<time>2026-08-28T23:45:51Z</time>
</trkpt>
<trkpt lat="37.5232263" lon="127.288688">
<ele>38.015</ele>
<time>2026-08-28T23:45:52Z</time>
</trkpt>
<trkpt lat="37.5232008" lon="127.2887137">
<ele>38.093</ele>
<time>2026-08-28T23:45:53Z</time>
</trkpt>
<trkpt lat="37.5231751" lon="127.2887385">
<ele>38.061</ele>
<time>2026-08-28T23:45:54Z</time>
</trkpt>
<trkpt lat="37.5231496" lon="127.2887637">
<ele>37.973</ele>
<time>2026-08-28T23:45:55Z</time>
</trkpt>
<trkpt lat="37.523124" lon="127.2887891">
<ele>37.923</ele>
<time>2026-08-28T23:45:56Z</time>
</trkpt>
<trkpt lat="37.5230984" lon="127.2888148">
<ele>37.813</ele>
<time>2026-08-28T23:45:57Z</time>
</trkpt>
<trkpt lat="37.5230727" lon="127.2888404">
<ele>37.86</ele>
<time>2026-08-28T23:45:58Z</time>
</trkpt>
<trkpt lat="37.5230472" lon="127.2888664">
<ele>37.871</ele>
<time>2026-08-28T23:45:59Z</time>
</trkpt>
<trkpt lat="37.523022" lon="127.2888928">
<ele>37.824</ele>
<time>2026-08-28T23:46:00Z</time>
</trkpt>
<trkpt lat="37.5229969" lon="127.2889194">
<ele>37.936</ele>
<time>2026-08-28T23:46:01Z</time>
</trkpt>
<trkpt lat="37.5229718" lon="127.2889461">
<ele>37.835</ele>
<time>2026-08-28T23:46:02Z</time>
</trkpt>
<trkpt lat="37.5229462" lon="127.2889726">
<ele>37.782</ele>
<time>2026-08-28T23:46:03Z</time>
</trkpt>
<trkpt lat="37.5229202" lon="127.2889992">
<ele>37.794</ele>
<time>2026-08-28T23:46:04Z</time>
</trkpt>
<trkpt lat="37.522894" lon="127.2890257">
<ele>37.762</ele>
<time>2026-08-28T23:46:05Z</time>
</trkpt>
<trkpt lat="37.5228676" lon="127.2890523">
<ele>37.862</ele>
<time>2026-08-28T23:46:06Z</time>
</trkpt>
<trkpt lat="37.5228414" lon="127.289079">
<ele>37.889</ele>
<time>2026-08-28T23:46:07Z</time>
</trkpt>
<trkpt lat="37.5228155" lon="127.289106">
<ele>37.947</ele>
<time>2026-08-28T23:46:08Z</time>
</trkpt>
<trkpt lat="37.5227903" lon="127.2891332">
<ele>38.009</ele>
<time>2026-08-28T23:46:09Z</time>
</trkpt>
<trkpt lat="37.5227658" lon="127.2891606">
<ele>37.929</ele>
<time>2026-08-28T23:46:10Z</time>
</trkpt>
<trkpt lat="37.522742" lon="127.2891883">
<ele>37.815</ele>
<time>2026-08-28T23:46:11Z</time>
</trkpt>
<trkpt lat="37.5227189" lon="127.2892163">
<ele>37.791</ele>
<time>2026-08-28T23:46:12Z</time>
</trkpt>
<trkpt lat="37.5226962" lon="127.2892448">
<ele>37.907</ele>
<time>2026-08-28T23:46:13Z</time>
</trkpt>
<trkpt lat="37.5226738" lon="127.2892739">
<ele>37.842</ele>
<time>2026-08-28T23:46:14Z</time>
</trkpt>
<trkpt lat="37.5226515" lon="127.2893031">
<ele>37.871</ele>
<time>2026-08-28T23:46:15Z</time>
</trkpt>
<trkpt lat="37.5226293" lon="127.2893332">
<ele>37.849</ele>
<time>2026-08-28T23:46:16Z</time>
</trkpt>
<trkpt lat="37.5226071" lon="127.2893643">
<ele>37.772</ele>
<time>2026-08-28T23:46:17Z</time>
</trkpt>
<trkpt lat="37.5225851" lon="127.2893965">
<ele>37.773</ele>
<time>2026-08-28T23:46:18Z</time>
</trkpt>
<trkpt lat="37.5225635" lon="127.2894293">
<ele>37.885</ele>
<time>2026-08-28T23:46:19Z</time>
</trkpt>
<trkpt lat="37.5225424" lon="127.2894629">
<ele>37.832</ele>
<time>2026-08-28T23:46:20Z</time>
</trkpt>
<trkpt lat="37.5225218" lon="127.2894966">
<ele>37.908</ele>
<time>2026-08-28T23:46:21Z</time>
</trkpt>
<trkpt lat="37.5225018" lon="127.2895303">
<ele>37.971</ele>
<time>2026-08-28T23:46:22Z</time>
</trkpt>
<trkpt lat="37.5224819" lon="127.2895639">
<ele>38.092</ele>
<time>2026-08-28T23:46:23Z</time>
</trkpt>
<trkpt lat="37.5224624" lon="127.2895975">
<ele>38.139</ele>
<time>2026-08-28T23:46:24Z</time>
</trkpt>
<trkpt lat="37.5224434" lon="127.2896311">
<ele>38.134</ele>
<time>2026-08-28T23:46:25Z</time>
</trkpt>
<trkpt lat="37.5224249" lon="127.2896647">
<ele>38.092</ele>
<time>2026-08-28T23:46:26Z</time>
</trkpt>
<trkpt lat="37.5224068" lon="127.2896984">
<ele>38.041</ele>
<time>2026-08-28T23:46:27Z</time>
</trkpt>
<trkpt lat="37.5223892" lon="127.2897318">
<ele>38.029</ele>
<time>2026-08-28T23:46:28Z</time>
</trkpt>
<trkpt lat="37.5223721" lon="127.2897648">
<ele>38.023</ele>
<time>2026-08-28T23:46:29Z</time>
</trkpt>
<trkpt lat="37.5223555" lon="127.289797">
<ele>38.13</ele>
<time>2026-08-28T23:46:30Z</time>
</trkpt>
<trkpt lat="37.5223396" lon="127.2898285">
<ele>38.202</ele>
<time>2026-08-28T23:46:31Z</time>
</trkpt>
<trkpt lat="37.5223243" lon="127.2898593">
<ele>38.295</ele>
<time>2026-08-28T23:46:32Z</time>
</trkpt>
<trkpt lat="37.5223097" lon="127.2898898">
<ele>38.295</ele>
<time>2026-08-28T23:46:33Z</time>
</trkpt>
<trkpt lat="37.5222957" lon="127.2899202">
<ele>38.297</ele>
<time>2026-08-28T23:46:34Z</time>
</trkpt>
<trkpt lat="37.5222828" lon="127.289951">
<ele>38.226</ele>
<time>2026-08-28T23:46:35Z</time>
</trkpt>
<trkpt lat="37.52227" lon="127.2899819">
<ele>38.298</ele>
<time>2026-08-28T23:46:36Z</time>
</trkpt>
<trkpt lat="37.5222573" lon="127.2900128">
<ele>38.344</ele>
<time>2026-08-28T23:46:37Z</time>
</trkpt>
<trkpt lat="37.5222443" lon="127.290044">
<ele>38.353</ele>
<time>2026-08-28T23:46:38Z</time>
</trkpt>
<trkpt lat="37.5222311" lon="127.2900756">
<ele>38.403</ele>
<time>2026-08-28T23:46:39Z</time>
</trkpt>
<trkpt lat="37.5222178" lon="127.2901062">
<ele>38.352</ele>
<time>2026-08-28T23:46:40Z</time>
</trkpt>
<trkpt lat="37.522205" lon="127.2901371">
<ele>38.385</ele>
<time>2026-08-28T23:46:41Z</time>
</trkpt>
<trkpt lat="37.5221921" lon="127.290168">
<ele>38.482</ele>
<time>2026-08-28T23:46:42Z</time>
</trkpt>
<trkpt lat="37.5221791" lon="127.2901991">
<ele>38.475</ele>
<time>2026-08-28T23:46:43Z</time>
</trkpt>
<trkpt lat="37.5221658" lon="127.2902304">
<ele>38.487</ele>
<time>2026-08-28T23:46:44Z</time>
</trkpt>
<trkpt lat="37.5221522" lon="127.2902627">
<ele>38.518</ele>
<time>2026-08-28T23:46:45Z</time>
</trkpt>
<trkpt lat="37.5221384" lon="127.2902955">
<ele>38.527</ele>
<time>2026-08-28T23:46:46Z</time>
</trkpt>
<trkpt lat="37.5221247" lon="127.2903287">
<ele>38.516</ele>
<time>2026-08-28T23:46:47Z</time>
</trkpt>
<trkpt lat="37.5221109" lon="127.2903624">
<ele>38.494</ele>
<time>2026-08-28T23:46:48Z</time>
</trkpt>
<trkpt lat="37.5220971" lon="127.2903963">
<ele>38.595</ele>
<time>2026-08-28T23:46:49Z</time>
</trkpt>
<trkpt lat="37.5220837" lon="127.2904304">
<ele>38.713</ele>
<time>2026-08-28T23:46:50Z</time>
</trkpt>
<trkpt lat="37.5220707" lon="127.2904644">
<ele>38.769</ele>
<time>2026-08-28T23:46:51Z</time>
</trkpt>
<trkpt lat="37.5220586" lon="127.2904983">
<ele>38.802</ele>
<time>2026-08-28T23:46:52Z</time>
</trkpt>
<trkpt lat="37.5220473" lon="127.2905318">
<ele>38.831</ele>
<time>2026-08-28T23:46:53Z</time>
</trkpt>
<trkpt lat="37.522037" lon="127.2905648">
<ele>38.788</ele>
<time>2026-08-28T23:46:54Z</time>
</trkpt>
<trkpt lat="37.5220271" lon="127.2905977">
<ele>38.814</ele>
<time>2026-08-28T23:46:55Z</time>
</trkpt>
<trkpt lat="37.5220182" lon="127.29063">
<ele>38.8</ele>
<time>2026-08-28T23:46:56Z</time>
</trkpt>
<trkpt lat="37.5220101" lon="127.290662">
<ele>38.791</ele>
<time>2026-08-28T23:46:57Z</time>
</trkpt>
<trkpt lat="37.5220024" lon="127.290694">
<ele>38.815</ele>
<time>2026-08-28T23:46:58Z</time>
</trkpt>
<trkpt lat="37.5219949" lon="127.290726">
<ele>38.871</ele>
<time>2026-08-28T23:46:59Z</time>
</trkpt>
<trkpt lat="37.521987" lon="127.2907571">
<ele>38.869</ele>
<time>2026-08-28T23:47:00Z</time>
</trkpt>
<trkpt lat="37.5219786" lon="127.2907879">
<ele>38.955</ele>
<time>2026-08-28T23:47:01Z</time>
</trkpt>
<trkpt lat="37.5219699" lon="127.290819">
<ele>38.985</ele>
<time>2026-08-28T23:47:02Z</time>
</trkpt>
<trkpt lat="37.521961" lon="127.290851">
<ele>39.036</ele>
<time>2026-08-28T23:47:03Z</time>
</trkpt>
<trkpt lat="37.521952" lon="127.290884">
<ele>39.059</ele>
<time>2026-08-28T23:47:04Z</time>
</trkpt>
<trkpt lat="37.5219431" lon="127.2909173">
<ele>39.005</ele>
<time>2026-08-28T23:47:05Z</time>
</trkpt>
<trkpt lat="37.5219342" lon="127.2909514">
<ele>39.032</ele>
<time>2026-08-28T23:47:06Z</time>
</trkpt>
<trkpt lat="37.5219254" lon="127.2909862">
<ele>38.977</ele>
<time>2026-08-28T23:47:07Z</time>
</trkpt>
<trkpt lat="37.5219166" lon="127.2910216">
<ele>39.061</ele>
<time>2026-08-28T23:47:08Z</time>
</trkpt>
<trkpt lat="37.521908" lon="127.2910575">
<ele>39.089</ele>
<time>2026-08-28T23:47:09Z</time>
</trkpt>
<trkpt lat="37.5218996" lon="127.2910937">
<ele>39.177</ele>
<time>2026-08-28T23:47:10Z</time>
</trkpt>
<trkpt lat="37.5218913" lon="127.2911302">
<ele>39.167</ele>
<time>2026-08-28T23:47:11Z</time>
</trkpt>
<trkpt lat="37.5218833" lon="127.291167">
<ele>39.198</ele>
<time>2026-08-28T23:47:12Z</time>
</trkpt>
<trkpt lat="37.5218755" lon="127.2912041">
<ele>39.219</ele>
<time>2026-08-28T23:47:13Z</time>
</trkpt>
<trkpt lat="37.5218679" lon="127.2912416">
<ele>39.171</ele>
<time>2026-08-28T23:47:14Z</time>
</trkpt>
<trkpt lat="37.5218612" lon="127.2912797">
<ele>39.238</ele>
<time>2026-08-28T23:47:15Z</time>
</trkpt>
<trkpt lat="37.5218549" lon="127.2913177">
<ele>39.279</ele>
<time>2026-08-28T23:47:16Z</time>
</trkpt>
<trkpt lat="37.521849" lon="127.2913553">
<ele>39.253</ele>
<time>2026-08-28T23:47:17Z</time>
</trkpt>
<trkpt lat="37.5218434" lon="127.2913923">
<ele>39.347</ele>
<time>2026-08-28T23:47:18Z</time>
</trkpt>
<trkpt lat="37.5218381" lon="127.2914285">
<ele>39.409</ele>
<time>2026-08-28T23:47:19Z</time>
</trkpt>
<trkpt lat="37.5218323" lon="127.2914651">
<ele>39.464</ele>
<time>2026-08-28T23:47:20Z</time>
</trkpt>
<trkpt lat="37.5218268" lon="127.2915013">
<ele>39.564</ele>
<time>2026-08-28T23:47:21Z</time>
</trkpt>
<trkpt lat="37.5218215" lon="127.291537">
<ele>39.584</ele>
<time>2026-08-28T23:47:22Z</time>
</trkpt>
<trkpt lat="37.5218164" lon="127.2915719">
<ele>39.633</ele>
<time>2026-08-28T23:47:23Z</time>
</trkpt>
<trkpt lat="37.5218116" lon="127.291606">
<ele>39.654</ele>
<time>2026-08-28T23:47:24Z</time>
</trkpt>
<trkpt lat="37.5218071" lon="127.2916391">
<ele>39.643</ele>
<time>2026-08-28T23:47:25Z</time>
</trkpt>
<trkpt lat="37.5218029" lon="127.2916709">
<ele>39.705</ele>
<time>2026-08-28T23:47:26Z</time>
</trkpt>
<trkpt lat="37.521799" lon="127.2917015">
<ele>39.736</ele>
<time>2026-08-28T23:47:27Z</time>
</trkpt>
<trkpt lat="37.5217954" lon="127.2917304">
<ele>39.805</ele>
<time>2026-08-28T23:47:28Z</time>
</trkpt>
<trkpt lat="37.521792" lon="127.2917575">
<ele>39.814</ele>
<time>2026-08-28T23:47:29Z</time>
</trkpt>
<trkpt lat="37.5217889" lon="127.2917826">
<ele>39.833</ele>
<time>2026-08-28T23:47:30Z</time>
</trkpt>
<trkpt lat="37.5217862" lon="127.2918086">
<ele>39.86</ele>
<time>2026-08-28T23:47:31Z</time>
</trkpt>
<trkpt lat="37.5217837" lon="127.2918336">
<ele>39.884</ele>
<time>2026-08-28T23:47:32Z</time>
</trkpt>
<trkpt lat="37.5217815" lon="127.2918578">
<ele>39.922</ele>
<time>2026-08-28T23:47:33Z</time>
</trkpt>
<trkpt lat="37.5217796" lon="127.2918812">
<ele>39.963</ele>
<time>2026-08-28T23:47:34Z</time>
</trkpt>
<trkpt lat="37.5217779" lon="127.291904">
<ele>39.962</ele>
<time>2026-08-28T23:47:35Z</time>
</trkpt>
<trkpt lat="37.5217764" lon="127.2919264">
<ele>40.032</ele>
<time>2026-08-28T23:47:36Z</time>
</trkpt>
<trkpt lat="37.5217751" lon="127.2919485">
<ele>40.071</ele>
<time>2026-08-28T23:47:37Z</time>
</trkpt>
<trkpt lat="37.521774" lon="127.2919705">
<ele>40.114</ele>
<time>2026-08-28T23:47:38Z</time>
</trkpt>
<trkpt lat="37.5217729" lon="127.2919923">
<ele>40.078</ele>
<time>2026-08-28T23:47:39Z</time>
</trkpt>
<trkpt lat="37.521772" lon="127.292011">
<ele>40.216</ele>
<time>2026-08-28T23:48:14Z</time>
</trkpt>
<trkpt lat="37.5217714" lon="127.2920308">
<ele>40.289</ele>
<time>2026-08-28T23:48:15Z</time>
</trkpt>
<trkpt lat="37.521771" lon="127.2920538">
<ele>40.296</ele>
<time>2026-08-28T23:48:16Z</time>
</trkpt>
<trkpt lat="37.5217704" lon="127.2920803">
<ele>40.296</ele>
<time>2026-08-28T23:48:17Z</time>
</trkpt>
<trkpt lat="37.5217696" lon="127.2921081">
<ele>40.344</ele>
<time>2026-08-28T23:48:18Z</time>
</trkpt>
<trkpt lat="37.5217687" lon="127.2921327">
<ele>40.399</ele>
<time>2026-08-28T23:48:19Z</time>
</trkpt>
<trkpt lat="37.5217678" lon="127.2921556">
<ele>40.465</ele>
<time>2026-08-28T23:48:20Z</time>
</trkpt>
<trkpt lat="37.521767" lon="127.2921769">
<ele>40.498</ele>
<time>2026-08-28T23:48:21Z</time>
</trkpt>
<trkpt lat="37.5217664" lon="127.2921968">
<ele>40.44</ele>
<time>2026-08-28T23:48:22Z</time>
</trkpt>
<trkpt lat="37.521766" lon="127.2922152">
<ele>40.459</ele>
<time>2026-08-28T23:48:23Z</time>
</trkpt>
<trkpt lat="37.5217659" lon="127.2922319">
<ele>40.466</ele>
<time>2026-08-28T23:48:24Z</time>
</trkpt>
<trkpt lat="37.5217659" lon="127.2922471">
<ele>40.468</ele>
<time>2026-08-28T23:48:25Z</time>
</trkpt>
<trkpt lat="37.5217662" lon="127.2922608">
<ele>40.449</ele>
<time>2026-08-28T23:48:26Z</time>
</trkpt>
<trkpt lat="37.5217665" lon="127.2922732">
<ele>40.495</ele>
<time>2026-08-28T23:48:27Z</time>
</trkpt>
<trkpt lat="37.5217669" lon="127.2922847">
<ele>40.533</ele>
<time>2026-08-28T23:48:28Z</time>
</trkpt>
<trkpt lat="37.5217672" lon="127.2922956">
<ele>40.509</ele>
<time>2026-08-28T23:48:29Z</time>
</trkpt>
<trkpt lat="37.5217675" lon="127.2923063">
<ele>40.555</ele>
<time>2026-08-28T23:48:30Z</time>
</trkpt>
<trkpt lat="37.5217676" lon="127.2923171">
<ele>40.556</ele>
<time>2026-08-28T23:48:31Z</time>
</trkpt>
<trkpt lat="37.5217678" lon="127.2923281">
<ele>40.548</ele>
<time>2026-08-28T23:48:32Z</time>
</trkpt>
<trkpt lat="37.5217681" lon="127.2923398">
<ele>40.523</ele>
<time>2026-08-28T23:48:33Z</time>
</trkpt>
<trkpt lat="37.5217687" lon="127.2923538">
<ele>40.54</ele>
<time>2026-08-28T23:48:34Z</time>
</trkpt>
<trkpt lat="37.5217694" lon="127.2923705">
<ele>40.575</ele>
<time>2026-08-28T23:48:35Z</time>
</trkpt>
<trkpt lat="37.52177" lon="127.2923904">
<ele>40.6</ele>
<time>2026-08-28T23:48:36Z</time>
</trkpt>
<trkpt lat="37.5217707" lon="127.2924134">
<ele>40.649</ele>
<time>2026-08-28T23:48:37Z</time>
</trkpt>
<trkpt lat="37.5217714" lon="127.2924388">
<ele>40.701</ele>
<time>2026-08-28T23:48:38Z</time>
</trkpt>
<trkpt lat="37.5217721" lon="127.2924608">
<ele>40.701</ele>
<time>2026-08-28T23:48:39Z</time>
</trkpt>
<trkpt lat="37.5217729" lon="127.2924844">
<ele>40.773</ele>
<time>2026-08-28T23:48:40Z</time>
</trkpt>
<trkpt lat="37.5217735" lon="127.2925047">
<ele>40.824</ele>
<time>2026-08-28T23:48:41Z</time>
</trkpt>
<trkpt lat="37.5217742" lon="127.2925273">
<ele>40.915</ele>
<time>2026-08-28T23:48:42Z</time>
</trkpt>
<trkpt lat="37.5217749" lon="127.2925531">
<ele>40.942</ele>
<time>2026-08-28T23:48:43Z</time>
</trkpt>
<trkpt lat="37.5217757" lon="127.2925818">
<ele>40.942</ele>
<time>2026-08-28T23:48:44Z</time>
</trkpt>
<trkpt lat="37.5217768" lon="127.2926129">
<ele>40.982</ele>
<time>2026-08-28T23:48:45Z</time>
</trkpt>
<trkpt lat="37.5217783" lon="127.2926469">
<ele>41.033</ele>
<time>2026-08-28T23:48:46Z</time>
</trkpt>
<trkpt lat="37.5217799" lon="127.2926821">
<ele>41.09</ele>
<time>2026-08-28T23:48:47Z</time>
</trkpt>
<trkpt lat="37.5217818" lon="127.2927185">
<ele>41.169</ele>
<time>2026-08-28T23:48:48Z</time>
</trkpt>
<trkpt lat="37.5217842" lon="127.2927559">
<ele>41.194</ele>
<time>2026-08-28T23:48:49Z</time>
</trkpt>
<trkpt lat="37.5217871" lon="127.2927943">
<ele>41.232</ele>
<time>2026-08-28T23:48:50Z</time>
</trkpt>
<trkpt lat="37.5217907" lon="127.2928338">
<ele>41.293</ele>
<time>2026-08-28T23:48:51Z</time>
</trkpt>
<trkpt lat="37.521795" lon="127.2928742">
<ele>41.287</ele>
<time>2026-08-28T23:48:52Z</time>
</trkpt>
<trkpt lat="37.5217999" lon="127.2929155">
<ele>41.47</ele>
<time>2026-08-28T23:48:53Z</time>
</trkpt>
<trkpt lat="37.5218054" lon="127.2929574">
<ele>41.502</ele>
<time>2026-08-28T23:48:54Z</time>
</trkpt>
<trkpt lat="37.5218114" lon="127.2929997">
<ele>41.57</ele>
<time>2026-08-28T23:48:55Z</time>
</trkpt>
<trkpt lat="37.5218177" lon="127.293042">
<ele>41.588</ele>
<time>2026-08-28T23:48:56Z</time>
</trkpt>
<trkpt lat="37.5218241" lon="127.293084">
<ele>41.563</ele>
<time>2026-08-28T23:48:57Z</time>
</trkpt>
<trkpt lat="37.5218307" lon="127.2931255">
<ele>41.519</ele>
<time>2026-08-28T23:48:58Z</time>
</trkpt>
<trkpt lat="37.5218374" lon="127.2931662">
<ele>41.444</ele>
<time>2026-08-28T23:48:59Z</time>
</trkpt>
<trkpt lat="37.5218441" lon="127.2932062">
<ele>41.509</ele>
<time>2026-08-28T23:49:00Z</time>
</trkpt>
<trkpt lat="37.5218509" lon="127.2932454">
<ele>41.644</ele>
<time>2026-08-28T23:49:01Z</time>
</trkpt>
<trkpt lat="37.5218579" lon="127.2932844">
<ele>41.788</ele>
<time>2026-08-28T23:49:02Z</time>
</trkpt>
<trkpt lat="37.5218654" lon="127.2933234">
<ele>41.762</ele>
<time>2026-08-28T23:49:03Z</time>
</trkpt>
<trkpt lat="37.5218732" lon="127.2933626">
<ele>41.778</ele>
<time>2026-08-28T23:49:04Z</time>
</trkpt>
<trkpt lat="37.5218814" lon="127.2934019">
<ele>41.676</ele>
<time>2026-08-28T23:49:05Z</time>
</trkpt>
<trkpt lat="37.5218892" lon="127.2934413">
<ele>41.657</ele>
<time>2026-08-28T23:49:06Z</time>
</trkpt>
<trkpt lat="37.5218971" lon="127.2934806">
<ele>41.763</ele>
<time>2026-08-28T23:49:07Z</time>
</trkpt>
<trkpt lat="37.5219053" lon="127.2935197">
<ele>41.842</ele>
<time>2026-08-28T23:49:08Z</time>
</trkpt>
<trkpt lat="37.521913" lon="127.2935587">
<ele>42.029</ele>
<time>2026-08-28T23:49:09Z</time>
</trkpt>
<trkpt lat="37.521921" lon="127.2935979">
<ele>42.089</ele>
<time>2026-08-28T23:49:10Z</time>
</trkpt>
<trkpt lat="37.5219295" lon="127.2936373">
<ele>42.141</ele>
<time>2026-08-28T23:49:11Z</time>
</trkpt>
<trkpt lat="37.5219383" lon="127.2936766">
<ele>42.13</ele>
<time>2026-08-28T23:49:12Z</time>
</trkpt>
<trkpt lat="37.5219473" lon="127.2937158">
<ele>42.141</ele>
<time>2026-08-28T23:49:13Z</time>
</trkpt>
<trkpt lat="37.5219566" lon="127.2937547">
<ele>42.162</ele>
<time>2026-08-28T23:49:14Z</time>
</trkpt>
<trkpt lat="37.5219659" lon="127.2937936">
<ele>42.213</ele>
<time>2026-08-28T23:49:15Z</time>
</trkpt>
<trkpt lat="37.5219754" lon="127.2938327">
<ele>42.262</ele>
<time>2026-08-28T23:49:16Z</time>
</trkpt>
<trkpt lat="37.521985" lon="127.2938722">
<ele>42.314</ele>
<time>2026-08-28T23:49:17Z</time>
</trkpt>
<trkpt lat="37.521995" lon="127.2939122">
<ele>42.331</ele>
<time>2026-08-28T23:49:18Z</time>
</trkpt>
<trkpt lat="37.5220053" lon="127.293953">
<ele>42.41</ele>
<time>2026-08-28T23:49:19Z</time>
</trkpt>
<trkpt lat="37.5220163" lon="127.2939948">
<ele>42.431</ele>
<time>2026-08-28T23:49:20Z</time>
</trkpt>
<trkpt lat="37.5220281" lon="127.2940379">
<ele>42.49</ele>
<time>2026-08-28T23:49:21Z</time>
</trkpt>
<trkpt lat="37.5220409" lon="127.2940823">
<ele>42.571</ele>
<time>2026-08-28T23:49:22Z</time>
</trkpt>
<trkpt lat="37.5220548" lon="127.294128">
<ele>42.621</ele>
<time>2026-08-28T23:49:23Z</time>
</trkpt>
<trkpt lat="37.5220696" lon="127.2941747">
<ele>42.619</ele>
<time>2026-08-28T23:49:24Z</time>
</trkpt>
<trkpt lat="37.5220851" lon="127.2942218">
<ele>42.749</ele>
<time>2026-08-28T23:49:25Z</time>
</trkpt>
<trkpt lat="37.5221011" lon="127.2942687">
<ele>42.844</ele>
<time>2026-08-28T23:49:26Z</time>
</trkpt>
<trkpt lat="37.5221175" lon="127.294315">
<ele>42.919</ele>
<time>2026-08-28T23:49:27Z</time>
</trkpt>
<trkpt lat="37.5221342" lon="127.2943607">
<ele>42.735</ele>
<time>2026-08-28T23:49:28Z</time>
</trkpt>
<trkpt lat="37.5221512" lon="127.2944054">
<ele>42.626</ele>
<time>2026-08-28T23:49:29Z</time>
</trkpt>
<trkpt lat="37.5221684" lon="127.2944498">
<ele>42.528</ele>
<time>2026-08-28T23:49:30Z</time>
</trkpt>
<trkpt lat="37.5221858" lon="127.2944936">
<ele>42.45</ele>
<time>2026-08-28T23:49:31Z</time>
</trkpt>
<trkpt lat="37.522204" lon="127.2945371">
<ele>42.66</ele>
<time>2026-08-28T23:49:32Z</time>
</trkpt>
<trkpt lat="37.5222233" lon="127.2945806">
<ele>42.728</ele>
<time>2026-08-28T23:49:33Z</time>
</trkpt>
<trkpt lat="37.5222403" lon="127.2946247">
<ele>42.793</ele>
<time>2026-08-28T23:49:34Z</time>
</trkpt>
<trkpt lat="37.5222576" lon="127.2946685">
<ele>42.87</ele>
<time>2026-08-28T23:49:35Z</time>
</trkpt>
<trkpt lat="37.5222752" lon="127.294712">
<ele>42.882</ele>
<time>2026-08-28T23:49:36Z</time>
</trkpt>
<trkpt lat="37.5222935" lon="127.294755">
<ele>42.895</ele>
<time>2026-08-28T23:49:37Z</time>
</trkpt>
<trkpt lat="37.5223129" lon="127.2947977">
<ele>42.825</ele>
<time>2026-08-28T23:49:38Z</time>
</trkpt>
<trkpt lat="37.5223342" lon="127.2948399">
<ele>42.856</ele>
<time>2026-08-28T23:49:39Z</time>
</trkpt>
<trkpt lat="37.522356" lon="127.2948811">
<ele>42.901</ele>
<time>2026-08-28T23:49:40Z</time>
</trkpt>
<trkpt lat="37.5223778" lon="127.2949206">
<ele>42.853</ele>
<time>2026-08-28T23:49:41Z</time>
</trkpt>
<trkpt lat="37.5223995" lon="127.294958">
<ele>42.842</ele>
<time>2026-08-28T23:49:42Z</time>
</trkpt>
<trkpt lat="37.5224213" lon="127.2949938">
<ele>42.914</ele>
<time>2026-08-28T23:49:43Z</time>
</trkpt>
<trkpt lat="37.5224437" lon="127.2950288">
<ele>42.964</ele>
<time>2026-08-28T23:49:44Z</time>
</trkpt>
<trkpt lat="37.5224674" lon="127.295064">
<ele>42.874</ele>
<time>2026-08-28T23:49:45Z</time>
</trkpt>
<trkpt lat="37.5224927" lon="127.2951">
<ele>42.855</ele>
<time>2026-08-28T23:49:46Z</time>
</trkpt>
<trkpt lat="37.5225192" lon="127.2951369">
<ele>42.856</ele>
<time>2026-08-28T23:49:47Z</time>
</trkpt>
<trkpt lat="37.5225463" lon="127.295174">
<ele>42.97</ele>
<time>2026-08-28T23:49:48Z</time>
</trkpt>
<trkpt lat="37.5225733" lon="127.2952109">
<ele>43.03</ele>
<time>2026-08-28T23:49:49Z</time>
</trkpt>
<trkpt lat="37.5225997" lon="127.2952469">
<ele>43.122</ele>
<time>2026-08-28T23:49:50Z</time>
</trkpt>
<trkpt lat="37.5226253" lon="127.295282">
<ele>43.129</ele>
<time>2026-08-28T23:49:51Z</time>
</trkpt>
<trkpt lat="37.5226502" lon="127.2953161">
<ele>43.258</ele>
<time>2026-08-28T23:49:52Z</time>
</trkpt>
<trkpt lat="37.5226747" lon="127.2953493">
<ele>43.204</ele>
<time>2026-08-28T23:49:53Z</time>
</trkpt>
<trkpt lat="37.5226991" lon="127.2953811">
<ele>43.303</ele>
<time>2026-08-28T23:49:54Z</time>
</trkpt>
<trkpt lat="37.5227242" lon="127.2954133">
<ele>43.312</ele>
<time>2026-08-28T23:49:55Z</time>
</trkpt>
<trkpt lat="37.5227498" lon="127.2954463">
<ele>43.406</ele>
<time>2026-08-28T23:49:56Z</time>
</trkpt>
<trkpt lat="37.5227758" lon="127.2954799">
<ele>43.385</ele>
<time>2026-08-28T23:49:57Z</time>
</trkpt>
<trkpt lat="37.5228013" lon="127.2955132">
<ele>43.351</ele>
<time>2026-08-28T23:49:58Z</time>
</trkpt>
<trkpt lat="37.5228263" lon="127.2955461">
<ele>43.502</ele>
<time>2026-08-28T23:49:59Z</time>
</trkpt>
<trkpt lat="37.5228513" lon="127.2955789">
<ele>43.486</ele>
<time>2026-08-28T23:50:00Z</time>
</trkpt>
<trkpt lat="37.5228762" lon="127.2956116">
<ele>43.475</ele>
<time>2026-08-28T23:50:01Z</time>
</trkpt>
<trkpt lat="37.522901" lon="127.2956442">
<ele>43.564</ele>
<time>2026-08-28T23:50:02Z</time>
</trkpt>
<trkpt lat="37.5229256" lon="127.2956764">
<ele>43.65</ele>
<time>2026-08-28T23:50:03Z</time>
</trkpt>
<trkpt lat="37.5229502" lon="127.2957084">
<ele>43.647</ele>
<time>2026-08-28T23:50:04Z</time>
</trkpt>
<trkpt lat="37.5229747" lon="127.29574">
<ele>43.717</ele>
<time>2026-08-28T23:50:05Z</time>
</trkpt>
<trkpt lat="37.522999" lon="127.2957713">
<ele>43.769</ele>
<time>2026-08-28T23:50:06Z</time>
</trkpt>
<trkpt lat="37.5230231" lon="127.2958024">
<ele>43.812</ele>
<time>2026-08-28T23:50:07Z</time>
</trkpt>
<trkpt lat="37.5230476" lon="127.2958338">
<ele>43.88</ele>
<time>2026-08-28T23:50:08Z</time>
</trkpt>
<trkpt lat="37.5230714" lon="127.2958643">
<ele>43.947</ele>
<time>2026-08-28T23:50:09Z</time>
</trkpt>
<trkpt lat="37.523095" lon="127.2958946">
<ele>44.014</ele>
<time>2026-08-28T23:50:10Z</time>
</trkpt>
<trkpt lat="37.5231186" lon="127.2959248">
<ele>44.171</ele>
<time>2026-08-28T23:50:11Z</time>
</trkpt>
<trkpt lat="37.5231422" lon="127.2959547">
<ele>44.315</ele>
<time>2026-08-28T23:50:12Z</time>
</trkpt>
<trkpt lat="37.5231656" lon="127.2959845">
<ele>44.376</ele>
<time>2026-08-28T23:50:13Z</time>
</trkpt>
<trkpt lat="37.5231889" lon="127.2960142">
<ele>44.433</ele>
<time>2026-08-28T23:50:14Z</time>
</trkpt>
<trkpt lat="37.5232123" lon="127.2960439">
<ele>44.434</ele>
<time>2026-08-28T23:50:15Z</time>
</trkpt>
<trkpt lat="37.5232357" lon="127.2960737">
<ele>44.483</ele>
<time>2026-08-28T23:50:16Z</time>
</trkpt>
<trkpt lat="37.5232592" lon="127.2961037">
<ele>44.532</ele>
<time>2026-08-28T23:50:17Z</time>
</trkpt>
<trkpt lat="37.5232828" lon="127.2961338">
<ele>44.6</ele>
<time>2026-08-28T23:50:18Z</time>
</trkpt>
<trkpt lat="37.5233065" lon="127.2961642">
<ele>44.61</ele>
<time>2026-08-28T23:50:19Z</time>
</trkpt>
<trkpt lat="37.5233304" lon="127.2961947">
<ele>44.638</ele>
<time>2026-08-28T23:50:20Z</time>
</trkpt>
<trkpt lat="37.5233544" lon="127.2962255">
<ele>44.737</ele>
<time>2026-08-28T23:50:21Z</time>
</trkpt>
<trkpt lat="37.5233786" lon="127.2962567">
<ele>44.752</ele>
<time>2026-08-28T23:50:22Z</time>
</trkpt>
<trkpt lat="37.5234029" lon="127.2962882">
<ele>44.741</ele>
<time>2026-08-28T23:50:23Z</time>
</trkpt>
<trkpt lat="37.5234273" lon="127.2963201">
<ele>44.764</ele>
<time>2026-08-28T23:50:24Z</time>
</trkpt>
<trkpt lat="37.5234519" lon="127.2963523">
<ele>44.825</ele>
<time>2026-08-28T23:50:25Z</time>
</trkpt>
<trkpt lat="37.5234766" lon="127.2963849">
<ele>44.924</ele>
<time>2026-08-28T23:50:26Z</time>
</trkpt>
<trkpt lat="37.5235016" lon="127.2964177">
<ele>44.914</ele>
<time>2026-08-28T23:50:27Z</time>
</trkpt>
<trkpt lat="37.5235267" lon="127.2964506">
<ele>44.954</ele>
<time>2026-08-28T23:50:28Z</time>
</trkpt>
<trkpt lat="37.523552" lon="127.2964838">
<ele>45.071</ele>
<time>2026-08-28T23:50:29Z</time>
</trkpt>
<trkpt lat="37.5235775" lon="127.2965169">
<ele>45.102</ele>
<time>2026-08-28T23:50:30Z</time>
</trkpt>
<trkpt lat="37.5236032" lon="127.2965499">
<ele>45.088</ele>
<time>2026-08-28T23:50:31Z</time>
</trkpt>
<trkpt lat="37.5236291" lon="127.2965829">
<ele>45.149</ele>
<time>2026-08-28T23:50:32Z</time>
</trkpt>
<trkpt lat="37.523655" lon="127.296616">
<ele>45.237</ele>
<time>2026-08-28T23:50:33Z</time>
</trkpt>
<trkpt lat="37.5236809" lon="127.296649">
<ele>45.253</ele>
<time>2026-08-28T23:50:34Z</time>
</trkpt>
<trkpt lat="37.523707" lon="127.296682">
<ele>45.259</ele>
<time>2026-08-28T23:50:35Z</time>
</trkpt>
<trkpt lat="37.5237331" lon="127.2967148">
<ele>45.294</ele>
<time>2026-08-28T23:50:36Z</time>
</trkpt>
<trkpt lat="37.5237591" lon="127.2967476">
<ele>45.293</ele>
<time>2026-08-28T23:50:37Z</time>
</trkpt>
<trkpt lat="37.5237851" lon="127.2967803">
<ele>45.323</ele>
<time>2026-08-28T23:50:38Z</time>
</trkpt>
<trkpt lat="37.523811" lon="127.2968128">
<ele>45.295</ele>
<time>2026-08-28T23:50:39Z</time>
</trkpt>
<trkpt lat="37.5238368" lon="127.2968453">
<ele>45.285</ele>
<time>2026-08-28T23:50:40Z</time>
</trkpt>
<trkpt lat="37.5238624" lon="127.2968776">
<ele>45.269</ele>
<time>2026-08-28T23:50:41Z</time>
</trkpt>
<trkpt lat="37.523888" lon="127.2969097">
<ele>45.365</ele>
<time>2026-08-28T23:50:42Z</time>
</trkpt>
<trkpt lat="37.5239136" lon="127.2969418">
<ele>45.369</ele>
<time>2026-08-28T23:50:43Z</time>
</trkpt>
<trkpt lat="37.523939" lon="127.2969738">
<ele>45.355</ele>
<time>2026-08-28T23:50:44Z</time>
</trkpt>
<trkpt lat="37.5239643" lon="127.2970058">
<ele>45.368</ele>
<time>2026-08-28T23:50:45Z</time>
</trkpt>
<trkpt lat="37.5239895" lon="127.2970376">
<ele>45.386</ele>
<time>2026-08-28T23:50:46Z</time>
</trkpt>
<trkpt lat="37.5240144" lon="127.2970694">
<ele>45.445</ele>
<time>2026-08-28T23:50:47Z</time>
</trkpt>
<trkpt lat="37.524039" lon="127.2971013">
<ele>45.406</ele>
<time>2026-08-28T23:50:48Z</time>
</trkpt>
<trkpt lat="37.5240635" lon="127.2971332">
<ele>45.235</ele>
<time>2026-08-28T23:50:49Z</time>
</trkpt>
<trkpt lat="37.5240879" lon="127.2971651">
<ele>45.181</ele>
<time>2026-08-28T23:50:50Z</time>
</trkpt>
<trkpt lat="37.5241124" lon="127.2971971">
<ele>45.156</ele>
<time>2026-08-28T23:50:51Z</time>
</trkpt>
<trkpt lat="37.5241368" lon="127.2972291">
<ele>45.232</ele>
<time>2026-08-28T23:50:52Z</time>
</trkpt>
<trkpt lat="37.5241613" lon="127.2972612">
<ele>45.286</ele>
<time>2026-08-28T23:50:53Z</time>
</trkpt>
<trkpt lat="37.5241859" lon="127.2972933">
<ele>45.273</ele>
<time>2026-08-28T23:50:54Z</time>
</trkpt>
<trkpt lat="37.5242106" lon="127.2973255">
<ele>45.253</ele>
<time>2026-08-28T23:50:55Z</time>
</trkpt>
<trkpt lat="37.5242353" lon="127.2973579">
<ele>45.259</ele>
<time>2026-08-28T23:50:56Z</time>
</trkpt>
<trkpt lat="37.5242601" lon="127.2973903">
<ele>45.28</ele>
<time>2026-08-28T23:50:57Z</time>
</trkpt>
<trkpt lat="37.5242851" lon="127.2974229">
<ele>45.278</ele>
<time>2026-08-28T23:50:58Z</time>
</trkpt>
<trkpt lat="37.5243101" lon="127.2974555">
<ele>45.584</ele>
<time>2026-08-28T23:50:59Z</time>
</trkpt>
<trkpt lat="37.5243353" lon="127.2974883">
<ele>45.885</ele>
<time>2026-08-28T23:51:00Z</time>
</trkpt>
<trkpt lat="37.5243607" lon="127.2975212">
<ele>46.046</ele>
<time>2026-08-28T23:51:01Z</time>
</trkpt>
<trkpt lat="37.5243861" lon="127.2975541">
<ele>46.054</ele>
<time>2026-08-28T23:51:02Z</time>
</trkpt>
<trkpt lat="37.5244117" lon="127.2975872">
<ele>45.996</ele>
<time>2026-08-28T23:51:03Z</time>
</trkpt>
<trkpt lat="37.5244373" lon="127.2976203">
<ele>45.946</ele>
<time>2026-08-28T23:51:04Z</time>
</trkpt>
<trkpt lat="37.524463" lon="127.2976534">
<ele>45.886</ele>
<time>2026-08-28T23:51:05Z</time>
</trkpt>
<trkpt lat="37.5244889" lon="127.2976865">
<ele>45.83</ele>
<time>2026-08-28T23:51:06Z</time>
</trkpt>
<trkpt lat="37.5245148" lon="127.2977196">
<ele>45.619</ele>
<time>2026-08-28T23:51:07Z</time>
</trkpt>
<trkpt lat="37.5245408" lon="127.2977526">
<ele>45.388</ele>
<time>2026-08-28T23:51:08Z</time>
</trkpt>
<trkpt lat="37.524567" lon="127.2977854">
<ele>45.139</ele>
<time>2026-08-28T23:51:09Z</time>
</trkpt>
<trkpt lat="37.5245933" lon="127.2978181">
<ele>44.939</ele>
<time>2026-08-28T23:51:10Z</time>
</trkpt>
<trkpt lat="37.5246198" lon="127.2978507">
<ele>44.908</ele>
<time>2026-08-28T23:51:11Z</time>
</trkpt>
<trkpt lat="37.5246462" lon="127.2978831">
<ele>44.921</ele>
<time>2026-08-28T23:51:12Z</time>
</trkpt>
<trkpt lat="37.5246722" lon="127.2979161">
<ele>44.905</ele>
<time>2026-08-28T23:51:13Z</time>
</trkpt>
<trkpt lat="37.524698" lon="127.2979487">
<ele>44.833</ele>
<time>2026-08-28T23:51:14Z</time>
</trkpt>
<trkpt lat="37.5247239" lon="127.2979807">
<ele>44.842</ele>
<time>2026-08-28T23:51:15Z</time>
</trkpt>
<trkpt lat="37.52475" lon="127.2980121">
<ele>44.869</ele>
<time>2026-08-28T23:51:16Z</time>
</trkpt>
<trkpt lat="37.5247764" lon="127.298043">
<ele>44.802</ele>
<time>2026-08-28T23:51:17Z</time>
</trkpt>
<trkpt lat="37.5248039" lon="127.2980738">
<ele>44.772</ele>
<time>2026-08-28T23:51:18Z</time>
</trkpt>
<trkpt lat="37.5248318" lon="127.2981046">
<ele>44.893</ele>
<time>2026-08-28T23:51:19Z</time>
</trkpt>
<trkpt lat="37.5248602" lon="127.2981355">
<ele>44.837</ele>
<time>2026-08-28T23:51:20Z</time>
</trkpt>
<trkpt lat="37.5248889" lon="127.2981665">
<ele>44.882</ele>
<time>2026-08-28T23:51:21Z</time>
</trkpt>
<trkpt lat="37.5249179" lon="127.2981976">
<ele>44.801</ele>
<time>2026-08-28T23:51:22Z</time>
</trkpt>
<trkpt lat="37.5249474" lon="127.2982287">
<ele>44.718</ele>
<time>2026-08-28T23:51:23Z</time>
</trkpt>
<trkpt lat="37.5249774" lon="127.2982597">
<ele>44.719</ele>
<time>2026-08-28T23:51:24Z</time>
</trkpt>
<trkpt lat="37.5250081" lon="127.2982905">
<ele>44.789</ele>
<time>2026-08-28T23:51:25Z</time>
</trkpt>
<trkpt lat="37.5250395" lon="127.2983209">
<ele>44.751</ele>
<time>2026-08-28T23:51:26Z</time>
</trkpt>
<trkpt lat="37.5250714" lon="127.2983509">
<ele>44.681</ele>
<time>2026-08-28T23:51:27Z</time>
</trkpt>
<trkpt lat="37.5251038" lon="127.2983805">
<ele>44.575</ele>
<time>2026-08-28T23:51:28Z</time>
</trkpt>
<trkpt lat="37.5251363" lon="127.2984099">
<ele>44.539</ele>
<time>2026-08-28T23:51:29Z</time>
</trkpt>
<trkpt lat="37.5251691" lon="127.2984389">
<ele>44.579</ele>
<time>2026-08-28T23:51:30Z</time>
</trkpt>
<trkpt lat="37.5252019" lon="127.2984678">
<ele>44.497</ele>
<time>2026-08-28T23:51:31Z</time>
</trkpt>
<trkpt lat="37.5252349" lon="127.2984964">
<ele>44.519</ele>
<time>2026-08-28T23:51:32Z</time>
</trkpt>
<trkpt lat="37.5252695" lon="127.2985248">
<ele>44.47</ele>
<time>2026-08-28T23:51:33Z</time>
</trkpt>
<trkpt lat="37.5253056" lon="127.2985536">
<ele>44.418</ele>
<time>2026-08-28T23:51:34Z</time>
</trkpt>
<trkpt lat="37.5253434" lon="127.298583">
<ele>44.414</ele>
<time>2026-08-28T23:51:35Z</time>
</trkpt>
<trkpt lat="37.5253831" lon="127.2986132">
<ele>44.319</ele>
<time>2026-08-28T23:51:36Z</time>
</trkpt>
<trkpt lat="37.5254233" lon="127.2986435">
<ele>44.158</ele>
<time>2026-08-28T23:51:37Z</time>
</trkpt>
<trkpt lat="37.5254633" lon="127.2986734">
<ele>44.0</ele>
<time>2026-08-28T23:51:38Z</time>
</trkpt>
<trkpt lat="37.5255033" lon="127.2987029">
<ele>44.015</ele>
<time>2026-08-28T23:51:39Z</time>
</trkpt>
<trkpt lat="37.525543" lon="127.2987315">
<ele>43.974</ele>
<time>2026-08-28T23:51:40Z</time>
</trkpt>
<trkpt lat="37.5255824" lon="127.2987591">
<ele>43.872</ele>
<time>2026-08-28T23:51:41Z</time>
</trkpt>
<trkpt lat="37.5256215" lon="127.2987853">
<ele>43.771</ele>
<time>2026-08-28T23:51:42Z</time>
</trkpt>
<trkpt lat="37.5256605" lon="127.2988103">
<ele>43.758</ele>
<time>2026-08-28T23:51:43Z</time>
</trkpt>
<trkpt lat="37.5256996" lon="127.2988341">
<ele>43.778</ele>
<time>2026-08-28T23:51:44Z</time>
</trkpt>
<trkpt lat="37.5257388" lon="127.2988568">
<ele>43.665</ele>
<time>2026-08-28T23:51:45Z</time>
</trkpt>
<trkpt lat="37.5257782" lon="127.2988787">
<ele>43.578</ele>
<time>2026-08-28T23:51:46Z</time>
</trkpt>
<trkpt lat="37.5258177" lon="127.2988998">
<ele>43.539</ele>
<time>2026-08-28T23:51:47Z</time>
</trkpt>
<trkpt lat="37.5258573" lon="127.2989207">
<ele>43.5</ele>
<time>2026-08-28T23:51:48Z</time>
</trkpt>
<trkpt lat="37.525897" lon="127.298941">
<ele>43.508</ele>
<time>2026-08-28T23:51:49Z</time>
</trkpt>
<trkpt lat="37.5259366" lon="127.2989609">
<ele>43.392</ele>
<time>2026-08-28T23:51:50Z</time>
</trkpt>
<trkpt lat="37.5259763" lon="127.2989798">
<ele>43.353</ele>
<time>2026-08-28T23:51:51Z</time>
</trkpt>
<trkpt lat="37.526016" lon="127.298998">
<ele>43.48</ele>
<time>2026-08-28T23:51:52Z</time>
</trkpt>
<trkpt lat="37.5260559" lon="127.2990149">
<ele>43.47</ele>
<time>2026-08-28T23:51:53Z</time>
</trkpt>
<trkpt lat="37.5260962" lon="127.2990311">
<ele>43.406</ele>
<time>2026-08-28T23:51:54Z</time>
</trkpt>
<trkpt lat="37.526137" lon="127.2990468">
<ele>43.302</ele>
<time>2026-08-28T23:51:55Z</time>
</trkpt>
<trkpt lat="37.526178" lon="127.2990626">
<ele>43.15</ele>
<time>2026-08-28T23:51:56Z</time>
</trkpt>
<trkpt lat="37.5262196" lon="127.299078">
<ele>43.083</ele>
<time>2026-08-28T23:51:57Z</time>
</trkpt>
<trkpt lat="37.5262617" lon="127.2990932">
<ele>42.882</ele>
<time>2026-08-28T23:51:58Z</time>
</trkpt>
<trkpt lat="37.5263043" lon="127.2991081">
<ele>42.764</ele>
<time>2026-08-28T23:51:59Z</time>
</trkpt>
<trkpt lat="37.5263475" lon="127.2991224">
<ele>42.555</ele>
<time>2026-08-28T23:52:00Z</time>
</trkpt>
<trkpt lat="37.526391" lon="127.2991359">
<ele>42.371</ele>
<time>2026-08-28T23:52:01Z</time>
</trkpt>
<trkpt lat="37.5264347" lon="127.2991484">
<ele>42.462</ele>
<time>2026-08-28T23:52:02Z</time>
</trkpt>
<trkpt lat="37.5264786" lon="127.2991607">
<ele>42.281</ele>
<time>2026-08-28T23:52:03Z</time>
</trkpt>
<trkpt lat="37.5265224" lon="127.2991715">
<ele>42.171</ele>
<time>2026-08-28T23:52:04Z</time>
</trkpt>
<trkpt lat="37.5265655" lon="127.299181">
<ele>42.089</ele>
<time>2026-08-28T23:52:05Z</time>
</trkpt>
<trkpt lat="37.5266073" lon="127.2991895">
<ele>42.262</ele>
<time>2026-08-28T23:52:06Z</time>
</trkpt>
<trkpt lat="37.5266474" lon="127.2991978">
<ele>42.35</ele>
<time>2026-08-28T23:52:07Z</time>
</trkpt>
<trkpt lat="37.5266853" lon="127.2992059">
<ele>42.397</ele>
<time>2026-08-28T23:52:08Z</time>
</trkpt>
<trkpt lat="37.5267228" lon="127.2992136">
<ele>42.41</ele>
<time>2026-08-28T23:52:09Z</time>
</trkpt>
<trkpt lat="37.5267602" lon="127.2992205">
<ele>42.319</ele>
<time>2026-08-28T23:52:10Z</time>
</trkpt>
<trkpt lat="37.526798" lon="127.2992264">
<ele>42.3</ele>
<time>2026-08-28T23:52:11Z</time>
</trkpt>
<trkpt lat="37.5268361" lon="127.2992314">
<ele>42.265</ele>
<time>2026-08-28T23:52:12Z</time>
</trkpt>
<trkpt lat="37.5268744" lon="127.299236">
<ele>42.222</ele>
<time>2026-08-28T23:52:13Z</time>
</trkpt>
<trkpt lat="37.526913" lon="127.2992398">
<ele>42.087</ele>
<time>2026-08-28T23:52:14Z</time>
</trkpt>
<trkpt lat="37.5269518" lon="127.2992426">
<ele>42.18</ele>
<time>2026-08-28T23:52:15Z</time>
</trkpt>
<trkpt lat="37.5269908" lon="127.2992446">
<ele>42.095</ele>
<time>2026-08-28T23:52:16Z</time>
</trkpt>
<trkpt lat="37.5270298" lon="127.2992456">
<ele>41.97</ele>
<time>2026-08-28T23:52:17Z</time>
</trkpt>
<trkpt lat="37.5270686" lon="127.2992459">
<ele>42.159</ele>
<time>2026-08-28T23:52:18Z</time>
</trkpt>
<trkpt lat="37.5271071" lon="127.2992454">
<ele>42.188</ele>
<time>2026-08-28T23:52:19Z</time>
</trkpt>
<trkpt lat="37.5271453" lon="127.2992444">
<ele>42.242</ele>
<time>2026-08-28T23:52:20Z</time>
</trkpt>
<trkpt lat="37.5271833" lon="127.2992432">
<ele>42.284</ele>
<time>2026-08-28T23:52:21Z</time>
</trkpt>
<trkpt lat="37.5272209" lon="127.2992414">
<ele>42.252</ele>
<time>2026-08-28T23:52:22Z</time>
</trkpt>
<trkpt lat="37.5272584" lon="127.2992392">
<ele>42.239</ele>
<time>2026-08-28T23:52:23Z</time>
</trkpt>
<trkpt lat="37.5272957" lon="127.2992369">
<ele>42.288</ele>
<time>2026-08-28T23:52:24Z</time>
</trkpt>
<trkpt lat="37.527333" lon="127.2992348">
<ele>42.325</ele>
<time>2026-08-28T23:52:25Z</time>
</trkpt>
<trkpt lat="37.5273703" lon="127.299233">
<ele>42.238</ele>
<time>2026-08-28T23:52:26Z</time>
</trkpt>
<trkpt lat="37.5274076" lon="127.2992314">
<ele>42.272</ele>
<time>2026-08-28T23:52:27Z</time>
</trkpt>
<trkpt lat="37.5274449" lon="127.2992298">
<ele>42.309</ele>
<time>2026-08-28T23:52:28Z</time>
</trkpt>
<trkpt lat="37.5274821" lon="127.2992283">
<ele>42.249</ele>
<time>2026-08-28T23:52:29Z</time>
</trkpt>
<trkpt lat="37.5275189" lon="127.2992268">
<ele>42.229</ele>
<time>2026-08-28T23:52:30Z</time>
</trkpt>
<trkpt lat="37.5275554" lon="127.2992251">
<ele>42.32</ele>
<time>2026-08-28T23:52:31Z</time>
</trkpt>
<trkpt lat="37.5275914" lon="127.2992232">
<ele>42.31</ele>
<time>2026-08-28T23:52:32Z</time>
</trkpt>
<trkpt lat="37.5276269" lon="127.2992211">
<ele>42.278</ele>
<time>2026-08-28T23:52:33Z</time>
</trkpt>
<trkpt lat="37.5276617" lon="127.2992188">
<ele>42.187</ele>
<time>2026-08-28T23:52:34Z</time>
</trkpt>
<trkpt lat="37.527696" lon="127.2992165">
<ele>42.181</ele>
<time>2026-08-28T23:52:35Z</time>
</trkpt>
<trkpt lat="37.5277298" lon="127.2992142">
<ele>42.12</ele>
<time>2026-08-28T23:52:36Z</time>
</trkpt>
<trkpt lat="37.5277635" lon="127.299212">
<ele>42.112</ele>
<time>2026-08-28T23:52:37Z</time>
</trkpt>
<trkpt lat="37.5277971" lon="127.2992097">
<ele>42.121</ele>
<time>2026-08-28T23:52:38Z</time>
</trkpt>
<trkpt lat="37.5278309" lon="127.2992072">
<ele>42.025</ele>
<time>2026-08-28T23:52:39Z</time>
</trkpt>
<trkpt lat="37.527865" lon="127.2992042">
<ele>42.14</ele>
<time>2026-08-28T23:52:40Z</time>
</trkpt>
<trkpt lat="37.5278994" lon="127.2991998">
<ele>42.148</ele>
<time>2026-08-28T23:52:41Z</time>
</trkpt>
<trkpt lat="37.5279339" lon="127.299195">
<ele>42.161</ele>
<time>2026-08-28T23:52:42Z</time>
</trkpt>
<trkpt lat="37.5279686" lon="127.2991902">
<ele>42.218</ele>
<time>2026-08-28T23:52:43Z</time>
</trkpt>
<trkpt lat="37.5280034" lon="127.2991855">
<ele>42.205</ele>
<time>2026-08-28T23:52:44Z</time>
</trkpt>
<trkpt lat="37.5280384" lon="127.299181">
<ele>42.164</ele>
<time>2026-08-28T23:52:45Z</time>
</trkpt>
<trkpt lat="37.5280732" lon="127.2991768">
<ele>42.203</ele>
<time>2026-08-28T23:52:46Z</time>
</trkpt>
<trkpt lat="37.5281081" lon="127.2991725">
<ele>42.143</ele>
<time>2026-08-28T23:52:47Z</time>
</trkpt>
<trkpt lat="37.5281433" lon="127.2991681">
<ele>42.097</ele>
<time>2026-08-28T23:52:48Z</time>
</trkpt>
<trkpt lat="37.5281785" lon="127.2991637">
<ele>42.048</ele>
<time>2026-08-28T23:52:49Z</time>
</trkpt>
<trkpt lat="37.5282139" lon="127.2991591">
<ele>42.052</ele>
<time>2026-08-28T23:52:50Z</time>
</trkpt>
<trkpt lat="37.5282493" lon="127.2991543">
<ele>42.06</ele>
<time>2026-08-28T23:52:51Z</time>
</trkpt>
<trkpt lat="37.5282848" lon="127.2991494">
<ele>42.051</ele>
<time>2026-08-28T23:52:52Z</time>
</trkpt>
<trkpt lat="37.5283205" lon="127.2991445">
<ele>42.056</ele>
<time>2026-08-28T23:52:53Z</time>
</trkpt>
<trkpt lat="37.5283561" lon="127.2991396">
<ele>42.094</ele>
<time>2026-08-28T23:52:54Z</time>
</trkpt>
<trkpt lat="37.5283919" lon="127.2991345">
<ele>42.16</ele>
<time>2026-08-28T23:52:55Z</time>
</trkpt>
<trkpt lat="37.5284277" lon="127.2991294">
<ele>42.077</ele>
<time>2026-08-28T23:52:56Z</time>
</trkpt>
<trkpt lat="37.5284636" lon="127.299124">
<ele>42.069</ele>
<time>2026-08-28T23:52:57Z</time>
</trkpt>
<trkpt lat="37.5284995" lon="127.2991184">
<ele>42.091</ele>
<time>2026-08-28T23:52:58Z</time>
</trkpt>
<trkpt lat="37.5285354" lon="127.2991125">
<ele>42.108</ele>
<time>2026-08-28T23:52:59Z</time>
</trkpt>
<trkpt lat="37.5285715" lon="127.2991065">
<ele>42.14</ele>
<time>2026-08-28T23:53:00Z</time>
</trkpt>
<trkpt lat="37.5286075" lon="127.2991003">
<ele>42.208</ele>
<time>2026-08-28T23:53:01Z</time>
</trkpt>
<trkpt lat="37.5286435" lon="127.2990939">
<ele>42.239</ele>
<time>2026-08-28T23:53:02Z</time>
</trkpt>
<trkpt lat="37.5286793" lon="127.2990873">
<ele>42.208</ele>
<time>2026-08-28T23:53:03Z</time>
</trkpt>
<trkpt lat="37.528715" lon="127.2990805">
<ele>42.182</ele>
<time>2026-08-28T23:53:04Z</time>
</trkpt>
<trkpt lat="37.5287507" lon="127.2990734">
<ele>42.158</ele>
<time>2026-08-28T23:53:05Z</time>
</trkpt>
<trkpt lat="37.5287863" lon="127.2990661">
<ele>42.114</ele>
<time>2026-08-28T23:53:06Z</time>
</trkpt>
<trkpt lat="37.5288218" lon="127.2990589">
<ele>42.159</ele>
<time>2026-08-28T23:53:07Z</time>
</trkpt>
<trkpt lat="37.5288571" lon="127.2990516">
<ele>42.167</ele>
<time>2026-08-28T23:53:08Z</time>
</trkpt>
<trkpt lat="37.5288923" lon="127.2990442">
<ele>42.174</ele>
<time>2026-08-28T23:53:09Z</time>
</trkpt>
<trkpt lat="37.5289273" lon="127.2990368">
<ele>42.01</ele>
<time>2026-08-28T23:53:10Z</time>
</trkpt>
<trkpt lat="37.5289622" lon="127.2990295">
<ele>42.167</ele>
<time>2026-08-28T23:53:11Z</time>
</trkpt>
<trkpt lat="37.5289969" lon="127.2990223">
<ele>42.201</ele>
<time>2026-08-28T23:53:12Z</time>
</trkpt>
<trkpt lat="37.5290315" lon="127.2990152">
<ele>42.197</ele>
<time>2026-08-28T23:53:13Z</time>
</trkpt>
<trkpt lat="37.5290661" lon="127.2990081">
<ele>42.173</ele>
<time>2026-08-28T23:53:14Z</time>
</trkpt>
<trkpt lat="37.5291008" lon="127.299001">
<ele>42.237</ele>
<time>2026-08-28T23:53:15Z</time>
</trkpt>
<trkpt lat="37.5291355" lon="127.298994">
<ele>42.251</ele>
<time>2026-08-28T23:53:16Z</time>
</trkpt>
<trkpt lat="37.5291702" lon="127.298987">
<ele>42.25</ele>
<time>2026-08-28T23:53:17Z</time>
</trkpt>
<trkpt lat="37.5292049" lon="127.29898">
<ele>42.192</ele>
<time>2026-08-28T23:53:18Z</time>
</trkpt>
<trkpt lat="37.5292396" lon="127.2989731">
<ele>42.096</ele>
<time>2026-08-28T23:53:19Z</time>
</trkpt>
<trkpt lat="37.5292745" lon="127.2989662">
<ele>42.066</ele>
<time>2026-08-28T23:53:20Z</time>
</trkpt>
<trkpt lat="37.5293096" lon="127.2989594">
<ele>42.05</ele>
<time>2026-08-28T23:53:21Z</time>
</trkpt>
<trkpt lat="37.529345" lon="127.2989526">
<ele>41.972</ele>
<time>2026-08-28T23:53:22Z</time>
</trkpt>
<trkpt lat="37.5293806" lon="127.2989459">
<ele>42.084</ele>
<time>2026-08-28T23:53:23Z</time>
</trkpt>
<trkpt lat="37.5294166" lon="127.2989392">
<ele>42.415</ele>
<time>2026-08-28T23:53:24Z</time>
</trkpt>
<trkpt lat="37.5294528" lon="127.2989325">
<ele>42.479</ele>
<time>2026-08-28T23:53:25Z</time>
</trkpt>
<trkpt lat="37.5294892" lon="127.2989259">
<ele>42.514</ele>
<time>2026-08-28T23:53:26Z</time>
</trkpt>
<trkpt lat="37.5295258" lon="127.2989193">
<ele>42.73</ele>
<time>2026-08-28T23:53:27Z</time>
</trkpt>
<trkpt lat="37.5295623" lon="127.2989127">
<ele>43.061</ele>
<time>2026-08-28T23:53:28Z</time>
</trkpt>
<trkpt lat="37.529599" lon="127.2989061">
<ele>43.234</ele>
<time>2026-08-28T23:53:29Z</time>
</trkpt>
<trkpt lat="37.5296356" lon="127.2988995">
<ele>43.461</ele>
<time>2026-08-28T23:53:30Z</time>
</trkpt>
<trkpt lat="37.5296722" lon="127.2988932">
<ele>43.402</ele>
<time>2026-08-28T23:53:31Z</time>
</trkpt>
<trkpt lat="37.5297088" lon="127.2988871">
<ele>43.067</ele>
<time>2026-08-28T23:53:32Z</time>
</trkpt>
<trkpt lat="37.5297453" lon="127.2988812">
<ele>42.897</ele>
<time>2026-08-28T23:53:33Z</time>
</trkpt>
<trkpt lat="37.5297816" lon="127.2988754">
<ele>42.897</ele>
<time>2026-08-28T23:53:34Z</time>
</trkpt>
<trkpt lat="37.5298178" lon="127.2988698">
<ele>42.96</ele>
<time>2026-08-28T23:53:35Z</time>
</trkpt>
<trkpt lat="37.5298538" lon="127.2988645">
<ele>43.004</ele>
<time>2026-08-28T23:53:36Z</time>
</trkpt>
<trkpt lat="37.5298897" lon="127.2988593">
<ele>43.024</ele>
<time>2026-08-28T23:53:37Z</time>
</trkpt>
<trkpt lat="37.5299256" lon="127.2988543">
<ele>43.041</ele>
<time>2026-08-28T23:53:39Z</time>
</trkpt>
<trkpt lat="37.5299615" lon="127.2988496">
<ele>43.085</ele>
<time>2026-08-28T23:53:40Z</time>
</trkpt>
<trkpt lat="37.5299974" lon="127.298845">
<ele>43.055</ele>
<time>2026-08-28T23:53:41Z</time>
</trkpt>
<trkpt lat="37.5300333" lon="127.2988405">
<ele>43.238</ele>
<time>2026-08-28T23:53:42Z</time>
</trkpt>
<trkpt lat="37.5300693" lon="127.298836">
<ele>43.126</ele>
<time>2026-08-28T23:53:43Z</time>
</trkpt>
<trkpt lat="37.5301053" lon="127.2988316">
<ele>43.026</ele>
<time>2026-08-28T23:53:44Z</time>
</trkpt>
<trkpt lat="37.5301404" lon="127.2988273">
<ele>43.178</ele>
<time>2026-08-28T23:53:45Z</time>
</trkpt>
<trkpt lat="37.5301757" lon="127.2988234">
<ele>43.277</ele>
<time>2026-08-28T23:53:46Z</time>
</trkpt>
<trkpt lat="37.5302117" lon="127.2988195">
<ele>43.378</ele>
<time>2026-08-28T23:53:47Z</time>
</trkpt>
<trkpt lat="37.5302483" lon="127.2988155">
<ele>43.45</ele>
<time>2026-08-28T23:53:48Z</time>
</trkpt>
<trkpt lat="37.5302855" lon="127.2988113">
<ele>43.504</ele>
<time>2026-08-28T23:53:49Z</time>
</trkpt>
<trkpt lat="37.5303233" lon="127.298807">
<ele>43.518</ele>
<time>2026-08-28T23:53:50Z</time>
</trkpt>
<trkpt lat="37.5303614" lon="127.2988026">
<ele>43.551</ele>
<time>2026-08-28T23:53:51Z</time>
</trkpt>
<trkpt lat="37.5303999" lon="127.2987982">
<ele>43.581</ele>
<time>2026-08-28T23:53:52Z</time>
</trkpt>
<trkpt lat="37.5304387" lon="127.2987938">
<ele>43.728</ele>
<time>2026-08-28T23:53:53Z</time>
</trkpt>
<trkpt lat="37.5304776" lon="127.2987896">
<ele>43.836</ele>
<time>2026-08-28T23:53:54Z</time>
</trkpt>
<trkpt lat="37.5305164" lon="127.2987857">
<ele>43.891</ele>
<time>2026-08-28T23:53:55Z</time>
</trkpt>
<trkpt lat="37.530555" lon="127.2987822">
<ele>44.01</ele>
<time>2026-08-28T23:53:56Z</time>
</trkpt>
<trkpt lat="37.5305931" lon="127.2987792">
<ele>44.094</ele>
<time>2026-08-28T23:53:57Z</time>
</trkpt>
<trkpt lat="37.5306308" lon="127.2987767">
<ele>44.14</ele>
<time>2026-08-28T23:53:58Z</time>
</trkpt>
<trkpt lat="37.5306679" lon="127.2987747">
<ele>44.227</ele>
<time>2026-08-28T23:53:59Z</time>
</trkpt>
<trkpt lat="37.5307047" lon="127.2987732">
<ele>44.185</ele>
<time>2026-08-28T23:54:00Z</time>
</trkpt>
<trkpt lat="37.5307411" lon="127.2987722">
<ele>44.163</ele>
<time>2026-08-28T23:54:01Z</time>
</trkpt>
<trkpt lat="37.5307772" lon="127.2987719">
<ele>44.156</ele>
<time>2026-08-28T23:54:02Z</time>
</trkpt>
<trkpt lat="37.5308131" lon="127.2987721">
<ele>44.162</ele>
<time>2026-08-28T23:54:03Z</time>
</trkpt>
<trkpt lat="37.5308488" lon="127.2987731">
<ele>44.262</ele>
<time>2026-08-28T23:54:04Z</time>
</trkpt>
<trkpt lat="37.5308849" lon="127.2987756">
<ele>44.284</ele>
<time>2026-08-28T23:54:05Z</time>
</trkpt>
<trkpt lat="37.5309217" lon="127.298779">
<ele>44.318</ele>
<time>2026-08-28T23:54:06Z</time>
</trkpt>
<trkpt lat="37.5309594" lon="127.2987832">
<ele>44.348</ele>
<time>2026-08-28T23:54:07Z</time>
</trkpt>
<trkpt lat="37.5309968" lon="127.2987866">
<ele>44.361</ele>
<time>2026-08-28T23:54:08Z</time>
</trkpt>
<trkpt lat="37.5310345" lon="127.2987906">
<ele>44.507</ele>
<time>2026-08-28T23:54:09Z</time>
</trkpt>
<trkpt lat="37.5310717" lon="127.2987942">
<ele>44.59</ele>
<time>2026-08-28T23:54:10Z</time>
</trkpt>
<trkpt lat="37.5311097" lon="127.2987986">
<ele>44.546</ele>
<time>2026-08-28T23:54:11Z</time>
</trkpt>
<trkpt lat="37.5311487" lon="127.2988037">
<ele>44.617</ele>
<time>2026-08-28T23:54:12Z</time>
</trkpt>
<trkpt lat="37.5311885" lon="127.2988098">
<ele>44.688</ele>
<time>2026-08-28T23:54:13Z</time>
</trkpt>
<trkpt lat="37.5312283" lon="127.2988163">
<ele>44.665</ele>
<time>2026-08-28T23:54:14Z</time>
</trkpt>
<trkpt lat="37.5312678" lon="127.2988231">
<ele>44.669</ele>
<time>2026-08-28T23:54:15Z</time>
</trkpt>
<trkpt lat="37.531307" lon="127.2988303">
<ele>44.779</ele>
<time>2026-08-28T23:54:16Z</time>
</trkpt>
<trkpt lat="37.5313457" lon="127.2988379">
<ele>44.885</ele>
<time>2026-08-28T23:54:17Z</time>
</trkpt>
<trkpt lat="37.531384" lon="127.2988461">
<ele>44.807</ele>
<time>2026-08-28T23:54:18Z</time>
</trkpt>
<trkpt lat="37.531422" lon="127.2988549">
<ele>44.921</ele>
<time>2026-08-28T23:54:19Z</time>
</trkpt>
<trkpt lat="37.5314597" lon="127.2988643">
<ele>44.976</ele>
<time>2026-08-28T23:54:20Z</time>
</trkpt>
<trkpt lat="37.5314972" lon="127.2988742">
<ele>45.002</ele>
<time>2026-08-28T23:54:21Z</time>
</trkpt>
<trkpt lat="37.5315348" lon="127.2988844">
<ele>45.029</ele>
<time>2026-08-28T23:54:22Z</time>
</trkpt>
<trkpt lat="37.5315724" lon="127.2988947">
<ele>45.028</ele>
<time>2026-08-28T23:54:23Z</time>
</trkpt>
<trkpt lat="37.5316101" lon="127.298905">
<ele>45.088</ele>
<time>2026-08-28T23:54:24Z</time>
</trkpt>
<trkpt lat="37.531648" lon="127.2989154">
<ele>45.21</ele>
<time>2026-08-28T23:54:25Z</time>
</trkpt>
<trkpt lat="37.531686" lon="127.2989257">
<ele>45.242</ele>
<time>2026-08-28T23:54:26Z</time>
</trkpt>
<trkpt lat="37.5317236" lon="127.2989362">
<ele>45.362</ele>
<time>2026-08-28T23:54:27Z</time>
</trkpt>
<trkpt lat="37.5317598" lon="127.2989469">
<ele>45.376</ele>
<time>2026-08-28T23:54:28Z</time>
</trkpt>
<trkpt lat="37.5317944" lon="127.298958">
<ele>45.411</ele>
<time>2026-08-28T23:54:29Z</time>
</trkpt>
<trkpt lat="37.5318279" lon="127.2989701">
<ele>45.358</ele>
<time>2026-08-28T23:54:30Z</time>
</trkpt>
<trkpt lat="37.5318609" lon="127.2989834">
<ele>45.388</ele>
<time>2026-08-28T23:54:31Z</time>
</trkpt>
<trkpt lat="37.531894" lon="127.2989979">
<ele>45.484</ele>
<time>2026-08-28T23:54:32Z</time>
</trkpt>
<trkpt lat="37.5319272" lon="127.2990126">
<ele>45.517</ele>
<time>2026-08-28T23:54:33Z</time>
</trkpt>
<trkpt lat="37.5319607" lon="127.2990281">
<ele>45.469</ele>
<time>2026-08-28T23:54:34Z</time>
</trkpt>
<trkpt lat="37.5319945" lon="127.2990443">
<ele>45.53</ele>
<time>2026-08-28T23:54:35Z</time>
</trkpt>
<trkpt lat="37.5320288" lon="127.2990611">
<ele>45.572</ele>
<time>2026-08-28T23:54:36Z</time>
</trkpt>
<trkpt lat="37.5320636" lon="127.2990785">
<ele>45.642</ele>
<time>2026-08-28T23:54:37Z</time>
</trkpt>
<trkpt lat="37.5320987" lon="127.2990965">
<ele>45.63</ele>
<time>2026-08-28T23:54:38Z</time>
</trkpt>
<trkpt lat="37.532134" lon="127.2991148">
<ele>45.715</ele>
<time>2026-08-28T23:54:39Z</time>
</trkpt>
<trkpt lat="37.5321694" lon="127.2991335">
<ele>45.721</ele>
<time>2026-08-28T23:54:40Z</time>
</trkpt>
<trkpt lat="37.5322048" lon="127.2991525">
<ele>45.719</ele>
<time>2026-08-28T23:54:41Z</time>
</trkpt>
<trkpt lat="37.5322399" lon="127.2991715">
<ele>45.778</ele>
<time>2026-08-28T23:54:42Z</time>
</trkpt>
<trkpt lat="37.5322748" lon="127.2991906">
<ele>45.777</ele>
<time>2026-08-28T23:54:43Z</time>
</trkpt>
<trkpt lat="37.5323087" lon="127.2992099">
<ele>45.837</ele>
<time>2026-08-28T23:54:44Z</time>
</trkpt>
<trkpt lat="37.5323416" lon="127.2992296">
<ele>45.913</ele>
<time>2026-08-28T23:54:45Z</time>
</trkpt>
<trkpt lat="37.5323736" lon="127.2992498">
<ele>45.89</ele>
<time>2026-08-28T23:54:46Z</time>
</trkpt>
<trkpt lat="37.5324049" lon="127.2992702">
<ele>45.942</ele>
<time>2026-08-28T23:54:47Z</time>
</trkpt>
<trkpt lat="37.5324361" lon="127.2992903">
<ele>46.031</ele>
<time>2026-08-28T23:54:48Z</time>
</trkpt>
<trkpt lat="37.5324694" lon="127.29931">
<ele>46.275</ele>
<time>2026-08-28T23:54:49Z</time>
</trkpt>
<trkpt lat="37.5325018" lon="127.29933">
<ele>46.398</ele>
<time>2026-08-28T23:54:50Z</time>
</trkpt>
<trkpt lat="37.5325333" lon="127.2993505">
<ele>46.409</ele>
<time>2026-08-28T23:54:51Z</time>
</trkpt>
<trkpt lat="37.5325641" lon="127.2993712">
<ele>46.488</ele>
<time>2026-08-28T23:54:52Z</time>
</trkpt>
<trkpt lat="37.5325944" lon="127.2993919">
<ele>46.472</ele>
<time>2026-08-28T23:54:53Z</time>
</trkpt>
<trkpt lat="37.532625" lon="127.2994118">
<ele>46.502</ele>
<time>2026-08-28T23:54:54Z</time>
</trkpt>
<trkpt lat="37.532656" lon="127.299431">
<ele>46.487</ele>
<time>2026-08-28T23:54:55Z</time>
</trkpt>
<trkpt lat="37.5326876" lon="127.2994498">
<ele>46.765</ele>
<time>2026-08-28T23:54:56Z</time>
</trkpt>
<trkpt lat="37.5327197" lon="127.2994685">
<ele>46.733</ele>
<time>2026-08-28T23:54:57Z</time>
</trkpt>
<trkpt lat="37.5327521" lon="127.2994873">
<ele>46.81</ele>
<time>2026-08-28T23:54:58Z</time>
</trkpt>
<trkpt lat="37.5327847" lon="127.2995067">
<ele>46.788</ele>
<time>2026-08-28T23:54:59Z</time>
</trkpt>
<trkpt lat="37.5328171" lon="127.2995269">
<ele>46.75</ele>
<time>2026-08-28T23:55:00Z</time>
</trkpt>
<trkpt lat="37.5328492" lon="127.2995481">
<ele>46.791</ele>
<time>2026-08-28T23:55:01Z</time>
</trkpt>
<trkpt lat="37.532881" lon="127.29957">
<ele>46.808</ele>
<time>2026-08-28T23:55:02Z</time>
</trkpt>
<trkpt lat="37.5329123" lon="127.2995926">
<ele>46.812</ele>
<time>2026-08-28T23:55:03Z</time>
</trkpt>
<trkpt lat="37.5329436" lon="127.2996156">
<ele>46.851</ele>
<time>2026-08-28T23:55:04Z</time>
</trkpt>
<trkpt lat="37.5329748" lon="127.2996388">
<ele>46.913</ele>
<time>2026-08-28T23:55:05Z</time>
</trkpt>
<trkpt lat="37.5330061" lon="127.2996623">
<ele>46.943</ele>
<time>2026-08-28T23:55:06Z</time>
</trkpt>
<trkpt lat="37.5330375" lon="127.2996859">
<ele>47.001</ele>
<time>2026-08-28T23:55:07Z</time>
</trkpt>
<trkpt lat="37.533069" lon="127.2997099">
<ele>47.047</ele>
<time>2026-08-28T23:55:08Z</time>
</trkpt>
<trkpt lat="37.5331001" lon="127.2997346">
<ele>47.162</ele>
<time>2026-08-28T23:55:09Z</time>
</trkpt>
<trkpt lat="37.533131" lon="127.2997598">
<ele>47.214</ele>
<time>2026-08-28T23:55:10Z</time>
</trkpt>
<trkpt lat="37.533162" lon="127.2997852">
<ele>47.325</ele>
<time>2026-08-28T23:55:11Z</time>
</trkpt>
<trkpt lat="37.5331931" lon="127.2998107">
<ele>47.368</ele>
<time>2026-08-28T23:55:12Z</time>
</trkpt>
<trkpt lat="37.5332243" lon="127.2998359">
<ele>47.472</ele>
<time>2026-08-28T23:55:13Z</time>
</trkpt>
<trkpt lat="37.5332555" lon="127.2998607">
<ele>47.488</ele>
<time>2026-08-28T23:55:14Z</time>
</trkpt>
<trkpt lat="37.5332867" lon="127.2998856">
<ele>47.571</ele>
<time>2026-08-28T23:55:15Z</time>
</trkpt>
<trkpt lat="37.533318" lon="127.2999106">
<ele>47.637</ele>
<time>2026-08-28T23:55:16Z</time>
</trkpt>
<trkpt lat="37.5333493" lon="127.2999356">
<ele>47.737</ele>
<time>2026-08-28T23:55:17Z</time>
</trkpt>
<trkpt lat="37.5333807" lon="127.2999608">
<ele>47.75</ele>
<time>2026-08-28T23:55:18Z</time>
</trkpt>
<trkpt lat="37.5334121" lon="127.2999859">
<ele>47.786</ele>
<time>2026-08-28T23:55:19Z</time>
</trkpt>
<trkpt lat="37.5334436" lon="127.300011">
<ele>47.809</ele>
<time>2026-08-28T23:55:20Z</time>
</trkpt>
<trkpt lat="37.5334752" lon="127.3000361">
<ele>47.821</ele>
<time>2026-08-28T23:55:21Z</time>
</trkpt>
<trkpt lat="37.5335069" lon="127.3000612">
<ele>47.855</ele>
<time>2026-08-28T23:55:22Z</time>
</trkpt>
<trkpt lat="37.5335389" lon="127.3000863">
<ele>47.934</ele>
<time>2026-08-28T23:55:23Z</time>
</trkpt>
<trkpt lat="37.533571" lon="127.3001114">
<ele>47.921</ele>
<time>2026-08-28T23:55:24Z</time>
</trkpt>
<trkpt lat="37.5336032" lon="127.3001364">
<ele>47.697</ele>
<time>2026-08-28T23:55:25Z</time>
</trkpt>
<trkpt lat="37.5336355" lon="127.3001613">
<ele>47.682</ele>
<time>2026-08-28T23:55:26Z</time>
</trkpt>
<trkpt lat="37.5336679" lon="127.3001862">
<ele>47.614</ele>
<time>2026-08-28T23:55:27Z</time>
</trkpt>
<trkpt lat="37.5337003" lon="127.3002111">
<ele>47.655</ele>
<time>2026-08-28T23:55:28Z</time>
</trkpt>
<trkpt lat="37.5337327" lon="127.3002359">
<ele>47.577</ele>
<time>2026-08-28T23:55:29Z</time>
</trkpt>
<trkpt lat="37.5337652" lon="127.3002606">
<ele>47.628</ele>
<time>2026-08-28T23:55:30Z</time>
</trkpt>
<trkpt lat="37.5337976" lon="127.3002854">
<ele>47.592</ele>
<time>2026-08-28T23:55:31Z</time>
</trkpt>
<trkpt lat="37.5338301" lon="127.3003102">
<ele>47.639</ele>
<time>2026-08-28T23:55:32Z</time>
</trkpt>
<trkpt lat="37.5338626" lon="127.3003351">
<ele>47.604</ele>
<time>2026-08-28T23:55:33Z</time>
</trkpt>
<trkpt lat="37.5338951" lon="127.3003601">
<ele>47.665</ele>
<time>2026-08-28T23:55:34Z</time>
</trkpt>
<trkpt lat="37.5339275" lon="127.3003851">
<ele>47.647</ele>
<time>2026-08-28T23:55:35Z</time>
</trkpt>
<trkpt lat="37.5339601" lon="127.3004102">
<ele>47.667</ele>
<time>2026-08-28T23:55:36Z</time>
</trkpt>
<trkpt lat="37.5339927" lon="127.3004354">
<ele>47.586</ele>
<time>2026-08-28T23:55:37Z</time>
</trkpt>
<trkpt lat="37.5340255" lon="127.3004606">
<ele>47.607</ele>
<time>2026-08-28T23:55:38Z</time>
</trkpt>
<trkpt lat="37.5340584" lon="127.3004862">
<ele>47.65</ele>
<time>2026-08-28T23:55:39Z</time>
</trkpt>
<trkpt lat="37.5340916" lon="127.300512">
<ele>47.662</ele>
<time>2026-08-28T23:55:40Z</time>
</trkpt>
<trkpt lat="37.534125" lon="127.3005379">
<ele>47.664</ele>
<time>2026-08-28T23:55:41Z</time>
</trkpt>
<trkpt lat="37.5341584" lon="127.300564">
<ele>47.669</ele>
<time>2026-08-28T23:55:42Z</time>
</trkpt>
<trkpt lat="37.5341919" lon="127.3005902">
<ele>47.65</ele>
<time>2026-08-28T23:55:43Z</time>
</trkpt>
<trkpt lat="37.5342256" lon="127.3006166">
<ele>47.783</ele>
<time>2026-08-28T23:55:44Z</time>
</trkpt>
<trkpt lat="37.5342593" lon="127.300643">
<ele>47.885</ele>
<time>2026-08-28T23:55:45Z</time>
</trkpt>
<trkpt lat="37.5342931" lon="127.3006696">
<ele>47.888</ele>
<time>2026-08-28T23:55:46Z</time>
</trkpt>
<trkpt lat="37.534327" lon="127.3006962">
<ele>47.856</ele>
<time>2026-08-28T23:55:47Z</time>
</trkpt>
<trkpt lat="37.534361" lon="127.3007228">
<ele>47.767</ele>
<time>2026-08-28T23:55:48Z</time>
</trkpt>
<trkpt lat="37.5343949" lon="127.3007495">
<ele>47.582</ele>
<time>2026-08-28T23:55:49Z</time>
</trkpt>
<trkpt lat="37.5344288" lon="127.3007761">
<ele>47.665</ele>
<time>2026-08-28T23:55:50Z</time>
</trkpt>
<trkpt lat="37.5344627" lon="127.3008026">
<ele>47.719</ele>
<time>2026-08-28T23:55:51Z</time>
</trkpt>
<trkpt lat="37.5344965" lon="127.3008291">
<ele>47.742</ele>
<time>2026-08-28T23:55:52Z</time>
</trkpt>
<trkpt lat="37.5345313" lon="127.3008561">
<ele>47.695</ele>
<time>2026-08-28T23:55:53Z</time>
</trkpt>
<trkpt lat="37.5345656" lon="127.3008826">
<ele>47.652</ele>
<time>2026-08-28T23:55:54Z</time>
</trkpt>
<trkpt lat="37.5345989" lon="127.3009085">
<ele>47.567</ele>
<time>2026-08-28T23:55:55Z</time>
</trkpt>
<trkpt lat="37.5346313" lon="127.3009338">
<ele>47.66</ele>
<time>2026-08-28T23:55:56Z</time>
</trkpt>
<trkpt lat="37.5346633" lon="127.3009589">
<ele>47.676</ele>
<time>2026-08-28T23:55:57Z</time>
</trkpt>
<trkpt lat="37.5346956" lon="127.3009843">
<ele>47.699</ele>
<time>2026-08-28T23:55:58Z</time>
</trkpt>
<trkpt lat="37.534728" lon="127.3010097">
<ele>47.691</ele>
<time>2026-08-28T23:55:59Z</time>
</trkpt>
<trkpt lat="37.5347607" lon="127.3010351">
<ele>47.6</ele>
<time>2026-08-28T23:56:00Z</time>
</trkpt>
<trkpt lat="37.5347937" lon="127.3010603">
<ele>47.54</ele>
<time>2026-08-28T23:56:01Z</time>
</trkpt>
<trkpt lat="37.534827" lon="127.3010853">
<ele>47.585</ele>
<time>2026-08-28T23:56:02Z</time>
</trkpt>
<trkpt lat="37.5348607" lon="127.3011099">
<ele>47.564</ele>
<time>2026-08-28T23:56:03Z</time>
</trkpt>
<trkpt lat="37.5348947" lon="127.3011341">
<ele>47.498</ele>
<time>2026-08-28T23:56:04Z</time>
</trkpt>
<trkpt lat="37.5349292" lon="127.3011581">
<ele>47.471</ele>
<time>2026-08-28T23:56:05Z</time>
</trkpt>
<trkpt lat="37.5349641" lon="127.3011821">
<ele>47.425</ele>
<time>2026-08-28T23:56:06Z</time>
</trkpt>
<trkpt lat="37.5349993" lon="127.3012064">
<ele>47.855</ele>
<time>2026-08-28T23:56:07Z</time>
</trkpt>
<trkpt lat="37.5350349" lon="127.301231">
<ele>47.619</ele>
<time>2026-08-28T23:56:08Z</time>
</trkpt>
<trkpt lat="37.5350708" lon="127.301256">
<ele>47.39</ele>
<time>2026-08-28T23:56:09Z</time>
</trkpt>
<trkpt lat="37.5351071" lon="127.3012812">
<ele>47.287</ele>
<time>2026-08-28T23:56:10Z</time>
</trkpt>
<trkpt lat="37.5351435" lon="127.3013066">
<ele>47.2</ele>
<time>2026-08-28T23:56:11Z</time>
</trkpt>
<trkpt lat="37.5351803" lon="127.301332">
<ele>47.138</ele>
<time>2026-08-28T23:56:12Z</time>
</trkpt>
<trkpt lat="37.535217" lon="127.3013571">
<ele>47.052</ele>
<time>2026-08-28T23:56:13Z</time>
</trkpt>
<trkpt lat="37.5352533" lon="127.301382">
<ele>46.963</ele>
<time>2026-08-28T23:56:14Z</time>
</trkpt>
<trkpt lat="37.5352893" lon="127.3014065">
<ele>46.93</ele>
<time>2026-08-28T23:56:15Z</time>
</trkpt>
<trkpt lat="37.5353247" lon="127.3014302">
<ele>46.858</ele>
<time>2026-08-28T23:56:16Z</time>
</trkpt>
<trkpt lat="37.5353597" lon="127.3014531">
<ele>46.877</ele>
<time>2026-08-28T23:56:17Z</time>
</trkpt>
<trkpt lat="37.5353946" lon="127.3014757">
<ele>46.872</ele>
<time>2026-08-28T23:56:18Z</time>
</trkpt>
<trkpt lat="37.5354291" lon="127.3014975">
<ele>46.799</ele>
<time>2026-08-28T23:56:19Z</time>
</trkpt>
<trkpt lat="37.5354632" lon="127.3015184">
<ele>46.826</ele>
<time>2026-08-28T23:56:20Z</time>
</trkpt>
<trkpt lat="37.535497" lon="127.3015381">
<ele>46.839</ele>
<time>2026-08-28T23:56:21Z</time>
</trkpt>
<trkpt lat="37.5355305" lon="127.3015568">
<ele>46.794</ele>
<time>2026-08-28T23:56:22Z</time>
</trkpt>
<trkpt lat="37.5355636" lon="127.3015742">
<ele>46.786</ele>
<time>2026-08-28T23:56:23Z</time>
</trkpt>
<trkpt lat="37.5355963" lon="127.3015906">
<ele>46.698</ele>
<time>2026-08-28T23:56:24Z</time>
</trkpt>
<trkpt lat="37.5356285" lon="127.3016061">
<ele>46.722</ele>
<time>2026-08-28T23:56:25Z</time>
</trkpt>
<trkpt lat="37.5356601" lon="127.3016207">
<ele>46.773</ele>
<time>2026-08-28T23:56:26Z</time>
</trkpt>
<trkpt lat="37.5356911" lon="127.3016348">
<ele>46.657</ele>
<time>2026-08-28T23:56:27Z</time>
</trkpt>
<trkpt lat="37.5357215" lon="127.3016483">
<ele>46.6</ele>
<time>2026-08-28T23:56:28Z</time>
</trkpt>
<trkpt lat="37.5357514" lon="127.3016615">
<ele>46.569</ele>
<time>2026-08-28T23:56:29Z</time>
</trkpt>
<trkpt lat="37.5357811" lon="127.3016745">
<ele>46.51</ele>
<time>2026-08-28T23:56:30Z</time>
</trkpt>
<trkpt lat="37.5358099" lon="127.3016867">
<ele>46.446</ele>
<time>2026-08-28T23:56:31Z</time>
</trkpt>
<trkpt lat="37.5358383" lon="127.3016985">
<ele>46.415</ele>
<time>2026-08-28T23:56:32Z</time>
</trkpt>
<trkpt lat="37.5358661" lon="127.3017098">
<ele>46.517</ele>
<time>2026-08-28T23:56:33Z</time>
</trkpt>
<trkpt lat="37.5358937" lon="127.3017205">
<ele>46.825</ele>
<time>2026-08-28T23:56:34Z</time>
</trkpt>
<trkpt lat="37.5359211" lon="127.3017304">
<ele>46.865</ele>
<time>2026-08-28T23:56:35Z</time>
</trkpt>
<trkpt lat="37.5359485" lon="127.3017403">
<ele>46.944</ele>
<time>2026-08-28T23:56:36Z</time>
</trkpt>
<trkpt lat="37.535976" lon="127.3017497">
<ele>46.913</ele>
<time>2026-08-28T23:56:37Z</time>
</trkpt>
<trkpt lat="37.5360036" lon="127.3017589">
<ele>46.903</ele>
<time>2026-08-28T23:56:38Z</time>
</trkpt>
<trkpt lat="37.5360311" lon="127.3017678">
<ele>46.847</ele>
<time>2026-08-28T23:56:39Z</time>
</trkpt>
<trkpt lat="37.5360585" lon="127.3017766">
<ele>46.849</ele>
<time>2026-08-28T23:56:40Z</time>
</trkpt>
<trkpt lat="37.5360855" lon="127.3017851">
<ele>46.798</ele>
<time>2026-08-28T23:56:41Z</time>
</trkpt>
<trkpt lat="37.5361118" lon="127.3017934">
<ele>46.727</ele>
<time>2026-08-28T23:56:42Z</time>
</trkpt>
<trkpt lat="37.5361368" lon="127.3018013">
<ele>46.647</ele>
<time>2026-08-28T23:56:43Z</time>
</trkpt>
<trkpt lat="37.5361597" lon="127.3018089">
<ele>46.379</ele>
<time>2026-08-28T23:56:44Z</time>
</trkpt>
<trkpt lat="37.53618" lon="127.3018159">
<ele>46.245</ele>
<time>2026-08-28T23:56:45Z</time>
</trkpt>
<trkpt lat="37.5361975" lon="127.3018221">
<ele>46.253</ele>
<time>2026-08-28T23:56:46Z</time>
</trkpt>
<trkpt lat="37.5362126" lon="127.3018275">
<ele>46.401</ele>
<time>2026-08-28T23:56:47Z</time>
</trkpt>
<trkpt lat="37.5362265" lon="127.3018324">
<ele>46.307</ele>
<time>2026-08-28T23:56:48Z</time>
</trkpt>
<trkpt lat="37.5362409" lon="127.3018371">
<ele>46.224</ele>
<time>2026-08-28T23:56:49Z</time>
</trkpt>
<trkpt lat="37.5362605" lon="127.3018423">
<ele>46.191</ele>
<time>2026-08-28T23:56:50Z</time>
</trkpt>
<trkpt lat="37.5362831" lon="127.3018475">
<ele>46.102</ele>
<time>2026-08-28T23:57:36Z</time>
</trkpt>
<trkpt lat="37.5363069" lon="127.3018523">
<ele>46.097</ele>
<time>2026-08-28T23:57:37Z</time>
</trkpt>
<trkpt lat="37.5363308" lon="127.3018566">
<ele>46.128</ele>
<time>2026-08-28T23:57:38Z</time>
</trkpt>
<trkpt lat="37.536354" lon="127.3018605">
<ele>46.279</ele>
<time>2026-08-28T23:57:39Z</time>
</trkpt>
<trkpt lat="37.5363751" lon="127.3018645">
<ele>46.621</ele>
<time>2026-08-28T23:57:40Z</time>
</trkpt>
<trkpt lat="37.5363965" lon="127.3018683">
<ele>46.677</ele>
<time>2026-08-28T23:57:41Z</time>
</trkpt>
<trkpt lat="37.5364182" lon="127.3018717">
<ele>46.648</ele>
<time>2026-08-28T23:57:42Z</time>
</trkpt>
<trkpt lat="37.5364405" lon="127.3018749">
<ele>46.956</ele>
<time>2026-08-28T23:57:43Z</time>
</trkpt>
<trkpt lat="37.5364636" lon="127.3018778">
<ele>47.066</ele>
<time>2026-08-28T23:57:44Z</time>
</trkpt>
<trkpt lat="37.5364873" lon="127.3018805">
<ele>46.886</ele>
<time>2026-08-28T23:57:45Z</time>
</trkpt>
<trkpt lat="37.5365118" lon="127.301883">
<ele>46.715</ele>
<time>2026-08-28T23:57:46Z</time>
</trkpt>
<trkpt lat="37.5365371" lon="127.3018854">
<ele>46.769</ele>
<time>2026-08-28T23:57:47Z</time>
</trkpt>
<trkpt lat="37.5365614" lon="127.3018874">
<ele>47.008</ele>
<time>2026-08-28T23:57:48Z</time>
</trkpt>
<trkpt lat="37.5365861" lon="127.3018894">
<ele>47.238</ele>
<time>2026-08-28T23:57:49Z</time>
</trkpt>
<trkpt lat="37.5366114" lon="127.3018914">
<ele>47.309</ele>
<time>2026-08-28T23:57:50Z</time>
</trkpt>
<trkpt lat="37.5366347" lon="127.3018932">
<ele>47.363</ele>
<time>2026-08-28T23:57:51Z</time>
</trkpt>
<trkpt lat="37.5366586" lon="127.3018944">
<ele>47.397</ele>
<time>2026-08-28T23:57:52Z</time>
</trkpt>
<trkpt lat="37.5366838" lon="127.3018952">
<ele>47.352</ele>
<time>2026-08-28T23:57:53Z</time>
</trkpt>
<trkpt lat="37.536711" lon="127.3018959">
<ele>47.097</ele>
<time>2026-08-28T23:57:54Z</time>
</trkpt>
<trkpt lat="37.53674" lon="127.301897">
<ele>46.858</ele>
<time>2026-08-28T23:57:55Z</time>
</trkpt>
<trkpt lat="37.5367707" lon="127.3018998">
<ele>46.35</ele>
<time>2026-08-28T23:57:56Z</time>
</trkpt>
<trkpt lat="37.5368016" lon="127.3019034">
<ele>46.14</ele>
<time>2026-08-28T23:57:57Z</time>
</trkpt>
<trkpt lat="37.5368321" lon="127.3019076">
<ele>46.017</ele>
<time>2026-08-28T23:57:58Z</time>
</trkpt>
<trkpt lat="37.5368621" lon="127.3019117">
<ele>45.949</ele>
<time>2026-08-28T23:57:59Z</time>
</trkpt>
<trkpt lat="37.5368913" lon="127.3019154">
<ele>45.935</ele>
<time>2026-08-28T23:58:00Z</time>
</trkpt>
<trkpt lat="37.5369198" lon="127.3019182">
<ele>45.862</ele>
<time>2026-08-28T23:58:01Z</time>
</trkpt>
<trkpt lat="37.536948" lon="127.3019199">
<ele>45.826</ele>
<time>2026-08-28T23:58:02Z</time>
</trkpt>
<trkpt lat="37.5369758" lon="127.3019206">
<ele>45.844</ele>
<time>2026-08-28T23:58:03Z</time>
</trkpt>
<trkpt lat="37.5370037" lon="127.3019204">
<ele>45.784</ele>
<time>2026-08-28T23:58:04Z</time>
</trkpt>
<trkpt lat="37.5370316" lon="127.3019195">
<ele>45.769</ele>
<time>2026-08-28T23:58:05Z</time>
</trkpt>
<trkpt lat="37.5370598" lon="127.3019182">
<ele>45.692</ele>
<time>2026-08-28T23:58:06Z</time>
</trkpt>
<trkpt lat="37.5370884" lon="127.3019166">
<ele>45.655</ele>
<time>2026-08-28T23:58:07Z</time>
</trkpt>
<trkpt lat="37.5371171" lon="127.3019149">
<ele>45.656</ele>
<time>2026-08-28T23:58:08Z</time>
</trkpt>
<trkpt lat="37.5371465" lon="127.3019131">
<ele>45.738</ele>
<time>2026-08-28T23:58:09Z</time>
</trkpt>
<trkpt lat="37.5371769" lon="127.3019113">
<ele>45.715</ele>
<time>2026-08-28T23:58:10Z</time>
</trkpt>
<trkpt lat="37.5372085" lon="127.3019093">
<ele>45.672</ele>
<time>2026-08-28T23:58:11Z</time>
</trkpt>
<trkpt lat="37.5372408" lon="127.3019071">
<ele>45.781</ele>
<time>2026-08-28T23:58:12Z</time>
</trkpt>
<trkpt lat="37.5372739" lon="127.3019043">
<ele>45.723</ele>
<time>2026-08-28T23:58:13Z</time>
</trkpt>
<trkpt lat="37.5373078" lon="127.3019013">
<ele>45.757</ele>
<time>2026-08-28T23:58:14Z</time>
</trkpt>
<trkpt lat="37.5373426" lon="127.3018982">
<ele>45.754</ele>
<time>2026-08-28T23:58:15Z</time>
</trkpt>
<trkpt lat="37.5373777" lon="127.3018952">
<ele>45.63</ele>
<time>2026-08-28T23:58:16Z</time>
</trkpt>
<trkpt lat="37.5374134" lon="127.3018919">
<ele>45.585</ele>
<time>2026-08-28T23:58:17Z</time>
</trkpt>
<trkpt lat="37.5374498" lon="127.3018883">
<ele>45.586</ele>
<time>2026-08-28T23:58:18Z</time>
</trkpt>
<trkpt lat="37.5374865" lon="127.3018842">
<ele>45.546</ele>
<time>2026-08-28T23:58:19Z</time>
</trkpt>
<trkpt lat="37.5375233" lon="127.3018792">
<ele>45.509</ele>
<time>2026-08-28T23:58:20Z</time>
</trkpt>
<trkpt lat="37.53756" lon="127.3018733">
<ele>45.428</ele>
<time>2026-08-28T23:58:21Z</time>
</trkpt>
<trkpt lat="37.5375963" lon="127.3018664">
<ele>45.39</ele>
<time>2026-08-28T23:58:22Z</time>
</trkpt>
<trkpt lat="37.5376322" lon="127.3018587">
<ele>45.352</ele>
<time>2026-08-28T23:58:23Z</time>
</trkpt>
<trkpt lat="37.5376677" lon="127.3018502">
<ele>45.281</ele>
<time>2026-08-28T23:58:24Z</time>
</trkpt>
<trkpt lat="37.5377029" lon="127.3018411">
<ele>45.182</ele>
<time>2026-08-28T23:58:25Z</time>
</trkpt>
<trkpt lat="37.5377379" lon="127.3018316">
<ele>45.165</ele>
<time>2026-08-28T23:58:26Z</time>
</trkpt>
<trkpt lat="37.5377727" lon="127.3018218">
<ele>45.144</ele>
<time>2026-08-28T23:58:27Z</time>
</trkpt>
<trkpt lat="37.5378078" lon="127.3018115">
<ele>45.066</ele>
<time>2026-08-28T23:58:28Z</time>
</trkpt>
<trkpt lat="37.5378433" lon="127.3018011">
<ele>44.951</ele>
<time>2026-08-28T23:58:29Z</time>
</trkpt>
<trkpt lat="37.5378791" lon="127.3017905">
<ele>44.963</ele>
<time>2026-08-28T23:58:30Z</time>
</trkpt>
<trkpt lat="37.5379154" lon="127.3017795">
<ele>44.959</ele>
<time>2026-08-28T23:58:31Z</time>
</trkpt>
<trkpt lat="37.5379518" lon="127.3017677">
<ele>44.902</ele>
<time>2026-08-28T23:58:32Z</time>
</trkpt>
<trkpt lat="37.5379879" lon="127.3017562">
<ele>44.873</ele>
<time>2026-08-28T23:58:33Z</time>
</trkpt>
<trkpt lat="37.5380242" lon="127.3017444">
<ele>44.797</ele>
<time>2026-08-28T23:58:34Z</time>
</trkpt>
<trkpt lat="37.5380607" lon="127.3017323">
<ele>44.836</ele>
<time>2026-08-28T23:58:35Z</time>
</trkpt>
<trkpt lat="37.5380975" lon="127.30172">
<ele>44.853</ele>
<time>2026-08-28T23:58:36Z</time>
</trkpt>
<trkpt lat="37.5381345" lon="127.3017075">
<ele>44.701</ele>
<time>2026-08-28T23:58:37Z</time>
</trkpt>
<trkpt lat="37.5381718" lon="127.3016947">
<ele>44.677</ele>
<time>2026-08-28T23:58:38Z</time>
</trkpt>
<trkpt lat="37.5382094" lon="127.3016817">
<ele>44.668</ele>
<time>2026-08-28T23:58:39Z</time>
</trkpt>
<trkpt lat="37.5382471" lon="127.3016687">
<ele>44.6</ele>
<time>2026-08-28T23:58:40Z</time>
</trkpt>
<trkpt lat="37.5382849" lon="127.3016556">
<ele>44.448</ele>
<time>2026-08-28T23:58:41Z</time>
</trkpt>
<trkpt lat="37.5383228" lon="127.3016426">
<ele>44.55</ele>
<time>2026-08-28T23:58:42Z</time>
</trkpt>
<trkpt lat="37.5383608" lon="127.3016298">
<ele>44.534</ele>
<time>2026-08-28T23:58:43Z</time>
</trkpt>
<trkpt lat="37.5383987" lon="127.3016169">
<ele>44.51</ele>
<time>2026-08-28T23:58:44Z</time>
</trkpt>
<trkpt lat="37.5384366" lon="127.3016043">
<ele>44.43</ele>
<time>2026-08-28T23:58:45Z</time>
</trkpt>
<trkpt lat="37.5384744" lon="127.3015919">
<ele>44.381</ele>
<time>2026-08-28T23:58:46Z</time>
</trkpt>
<trkpt lat="37.5385122" lon="127.3015797">
<ele>44.344</ele>
<time>2026-08-28T23:58:47Z</time>
</trkpt>
<trkpt lat="37.5385499" lon="127.3015678">
<ele>44.227</ele>
<time>2026-08-28T23:58:48Z</time>
</trkpt>
<trkpt lat="37.5385876" lon="127.3015563">
<ele>44.113</ele>
<time>2026-08-28T23:58:49Z</time>
</trkpt>
<trkpt lat="37.5386252" lon="127.3015451">
<ele>44.097</ele>
<time>2026-08-28T23:58:50Z</time>
</trkpt>
<trkpt lat="37.5386628" lon="127.3015343">
<ele>44.124</ele>
<time>2026-08-28T23:58:51Z</time>
</trkpt>
<trkpt lat="37.5387004" lon="127.3015239">
<ele>44.046</ele>
<time>2026-08-28T23:58:52Z</time>
</trkpt>
<trkpt lat="37.5387381" lon="127.3015132">
<ele>43.872</ele>
<time>2026-08-28T23:58:53Z</time>
</trkpt>
<trkpt lat="37.5387751" lon="127.3015031">
<ele>43.893</ele>
<time>2026-08-28T23:58:54Z</time>
</trkpt>
<trkpt lat="37.5388115" lon="127.3014936">
<ele>43.736</ele>
<time>2026-08-28T23:58:55Z</time>
</trkpt>
<trkpt lat="37.5388479" lon="127.3014842">
<ele>43.787</ele>
<time>2026-08-28T23:58:56Z</time>
</trkpt>
<trkpt lat="37.5388846" lon="127.3014748">
<ele>43.765</ele>
<time>2026-08-28T23:58:57Z</time>
</trkpt>
<trkpt lat="37.5389226" lon="127.3014654">
<ele>43.734</ele>
<time>2026-08-28T23:58:58Z</time>
</trkpt>
<trkpt lat="37.5389615" lon="127.3014561">
<ele>43.714</ele>
<time>2026-08-28T23:58:59Z</time>
</trkpt>
<trkpt lat="37.5390012" lon="127.3014469">
<ele>43.73</ele>
<time>2026-08-28T23:59:00Z</time>
</trkpt>
<trkpt lat="37.5390418" lon="127.3014379">
<ele>43.573</ele>
<time>2026-08-28T23:59:01Z</time>
</trkpt>
<trkpt lat="37.5390832" lon="127.3014293">
<ele>43.586</ele>
<time>2026-08-28T23:59:02Z</time>
</trkpt>
<trkpt lat="37.5391252" lon="127.3014215">
<ele>43.521</ele>
<time>2026-08-28T23:59:03Z</time>
</trkpt>
<trkpt lat="37.5391674" lon="127.3014145">
<ele>43.453</ele>
<time>2026-08-28T23:59:04Z</time>
</trkpt>
<trkpt lat="37.5392094" lon="127.3014087">
<ele>43.427</ele>
<time>2026-08-28T23:59:05Z</time>
</trkpt>
<trkpt lat="37.539251" lon="127.3014038">
<ele>43.368</ele>
<time>2026-08-28T23:59:06Z</time>
</trkpt>
<trkpt lat="37.5392917" lon="127.3013997">
<ele>43.31</ele>
<time>2026-08-28T23:59:07Z</time>
</trkpt>
<trkpt lat="37.5393315" lon="127.3013964">
<ele>43.302</ele>
<time>2026-08-28T23:59:08Z</time>
</trkpt>
<trkpt lat="37.5393704" lon="127.3013934">
<ele>43.258</ele>
<time>2026-08-28T23:59:09Z</time>
</trkpt>
<trkpt lat="37.5394084" lon="127.3013908">
<ele>43.315</ele>
<time>2026-08-28T23:59:10Z</time>
</trkpt>
<trkpt lat="37.5394457" lon="127.3013884">
<ele>43.355</ele>
<time>2026-08-28T23:59:11Z</time>
</trkpt>
<trkpt lat="37.5394826" lon="127.3013863">
<ele>43.344</ele>
<time>2026-08-28T23:59:12Z</time>
</trkpt>
<trkpt lat="37.5395198" lon="127.3013849">
<ele>43.287</ele>
<time>2026-08-28T23:59:13Z</time>
</trkpt>
<trkpt lat="37.5395579" lon="127.3013843">
<ele>43.29</ele>
<time>2026-08-28T23:59:14Z</time>
</trkpt>
<trkpt lat="37.5395971" lon="127.3013849">
<ele>43.236</ele>
<time>2026-08-28T23:59:15Z</time>
</trkpt>
<trkpt lat="37.5396372" lon="127.3013865">
<ele>43.213</ele>
<time>2026-08-28T23:59:16Z</time>
</trkpt>
<trkpt lat="37.5396774" lon="127.3013889">
<ele>43.169</ele>
<time>2026-08-28T23:59:17Z</time>
</trkpt>
<trkpt lat="37.5397165" lon="127.3013901">
<ele>42.968</ele>
<time>2026-08-28T23:59:18Z</time>
</trkpt>
<trkpt lat="37.5397556" lon="127.3013918">
<ele>42.923</ele>
<time>2026-08-28T23:59:19Z</time>
</trkpt>
<trkpt lat="37.5397944" lon="127.3013925">
<ele>42.879</ele>
<time>2026-08-28T23:59:20Z</time>
</trkpt>
<trkpt lat="37.5398342" lon="127.301394">
<ele>42.867</ele>
<time>2026-08-28T23:59:21Z</time>
</trkpt>
<trkpt lat="37.5398748" lon="127.3013966">
<ele>42.842</ele>
<time>2026-08-28T23:59:22Z</time>
</trkpt>
<trkpt lat="37.5399156" lon="127.3014003">
<ele>42.763</ele>
<time>2026-08-28T23:59:23Z</time>
</trkpt>
<trkpt lat="37.539956" lon="127.3014046">
<ele>42.625</ele>
<time>2026-08-28T23:59:24Z</time>
</trkpt>
<trkpt lat="37.5399951" lon="127.3014091">
<ele>42.506</ele>
<time>2026-08-28T23:59:25Z</time>
</trkpt>
<trkpt lat="37.5400333" lon="127.3014139">
<ele>42.342</ele>
<time>2026-08-28T23:59:26Z</time>
</trkpt>
<trkpt lat="37.5400705" lon="127.3014188">
<ele>42.406</ele>
<time>2026-08-28T23:59:27Z</time>
</trkpt>
<trkpt lat="37.5401068" lon="127.3014239">
<ele>42.446</ele>
<time>2026-08-28T23:59:28Z</time>
</trkpt>
<trkpt lat="37.5401421" lon="127.3014295">
<ele>42.408</ele>
<time>2026-08-28T23:59:29Z</time>
</trkpt>
<trkpt lat="37.5401766" lon="127.3014354">
<ele>42.383</ele>
<time>2026-08-28T23:59:30Z</time>
</trkpt>
<trkpt lat="37.5402104" lon="127.301442">
<ele>42.35</ele>
<time>2026-08-28T23:59:31Z</time>
</trkpt>
<trkpt lat="37.5402438" lon="127.3014491">
<ele>42.312</ele>
<time>2026-08-28T23:59:32Z</time>
</trkpt>
<trkpt lat="37.5402769" lon="127.3014569">
<ele>42.323</ele>
<time>2026-08-28T23:59:33Z</time>
</trkpt>
<trkpt lat="37.54031" lon="127.3014653">
<ele>42.294</ele>
<time>2026-08-28T23:59:34Z</time>
</trkpt>
<trkpt lat="37.5403429" lon="127.3014743">
<ele>42.271</ele>
<time>2026-08-28T23:59:35Z</time>
</trkpt>
<trkpt lat="37.5403757" lon="127.3014836">
<ele>42.289</ele>
<time>2026-08-28T23:59:36Z</time>
</trkpt>
<trkpt lat="37.5404084" lon="127.3014933">
<ele>42.072</ele>
<time>2026-08-28T23:59:37Z</time>
</trkpt>
<trkpt lat="37.5404411" lon="127.3015033">
<ele>42.116</ele>
<time>2026-08-28T23:59:38Z</time>
</trkpt>
<trkpt lat="37.540474" lon="127.3015137">
<ele>42.141</ele>
<time>2026-08-28T23:59:39Z</time>
</trkpt>
<trkpt lat="37.5405078" lon="127.301525">
<ele>42.037</ele>
<time>2026-08-28T23:59:40Z</time>
</trkpt>
<trkpt lat="37.5405428" lon="127.3015372">
<ele>41.945</ele>
<time>2026-08-28T23:59:41Z</time>
</trkpt>
<trkpt lat="37.5405789" lon="127.3015504">
<ele>41.853</ele>
<time>2026-08-28T23:59:42Z</time>
</trkpt>
<trkpt lat="37.5406158" lon="127.301564">
<ele>41.782</ele>
<time>2026-08-28T23:59:43Z</time>
</trkpt>
<trkpt lat="37.5406527" lon="127.3015779">
<ele>41.726</ele>
<time>2026-08-28T23:59:44Z</time>
</trkpt>
<trkpt lat="37.5406884" lon="127.3015909">
<ele>41.675</ele>
<time>2026-08-28T23:59:45Z</time>
</trkpt>
<trkpt lat="37.5407243" lon="127.3016043">
<ele>41.617</ele>
<time>2026-08-28T23:59:46Z</time>
</trkpt>
<trkpt lat="37.5407604" lon="127.301618">
<ele>41.569</ele>
<time>2026-08-28T23:59:47Z</time>
</trkpt>
<trkpt lat="37.5407969" lon="127.3016322">
<ele>41.481</ele>
<time>2026-08-28T23:59:48Z</time>
</trkpt>
<trkpt lat="37.5408336" lon="127.3016467">
<ele>41.332</ele>
<time>2026-08-28T23:59:49Z</time>
</trkpt>
<trkpt lat="37.5408706" lon="127.3016617">
<ele>41.219</ele>
<time>2026-08-28T23:59:50Z</time>
</trkpt>
<trkpt lat="37.5409077" lon="127.3016769">
<ele>41.158</ele>
<time>2026-08-28T23:59:51Z</time>
</trkpt>
<trkpt lat="37.5409449" lon="127.3016925">
<ele>41.188</ele>
<time>2026-08-28T23:59:52Z</time>
</trkpt>
<trkpt lat="37.5409823" lon="127.3017083">
<ele>41.342</ele>
<time>2026-08-28T23:59:53Z</time>
</trkpt>
<trkpt lat="37.5410196" lon="127.3017244">
<ele>41.245</ele>
<time>2026-08-28T23:59:54Z</time>
</trkpt>
<trkpt lat="37.541057" lon="127.3017407">
<ele>41.084</ele>
<time>2026-08-28T23:59:55Z</time>
</trkpt>
<trkpt lat="37.5410944" lon="127.3017572">
<ele>41.061</ele>
<time>2026-08-28T23:59:56Z</time>
</trkpt>
<trkpt lat="37.5411317" lon="127.3017736">
<ele>41.023</ele>
<time>2026-08-28T23:59:57Z</time>
</trkpt>
<trkpt lat="37.541169" lon="127.3017902">
<ele>41.01</ele>
<time>2026-08-28T23:59:58Z</time>
</trkpt>
<trkpt lat="37.5412062" lon="127.3018069">
<ele>40.95</ele>
<time>2026-08-28T23:59:59Z</time>
</trkpt>
<trkpt lat="37.5412434" lon="127.3018238">
<ele>40.803</ele>
<time>2026-08-29T00:00:00Z</time>
</trkpt>
<trkpt lat="37.5412807" lon="127.3018407">
<ele>40.884</ele>
<time>2026-08-29T00:00:01Z</time>
</trkpt>
<trkpt lat="37.5413179" lon="127.3018575">
<ele>41.004</ele>
<time>2026-08-29T00:00:02Z</time>
</trkpt>
<trkpt lat="37.5413551" lon="127.3018742">
<ele>40.804</ele>
<time>2026-08-29T00:00:03Z</time>
</trkpt>
<trkpt lat="37.5413922" lon="127.3018909">
<ele>40.641</ele>
<time>2026-08-29T00:00:04Z</time>
</trkpt>
<trkpt lat="37.5414294" lon="127.3019075">
<ele>40.675</ele>
<time>2026-08-29T00:00:05Z</time>
</trkpt>
<trkpt lat="37.5414667" lon="127.3019239">
<ele>40.577</ele>
<time>2026-08-29T00:00:06Z</time>
</trkpt>
<trkpt lat="37.541504" lon="127.3019401">
<ele>40.426</ele>
<time>2026-08-29T00:00:07Z</time>
</trkpt>
<trkpt lat="37.5415414" lon="127.3019561">
<ele>40.422</ele>
<time>2026-08-29T00:00:08Z</time>
</trkpt>
<trkpt lat="37.5415788" lon="127.3019719">
<ele>40.37</ele>
<time>2026-08-29T00:00:09Z</time>
</trkpt>
<trkpt lat="37.5416164" lon="127.3019874">
<ele>40.313</ele>
<time>2026-08-29T00:00:10Z</time>
</trkpt>
<trkpt lat="37.541654" lon="127.3020027">
<ele>40.407</ele>
<time>2026-08-29T00:00:11Z</time>
</trkpt>
<trkpt lat="37.5416918" lon="127.3020178">
<ele>40.277</ele>
<time>2026-08-29T00:00:12Z</time>
</trkpt>
<trkpt lat="37.5417298" lon="127.3020328">
<ele>40.184</ele>
<time>2026-08-29T00:00:13Z</time>
</trkpt>
<trkpt lat="37.5417679" lon="127.3020476">
<ele>40.16</ele>
<time>2026-08-29T00:00:14Z</time>
</trkpt>
<trkpt lat="37.5418062" lon="127.3020621">
<ele>40.027</ele>
<time>2026-08-29T00:00:15Z</time>
</trkpt>
<trkpt lat="37.5418445" lon="127.3020765">
<ele>40.11</ele>
<time>2026-08-29T00:00:16Z</time>
</trkpt>
<trkpt lat="37.541883" lon="127.3020907">
<ele>40.127</ele>
<time>2026-08-29T00:00:17Z</time>
</trkpt>
<trkpt lat="37.5419214" lon="127.3021053">
<ele>40.046</ele>
<time>2026-08-29T00:00:18Z</time>
</trkpt>
<trkpt lat="37.5419605" lon="127.3021198">
<ele>40.063</ele>
<time>2026-08-29T00:00:19Z</time>
</trkpt>
<trkpt lat="37.5420002" lon="127.302134">
<ele>40.06</ele>
<time>2026-08-29T00:00:20Z</time>
</trkpt>
<trkpt lat="37.5420398" lon="127.3021478">
<ele>40.04</ele>
<time>2026-08-29T00:00:21Z</time>
</trkpt>
<trkpt lat="37.5420791" lon="127.3021613">
<ele>40.058</ele>
<time>2026-08-29T00:00:22Z</time>
</trkpt>
<trkpt lat="37.5421173" lon="127.3021742">
<ele>39.946</ele>
<time>2026-08-29T00:00:23Z</time>
</trkpt>
<trkpt lat="37.542155" lon="127.3021869">
<ele>39.946</ele>
<time>2026-08-29T00:00:24Z</time>
</trkpt>
<trkpt lat="37.5421924" lon="127.3021995">
<ele>40.027</ele>
<time>2026-08-29T00:00:25Z</time>
</trkpt>
<trkpt lat="37.5422295" lon="127.3022122">
<ele>40.133</ele>
<time>2026-08-29T00:00:26Z</time>
</trkpt>
<trkpt lat="37.5422664" lon="127.3022249">
<ele>40.232</ele>
<time>2026-08-29T00:00:27Z</time>
</trkpt>
<trkpt lat="37.5423033" lon="127.3022375">
<ele>40.25</ele>
<time>2026-08-29T00:00:28Z</time>
</trkpt>
<trkpt lat="37.5423402" lon="127.30225">
<ele>40.281</ele>
<time>2026-08-29T00:00:29Z</time>
</trkpt>
<trkpt lat="37.5423772" lon="127.3022622">
<ele>40.314</ele>
<time>2026-08-29T00:00:30Z</time>
</trkpt>
<trkpt lat="37.5424143" lon="127.3022739">
<ele>40.364</ele>
<time>2026-08-29T00:00:31Z</time>
</trkpt>
<trkpt lat="37.5424514" lon="127.3022853">
<ele>40.392</ele>
<time>2026-08-29T00:00:32Z</time>
</trkpt>
<trkpt lat="37.5424884" lon="127.3022963">
<ele>40.397</ele>
<time>2026-08-29T00:00:33Z</time>
</trkpt>
<trkpt lat="37.5425253" lon="127.3023069">
<ele>40.343</ele>
<time>2026-08-29T00:00:34Z</time>
</trkpt>
<trkpt lat="37.5425619" lon="127.3023172">
<ele>40.27</ele>
<time>2026-08-29T00:00:35Z</time>
</trkpt>
<trkpt lat="37.5425985" lon="127.3023271">
<ele>40.253</ele>
<time>2026-08-29T00:00:36Z</time>
</trkpt>
<trkpt lat="37.5426352" lon="127.3023366">
<ele>40.277</ele>
<time>2026-08-29T00:00:37Z</time>
</trkpt>
<trkpt lat="37.5426727" lon="127.3023451">
<ele>40.245</ele>
<time>2026-08-29T00:00:38Z</time>
</trkpt>
<trkpt lat="37.5427114" lon="127.3023532">
<ele>40.23</ele>
<time>2026-08-29T00:00:39Z</time>
</trkpt>
<trkpt lat="37.542751" lon="127.3023609">
<ele>40.227</ele>
<time>2026-08-29T00:00:40Z</time>
</trkpt>
<trkpt lat="37.5427915" lon="127.3023685">
<ele>40.249</ele>
<time>2026-08-29T00:00:41Z</time>
</trkpt>
<trkpt lat="37.5428323" lon="127.302376">
<ele>40.439</ele>
<time>2026-08-29T00:00:42Z</time>
</trkpt>
<trkpt lat="37.5428719" lon="127.3023839">
<ele>40.739</ele>
<time>2026-08-29T00:00:43Z</time>
</trkpt>
<trkpt lat="37.5429116" lon="127.3023917">
<ele>40.682</ele>
<time>2026-08-29T00:00:44Z</time>
</trkpt>
<trkpt lat="37.5429514" lon="127.3023991">
<ele>40.338</ele>
<time>2026-08-29T00:00:45Z</time>
</trkpt>
<trkpt lat="37.5429913" lon="127.3024063">
<ele>40.16</ele>
<time>2026-08-29T00:00:46Z</time>
</trkpt>
<trkpt lat="37.5430312" lon="127.3024133">
<ele>40.075</ele>
<time>2026-08-29T00:00:47Z</time>
</trkpt>
<trkpt lat="37.5430711" lon="127.3024202">
<ele>40.012</ele>
<time>2026-08-29T00:00:48Z</time>
</trkpt>
<trkpt lat="37.5431108" lon="127.3024271">
<ele>40.014</ele>
<time>2026-08-29T00:00:49Z</time>
</trkpt>
<trkpt lat="37.5431503" lon="127.3024338">
<ele>39.99</ele>
<time>2026-08-29T00:00:50Z</time>
</trkpt>
<trkpt lat="37.5431911" lon="127.3024409">
<ele>40.02</ele>
<time>2026-08-29T00:00:51Z</time>
</trkpt>
<trkpt lat="37.5432317" lon="127.3024478">
<ele>40.018</ele>
<time>2026-08-29T00:00:52Z</time>
</trkpt>
<trkpt lat="37.5432716" lon="127.3024543">
<ele>40.024</ele>
<time>2026-08-29T00:00:53Z</time>
</trkpt>
<trkpt lat="37.5433103" lon="127.3024604">
<ele>40.049</ele>
<time>2026-08-29T00:00:54Z</time>
</trkpt>
<trkpt lat="37.5433478" lon="127.3024662">
<ele>40.065</ele>
<time>2026-08-29T00:00:55Z</time>
</trkpt>
<trkpt lat="37.5433842" lon="127.3024726">
<ele>40.008</ele>
<time>2026-08-29T00:00:56Z</time>
</trkpt>
<trkpt lat="37.5434204" lon="127.3024798">
<ele>40.044</ele>
<time>2026-08-29T00:00:57Z</time>
</trkpt>
<trkpt lat="37.5434565" lon="127.302488">
<ele>40.023</ele>
<time>2026-08-29T00:00:58Z</time>
</trkpt>
<trkpt lat="37.5434929" lon="127.3024974">
<ele>39.941</ele>
<time>2026-08-29T00:00:59Z</time>
</trkpt>
<trkpt lat="37.5435298" lon="127.302508">
<ele>39.889</ele>
<time>2026-08-29T00:01:00Z</time>
</trkpt>
<trkpt lat="37.5435675" lon="127.30252">
<ele>39.697</ele>
<time>2026-08-29T00:01:01Z</time>
</trkpt>
<trkpt lat="37.543606" lon="127.3025334">
<ele>39.549</ele>
<time>2026-08-29T00:01:02Z</time>
</trkpt>
<trkpt lat="37.5436455" lon="127.302548">
<ele>39.395</ele>
<time>2026-08-29T00:01:03Z</time>
</trkpt>
<trkpt lat="37.5436858" lon="127.3025639">
<ele>39.305</ele>
<time>2026-08-29T00:01:04Z</time>
</trkpt>
<trkpt lat="37.5437266" lon="127.3025809">
<ele>39.208</ele>
<time>2026-08-29T00:01:05Z</time>
</trkpt>
<trkpt lat="37.5437676" lon="127.3025988">
<ele>38.963</ele>
<time>2026-08-29T00:01:06Z</time>
</trkpt>
<trkpt lat="37.5438086" lon="127.3026175">
<ele>38.697</ele>
<time>2026-08-29T00:01:07Z</time>
</trkpt>
<trkpt lat="37.5438494" lon="127.3026366">
<ele>38.626</ele>
<time>2026-08-29T00:01:08Z</time>
</trkpt>
<trkpt lat="37.5438901" lon="127.3026558">
<ele>38.623</ele>
<time>2026-08-29T00:01:09Z</time>
</trkpt>
<trkpt lat="37.5439305" lon="127.3026749">
<ele>38.381</ele>
<time>2026-08-29T00:01:10Z</time>
</trkpt>
<trkpt lat="37.5439702" lon="127.302693">
<ele>38.178</ele>
<time>2026-08-29T00:01:11Z</time>
</trkpt>
<trkpt lat="37.5440086" lon="127.3027103">
<ele>38.04</ele>
<time>2026-08-29T00:01:12Z</time>
</trkpt>
<trkpt lat="37.5440454" lon="127.3027267">
<ele>37.905</ele>
<time>2026-08-29T00:01:13Z</time>
</trkpt>
<trkpt lat="37.5440808" lon="127.3027425">
<ele>37.868</ele>
<time>2026-08-29T00:01:14Z</time>
</trkpt>
<trkpt lat="37.5441173" lon="127.3027592">
<ele>37.889</ele>
<time>2026-08-29T00:01:15Z</time>
</trkpt>
<trkpt lat="37.5441555" lon="127.3027765">
<ele>37.94</ele>
<time>2026-08-29T00:01:16Z</time>
</trkpt>
<trkpt lat="37.5441924" lon="127.3027929">
<ele>37.973</ele>
<time>2026-08-29T00:01:17Z</time>
</trkpt>
<trkpt lat="37.5442277" lon="127.3028086">
<ele>37.928</ele>
<time>2026-08-29T00:01:18Z</time>
</trkpt>
<trkpt lat="37.5442615" lon="127.3028238">
<ele>37.944</ele>
<time>2026-08-29T00:01:19Z</time>
</trkpt>
<trkpt lat="37.5442934" lon="127.3028387">
<ele>37.992</ele>
<time>2026-08-29T00:01:20Z</time>
</trkpt>
<trkpt lat="37.5443242" lon="127.3028534">
<ele>38.009</ele>
<time>2026-08-29T00:01:21Z</time>
</trkpt>
<trkpt lat="37.5443539" lon="127.3028678">
<ele>38.003</ele>
<time>2026-08-29T00:01:22Z</time>
</trkpt>
<trkpt lat="37.5443824" lon="127.3028817">
<ele>38.041</ele>
<time>2026-08-29T00:01:23Z</time>
</trkpt>
<trkpt lat="37.5444095" lon="127.3028951">
<ele>38.018</ele>
<time>2026-08-29T00:01:24Z</time>
</trkpt>
<trkpt lat="37.5444351" lon="127.302908">
<ele>38.022</ele>
<time>2026-08-29T00:01:25Z</time>
</trkpt>
<trkpt lat="37.5444591" lon="127.3029206">
<ele>38.062</ele>
<time>2026-08-29T00:01:26Z</time>
</trkpt>
<trkpt lat="37.5444816" lon="127.302933">
<ele>38.076</ele>
<time>2026-08-29T00:01:27Z</time>
</trkpt>
<trkpt lat="37.5445027" lon="127.3029452">
<ele>38.12</ele>
<time>2026-08-29T00:01:28Z</time>
</trkpt>
<trkpt lat="37.5445226" lon="127.3029573">
<ele>38.112</ele>
<time>2026-08-29T00:01:29Z</time>
</trkpt>
<trkpt lat="37.5445416" lon="127.3029693">
<ele>38.123</ele>
<time>2026-08-29T00:01:30Z</time>
</trkpt>
<trkpt lat="37.5445598" lon="127.3029811">
<ele>38.238</ele>
<time>2026-08-29T00:01:31Z</time>
</trkpt>
<trkpt lat="37.5445778" lon="127.3029928">
<ele>38.431</ele>
<time>2026-08-29T00:01:32Z</time>
</trkpt>
<trkpt lat="37.5445959" lon="127.3030045">
<ele>38.455</ele>
<time>2026-08-29T00:01:33Z</time>
</trkpt>
<trkpt lat="37.5446141" lon="127.303016">
<ele>38.432</ele>
<time>2026-08-29T00:01:34Z</time>
</trkpt>
<trkpt lat="37.5446325" lon="127.3030273">
<ele>38.215</ele>
<time>2026-08-29T00:01:35Z</time>
</trkpt>
<trkpt lat="37.5446504" lon="127.3030381">
<ele>38.145</ele>
<time>2026-08-29T00:01:36Z</time>
</trkpt>
<trkpt lat="37.544667" lon="127.3030483">
<ele>38.065</ele>
<time>2026-08-29T00:01:37Z</time>
</trkpt>
<trkpt lat="37.5446821" lon="127.3030579">
<ele>37.961</ele>
<time>2026-08-29T00:01:38Z</time>
</trkpt>
<trkpt lat="37.544696" lon="127.3030669">
<ele>37.856</ele>
<time>2026-08-29T00:01:39Z</time>
</trkpt>
<trkpt lat="37.544711" lon="127.3030766">
<ele>37.881</ele>
<time>2026-08-29T00:01:40Z</time>
</trkpt>
<trkpt lat="37.5447257" lon="127.3030861">
<ele>37.961</ele>
<time>2026-08-29T00:01:41Z</time>
</trkpt>
<trkpt lat="37.54474" lon="127.3030954">
<ele>37.995</ele>
<time>2026-08-29T00:01:42Z</time>
</trkpt>
<trkpt lat="37.5447541" lon="127.3031047">
<ele>38.033</ele>
<time>2026-08-29T00:01:43Z</time>
</trkpt>
<trkpt lat="37.5447681" lon="127.3031139">
<ele>38.048</ele>
<time>2026-08-29T00:01:44Z</time>
</trkpt>
<trkpt lat="37.5447819" lon="127.3031231">
<ele>38.058</ele>
<time>2026-08-29T00:01:45Z</time>
</trkpt>
<trkpt lat="37.5447957" lon="127.3031324">
<ele>38.105</ele>
<time>2026-08-29T00:01:46Z</time>
</trkpt>
<trkpt lat="37.5448096" lon="127.3031419">
<ele>38.099</ele>
<time>2026-08-29T00:01:47Z</time>
</trkpt>
<trkpt lat="37.5448239" lon="127.3031518">
<ele>38.115</ele>
<time>2026-08-29T00:01:48Z</time>
</trkpt>
<trkpt lat="37.5448384" lon="127.303162">
<ele>38.066</ele>
<time>2026-08-29T00:01:49Z</time>
</trkpt>
<trkpt lat="37.5448533" lon="127.3031727">
<ele>38.089</ele>
<time>2026-08-29T00:01:50Z</time>
</trkpt>
<trkpt lat="37.5448658" lon="127.3031816">
<ele>38.039</ele>
<time>2026-08-29T00:01:51Z</time>
</trkpt>
<trkpt lat="37.5448789" lon="127.3031909">
<ele>37.994</ele>
<time>2026-08-29T00:01:52Z</time>
</trkpt>
<trkpt lat="37.5448935" lon="127.3032011">
<ele>37.95</ele>
<time>2026-08-29T00:01:53Z</time>
</trkpt>
<trkpt lat="37.54491" lon="127.3032127">
<ele>37.875</ele>
<time>2026-08-29T00:01:54Z</time>
</trkpt>
<trkpt lat="37.5449286" lon="127.3032258">
<ele>37.843</ele>
<time>2026-08-29T00:01:55Z</time>
</trkpt>
<trkpt lat="37.5449491" lon="127.3032406">
<ele>37.929</ele>
<time>2026-08-29T00:01:56Z</time>
</trkpt>
<trkpt lat="37.5449701" lon="127.303256">
<ele>38.066</ele>
<time>2026-08-29T00:01:57Z</time>
</trkpt>
<trkpt lat="37.5449911" lon="127.3032714">
<ele>38.088</ele>
<time>2026-08-29T00:01:58Z</time>
</trkpt>
<trkpt lat="37.5450118" lon="127.3032865">
<ele>38.056</ele>
<time>2026-08-29T00:01:59Z</time>
</trkpt>
<trkpt lat="37.5450322" lon="127.3033009">
<ele>38.062</ele>
<time>2026-08-29T00:02:00Z</time>
</trkpt>
<trkpt lat="37.5450523" lon="127.3033144">
<ele>37.972</ele>
<time>2026-08-29T00:02:01Z</time>
</trkpt>
<trkpt lat="37.5450723" lon="127.3033269">
<ele>37.99</ele>
<time>2026-08-29T00:02:02Z</time>
</trkpt>
<trkpt lat="37.5450923" lon="127.3033386">
<ele>37.97</ele>
<time>2026-08-29T00:02:03Z</time>
</trkpt>
<trkpt lat="37.5451126" lon="127.3033494">
<ele>38.059</ele>
<time>2026-08-29T00:02:04Z</time>
</trkpt>
<trkpt lat="37.5451333" lon="127.3033599">
<ele>38.207</ele>
<time>2026-08-29T00:02:05Z</time>
</trkpt>
<trkpt lat="37.5451544" lon="127.30337">
<ele>38.259</ele>
<time>2026-08-29T00:02:06Z</time>
</trkpt>
<trkpt lat="37.545176" lon="127.3033799">
<ele>38.317</ele>
<time>2026-08-29T00:02:07Z</time>
</trkpt>
<trkpt lat="37.5451982" lon="127.3033896">
<ele>38.326</ele>
<time>2026-08-29T00:02:08Z</time>
</trkpt>
<trkpt lat="37.5452206" lon="127.3033992">
<ele>38.339</ele>
<time>2026-08-29T00:02:09Z</time>
</trkpt>
<trkpt lat="37.5452437" lon="127.3034086">
<ele>38.415</ele>
<time>2026-08-29T00:02:10Z</time>
</trkpt>
<trkpt lat="37.5452679" lon="127.3034174">
<ele>38.473</ele>
<time>2026-08-29T00:02:11Z</time>
</trkpt>
<trkpt lat="37.545293" lon="127.3034255">
<ele>38.531</ele>
<time>2026-08-29T00:02:12Z</time>
</trkpt>
<trkpt lat="37.5453188" lon="127.3034331">
<ele>38.558</ele>
<time>2026-08-29T00:02:13Z</time>
</trkpt>
<trkpt lat="37.5453455" lon="127.3034402">
<ele>38.632</ele>
<time>2026-08-29T00:02:14Z</time>
</trkpt>
<trkpt lat="37.5453729" lon="127.3034479">
<ele>38.673</ele>
<time>2026-08-29T00:02:15Z</time>
</trkpt>
<trkpt lat="37.5454003" lon="127.3034561">
<ele>38.738</ele>
<time>2026-08-29T00:02:16Z</time>
</trkpt>
<trkpt lat="37.5454281" lon="127.3034654">
<ele>38.787</ele>
<time>2026-08-29T00:02:17Z</time>
</trkpt>
<trkpt lat="37.545456" lon="127.3034762">
<ele>38.89</ele>
<time>2026-08-29T00:02:18Z</time>
</trkpt>
<trkpt lat="37.5454838" lon="127.3034887">
<ele>39.076</ele>
<time>2026-08-29T00:02:19Z</time>
</trkpt>
<trkpt lat="37.545511" lon="127.303503">
<ele>39.29</ele>
<time>2026-08-29T00:02:20Z</time>
</trkpt>
<trkpt lat="37.5455375" lon="127.3035188">
<ele>39.51</ele>
<time>2026-08-29T00:02:21Z</time>
</trkpt>
<trkpt lat="37.5455629" lon="127.3035355">
<ele>39.593</ele>
<time>2026-08-29T00:02:22Z</time>
</trkpt>
<trkpt lat="37.5455872" lon="127.3035527">
<ele>39.664</ele>
<time>2026-08-29T00:02:23Z</time>
</trkpt>
<trkpt lat="37.5456104" lon="127.3035701">
<ele>39.845</ele>
<time>2026-08-29T00:02:24Z</time>
</trkpt>
<trkpt lat="37.5456328" lon="127.3035872">
<ele>39.955</ele>
<time>2026-08-29T00:02:25Z</time>
</trkpt>
<trkpt lat="37.5456545" lon="127.3036041">
<ele>39.954</ele>
<time>2026-08-29T00:02:26Z</time>
</trkpt>
<trkpt lat="37.5456758" lon="127.3036209">
<ele>39.944</ele>
<time>2026-08-29T00:02:27Z</time>
</trkpt>
<trkpt lat="37.5456968" lon="127.3036376">
<ele>40.023</ele>
<time>2026-08-29T00:02:28Z</time>
</trkpt>
<trkpt lat="37.5457182" lon="127.3036551">
<ele>40.068</ele>
<time>2026-08-29T00:02:29Z</time>
</trkpt>
<trkpt lat="37.5457406" lon="127.3036738">
<ele>39.982</ele>
<time>2026-08-29T00:02:30Z</time>
</trkpt>
<trkpt lat="37.5457643" lon="127.3036941">
<ele>40.031</ele>
<time>2026-08-29T00:02:31Z</time>
</trkpt>
<trkpt lat="37.5457893" lon="127.3037158">
<ele>40.063</ele>
<time>2026-08-29T00:02:32Z</time>
</trkpt>
<trkpt lat="37.5458151" lon="127.3037384">
<ele>40.081</ele>
<time>2026-08-29T00:02:33Z</time>
</trkpt>
<trkpt lat="37.5458397" lon="127.3037593">
<ele>40.051</ele>
<time>2026-08-29T00:02:34Z</time>
</trkpt>
<trkpt lat="37.5458647" lon="127.3037808">
<ele>40.066</ele>
<time>2026-08-29T00:02:35Z</time>
</trkpt>
<trkpt lat="37.5458904" lon="127.3038029">
<ele>40.128</ele>
<time>2026-08-29T00:02:36Z</time>
</trkpt>
<trkpt lat="37.5459165" lon="127.3038254">
<ele>40.198</ele>
<time>2026-08-29T00:02:37Z</time>
</trkpt>
<trkpt lat="37.5459433" lon="127.3038484">
<ele>40.191</ele>
<time>2026-08-29T00:02:38Z</time>
</trkpt>
<trkpt lat="37.5459707" lon="127.3038717">
<ele>40.08</ele>
<time>2026-08-29T00:02:39Z</time>
</trkpt>
<trkpt lat="37.5459987" lon="127.3038954">
<ele>40.152</ele>
<time>2026-08-29T00:02:40Z</time>
</trkpt>
<trkpt lat="37.5460273" lon="127.3039195">
<ele>40.125</ele>
<time>2026-08-29T00:02:41Z</time>
</trkpt>
<trkpt lat="37.5460564" lon="127.3039439">
<ele>40.104</ele>
<time>2026-08-29T00:02:42Z</time>
</trkpt>
<trkpt lat="37.5460859" lon="127.3039686">
<ele>40.136</ele>
<time>2026-08-29T00:02:43Z</time>
</trkpt>
<trkpt lat="37.5461158" lon="127.3039935">
<ele>40.176</ele>
<time>2026-08-29T00:02:44Z</time>
</trkpt>
<trkpt lat="37.546146" lon="127.3040185">
<ele>40.12</ele>
<time>2026-08-29T00:02:45Z</time>
</trkpt>
<trkpt lat="37.5461765" lon="127.3040437">
<ele>40.125</ele>
<time>2026-08-29T00:02:46Z</time>
</trkpt>
<trkpt lat="37.5462071" lon="127.3040691">
<ele>40.119</ele>
<time>2026-08-29T00:02:47Z</time>
</trkpt>
<trkpt lat="37.5462379" lon="127.3040945">
<ele>40.081</ele>
<time>2026-08-29T00:02:48Z</time>
</trkpt>
<trkpt lat="37.5462687" lon="127.30412">
<ele>40.123</ele>
<time>2026-08-29T00:02:49Z</time>
</trkpt>
<trkpt lat="37.5462994" lon="127.3041457">
<ele>40.061</ele>
<time>2026-08-29T00:02:50Z</time>
</trkpt>
<trkpt lat="37.54633" lon="127.3041713">
<ele>40.059</ele>
<time>2026-08-29T00:02:51Z</time>
</trkpt>
<trkpt lat="37.5463605" lon="127.304197">
<ele>39.982</ele>
<time>2026-08-29T00:02:52Z</time>
</trkpt>
<trkpt lat="37.5463909" lon="127.3042227">
<ele>40.023</ele>
<time>2026-08-29T00:02:53Z</time>
</trkpt>
<trkpt lat="37.5464213" lon="127.3042485">
<ele>40.131</ele>
<time>2026-08-29T00:02:54Z</time>
</trkpt>
<trkpt lat="37.5464515" lon="127.3042743">
<ele>40.156</ele>
<time>2026-08-29T00:02:55Z</time>
</trkpt>
<trkpt lat="37.5464816" lon="127.3043002">
<ele>40.109</ele>
<time>2026-08-29T00:02:56Z</time>
</trkpt>
<trkpt lat="37.5465116" lon="127.3043262">
<ele>40.12</ele>
<time>2026-08-29T00:02:57Z</time>
</trkpt>
<trkpt lat="37.5465415" lon="127.3043523">
<ele>40.12</ele>
<time>2026-08-29T00:02:58Z</time>
</trkpt>
<trkpt lat="37.5465712" lon="127.3043783">
<ele>40.01</ele>
<time>2026-08-29T00:02:59Z</time>
</trkpt>
<trkpt lat="37.5466008" lon="127.3044045">
<ele>40.056</ele>
<time>2026-08-29T00:03:00Z</time>
</trkpt>
<trkpt lat="37.5466304" lon="127.3044308">
<ele>40.003</ele>
<time>2026-08-29T00:03:01Z</time>
</trkpt>
<trkpt lat="37.5466601" lon="127.3044571">
<ele>40.003</ele>
<time>2026-08-29T00:03:02Z</time>
</trkpt>
<trkpt lat="37.54669" lon="127.3044837">
<ele>40.028</ele>
<time>2026-08-29T00:03:03Z</time>
</trkpt>
<trkpt lat="37.5467201" lon="127.3045103">
<ele>39.99</ele>
<time>2026-08-29T00:03:04Z</time>
</trkpt>
<trkpt lat="37.5467505" lon="127.3045372">
<ele>39.961</ele>
<time>2026-08-29T00:03:05Z</time>
</trkpt>
<trkpt lat="37.5467812" lon="127.3045643">
<ele>40.039</ele>
<time>2026-08-29T00:03:06Z</time>
</trkpt>
<trkpt lat="37.5468121" lon="127.3045914">
<ele>40.006</ele>
<time>2026-08-29T00:03:07Z</time>
</trkpt>
<trkpt lat="37.5468434" lon="127.3046186">
<ele>39.977</ele>
<time>2026-08-29T00:03:08Z</time>
</trkpt>
<trkpt lat="37.546875" lon="127.3046459">
<ele>39.929</ele>
<time>2026-08-29T00:03:09Z</time>
</trkpt>
<trkpt lat="37.5469068" lon="127.3046734">
<ele>39.992</ele>
<time>2026-08-29T00:03:10Z</time>
</trkpt>
<trkpt lat="37.5469389" lon="127.3047009">
<ele>39.985</ele>
<time>2026-08-29T00:03:11Z</time>
</trkpt>
<trkpt lat="37.5469712" lon="127.3047286">
<ele>39.963</ele>
<time>2026-08-29T00:03:12Z</time>
</trkpt>
<trkpt lat="37.5470036" lon="127.3047564">
<ele>39.987</ele>
<time>2026-08-29T00:03:13Z</time>
</trkpt>
<trkpt lat="37.5470359" lon="127.3047841">
<ele>39.948</ele>
<time>2026-08-29T00:03:14Z</time>
</trkpt>
<trkpt lat="37.5470683" lon="127.3048118">
<ele>39.954</ele>
<time>2026-08-29T00:03:15Z</time>
</trkpt>
<trkpt lat="37.5471006" lon="127.3048394">
<ele>39.948</ele>
<time>2026-08-29T00:03:16Z</time>
</trkpt>
<trkpt lat="37.5471329" lon="127.3048669">
<ele>39.938</ele>
<time>2026-08-29T00:03:17Z</time>
</trkpt>
<trkpt lat="37.5471651" lon="127.3048943">
<ele>39.926</ele>
<time>2026-08-29T00:03:18Z</time>
</trkpt>
<trkpt lat="37.5471972" lon="127.3049217">
<ele>39.895</ele>
<time>2026-08-29T00:03:19Z</time>
</trkpt>
<trkpt lat="37.5472293" lon="127.3049492">
<ele>40.065</ele>
<time>2026-08-29T00:03:20Z</time>
</trkpt>
<trkpt lat="37.5472611" lon="127.3049765">
<ele>40.084</ele>
<time>2026-08-29T00:03:21Z</time>
</trkpt>
<trkpt lat="37.5472928" lon="127.3050038">
<ele>40.076</ele>
<time>2026-08-29T00:03:22Z</time>
</trkpt>
<trkpt lat="37.5473243" lon="127.305031">
<ele>40.079</ele>
<time>2026-08-29T00:03:23Z</time>
</trkpt>
<trkpt lat="37.5473557" lon="127.3050582">
<ele>40.056</ele>
<time>2026-08-29T00:03:24Z</time>
</trkpt>
<trkpt lat="37.5473871" lon="127.3050856">
<ele>40.057</ele>
<time>2026-08-29T00:03:25Z</time>
</trkpt>
<trkpt lat="37.5474184" lon="127.3051131">
<ele>40.076</ele>
<time>2026-08-29T00:03:26Z</time>
</trkpt>
<trkpt lat="37.5474499" lon="127.305141">
<ele>40.644</ele>
<time>2026-08-29T00:03:27Z</time>
</trkpt>
<trkpt lat="37.5474816" lon="127.3051691">
<ele>40.499</ele>
<time>2026-08-29T00:03:28Z</time>
</trkpt>
<trkpt lat="37.5475137" lon="127.3051974">
<ele>40.469</ele>
<time>2026-08-29T00:03:29Z</time>
</trkpt>
<trkpt lat="37.547546" lon="127.305226">
<ele>40.465</ele>
<time>2026-08-29T00:03:30Z</time>
</trkpt>
<trkpt lat="37.5475786" lon="127.3052548">
<ele>40.726</ele>
<time>2026-08-29T00:03:31Z</time>
</trkpt>
<trkpt lat="37.5476116" lon="127.3052836">
<ele>40.825</ele>
<time>2026-08-29T00:03:32Z</time>
</trkpt>
<trkpt lat="37.5476448" lon="127.3053126">
<ele>40.804</ele>
<time>2026-08-29T00:03:33Z</time>
</trkpt>
<trkpt lat="37.5476784" lon="127.3053418">
<ele>41.035</ele>
<time>2026-08-29T00:03:34Z</time>
</trkpt>
<trkpt lat="37.5477123" lon="127.3053711">
<ele>41.099</ele>
<time>2026-08-29T00:03:35Z</time>
</trkpt>
<trkpt lat="37.5477464" lon="127.3054006">
<ele>40.992</ele>
<time>2026-08-29T00:03:36Z</time>
</trkpt>
<trkpt lat="37.5477806" lon="127.3054301">
<ele>40.929</ele>
<time>2026-08-29T00:03:37Z</time>
</trkpt>
<trkpt lat="37.5478148" lon="127.3054596">
<ele>40.872</ele>
<time>2026-08-29T00:03:38Z</time>
</trkpt>
<trkpt lat="37.547849" lon="127.305489">
<ele>40.844</ele>
<time>2026-08-29T00:03:39Z</time>
</trkpt>
<trkpt lat="37.5478832" lon="127.3055182">
<ele>40.865</ele>
<time>2026-08-29T00:03:40Z</time>
</trkpt>
<trkpt lat="37.5479175" lon="127.3055474">
<ele>40.849</ele>
<time>2026-08-29T00:03:41Z</time>
</trkpt>
<trkpt lat="37.5479518" lon="127.3055766">
<ele>40.743</ele>
<time>2026-08-29T00:03:42Z</time>
</trkpt>
<trkpt lat="37.5479859" lon="127.3056059">
<ele>40.286</ele>
<time>2026-08-29T00:03:43Z</time>
</trkpt>
<trkpt lat="37.5480197" lon="127.305635">
<ele>40.138</ele>
<time>2026-08-29T00:03:44Z</time>
</trkpt>
<trkpt lat="37.5480532" lon="127.3056639">
<ele>40.145</ele>
<time>2026-08-29T00:03:45Z</time>
</trkpt>
<trkpt lat="37.5480864" lon="127.3056925">
<ele>40.09</ele>
<time>2026-08-29T00:03:46Z</time>
</trkpt>
<trkpt lat="37.5481194" lon="127.3057211">
<ele>39.981</ele>
<time>2026-08-29T00:03:47Z</time>
</trkpt>
<trkpt lat="37.5481521" lon="127.3057496">
<ele>40.032</ele>
<time>2026-08-29T00:03:48Z</time>
</trkpt>
<trkpt lat="37.5481844" lon="127.3057781">
<ele>39.929</ele>
<time>2026-08-29T00:03:49Z</time>
</trkpt>
<trkpt lat="37.5482166" lon="127.3058066">
<ele>39.94</ele>
<time>2026-08-29T00:03:50Z</time>
</trkpt>
<trkpt lat="37.5482486" lon="127.305835">
<ele>39.957</ele>
<time>2026-08-29T00:03:51Z</time>
</trkpt>
<trkpt lat="37.5482806" lon="127.3058635">
<ele>40.002</ele>
<time>2026-08-29T00:03:52Z</time>
</trkpt>
<trkpt lat="37.5483126" lon="127.305892">
<ele>40.035</ele>
<time>2026-08-29T00:03:53Z</time>
</trkpt>
<trkpt lat="37.5483446" lon="127.3059205">
<ele>39.924</ele>
<time>2026-08-29T00:03:54Z</time>
</trkpt>
<trkpt lat="37.5483766" lon="127.3059489">
<ele>40.06</ele>
<time>2026-08-29T00:03:55Z</time>
</trkpt>
<trkpt lat="37.5484087" lon="127.3059773">
<ele>40.032</ele>
<time>2026-08-29T00:03:56Z</time>
</trkpt>
<trkpt lat="37.548441" lon="127.3060056">
<ele>39.997</ele>
<time>2026-08-29T00:03:57Z</time>
</trkpt>
<trkpt lat="37.5484734" lon="127.306034">
<ele>40.089</ele>
<time>2026-08-29T00:03:58Z</time>
</trkpt>
<trkpt lat="37.5485059" lon="127.3060624">
<ele>40.079</ele>
<time>2026-08-29T00:03:59Z</time>
</trkpt>
<trkpt lat="37.5485386" lon="127.306091">
<ele>39.973</ele>
<time>2026-08-29T00:04:00Z</time>
</trkpt>
<trkpt lat="37.5485714" lon="127.3061196">
<ele>40.046</ele>
<time>2026-08-29T00:04:01Z</time>
</trkpt>
<trkpt lat="37.5486043" lon="127.3061482">
<ele>40.173</ele>
<time>2026-08-29T00:04:02Z</time>
</trkpt>
<trkpt lat="37.5486376" lon="127.3061768">
<ele>40.167</ele>
<time>2026-08-29T00:04:03Z</time>
</trkpt>
<trkpt lat="37.5486713" lon="127.3062055">
<ele>40.021</ele>
<time>2026-08-29T00:04:04Z</time>
</trkpt>
<trkpt lat="37.5487056" lon="127.3062346">
<ele>40.049</ele>
<time>2026-08-29T00:04:05Z</time>
</trkpt>
<trkpt lat="37.5487405" lon="127.306264">
<ele>40.068</ele>
<time>2026-08-29T00:04:06Z</time>
</trkpt>
<trkpt lat="37.5487758" lon="127.3062937">
<ele>40.08</ele>
<time>2026-08-29T00:04:07Z</time>
</trkpt>
<trkpt lat="37.5488117" lon="127.3063238">
<ele>39.97</ele>
<time>2026-08-29T00:04:08Z</time>
</trkpt>
<trkpt lat="37.5488481" lon="127.3063542">
<ele>39.891</ele>
<time>2026-08-29T00:04:09Z</time>
</trkpt>
<trkpt lat="37.548885" lon="127.306385">
<ele>40.089</ele>
<time>2026-08-29T00:04:10Z</time>
</trkpt>
<trkpt lat="37.5489223" lon="127.3064163">
<ele>40.197</ele>
<time>2026-08-29T00:04:11Z</time>
</trkpt>
<trkpt lat="37.5489602" lon="127.3064481">
<ele>40.18</ele>
<time>2026-08-29T00:04:12Z</time>
</trkpt>
<trkpt lat="37.5489986" lon="127.3064803">
<ele>40.137</ele>
<time>2026-08-29T00:04:13Z</time>
</trkpt>
<trkpt lat="37.5490373" lon="127.3065129">
<ele>40.198</ele>
<time>2026-08-29T00:04:14Z</time>
</trkpt>
<trkpt lat="37.5490765" lon="127.306546">
<ele>40.297</ele>
<time>2026-08-29T00:04:15Z</time>
</trkpt>
<trkpt lat="37.5491161" lon="127.3065795">
<ele>40.31</ele>
<time>2026-08-29T00:04:16Z</time>
</trkpt>
<trkpt lat="37.5491561" lon="127.3066135">
<ele>40.34</ele>
<time>2026-08-29T00:04:17Z</time>
</trkpt>
<trkpt lat="37.5491962" lon="127.3066478">
<ele>40.3</ele>
<time>2026-08-29T00:04:18Z</time>
</trkpt>
<trkpt lat="37.5492366" lon="127.3066824">
<ele>40.413</ele>
<time>2026-08-29T00:04:19Z</time>
</trkpt>
<trkpt lat="37.549277" lon="127.3067172">
<ele>40.471</ele>
<time>2026-08-29T00:04:20Z</time>
</trkpt>
<trkpt lat="37.5493175" lon="127.3067521">
<ele>40.406</ele>
<time>2026-08-29T00:04:21Z</time>
</trkpt>
<trkpt lat="37.5493579" lon="127.306787">
<ele>40.302</ele>
<time>2026-08-29T00:04:22Z</time>
</trkpt>
<trkpt lat="37.5493981" lon="127.306822">
<ele>40.348</ele>
<time>2026-08-29T00:04:23Z</time>
</trkpt>
<trkpt lat="37.5494381" lon="127.306857">
<ele>40.336</ele>
<time>2026-08-29T00:04:24Z</time>
</trkpt>
<trkpt lat="37.5494779" lon="127.3068919">
<ele>40.192</ele>
<time>2026-08-29T00:04:25Z</time>
</trkpt>
<trkpt lat="37.5495173" lon="127.3069266">
<ele>40.098</ele>
<time>2026-08-29T00:04:26Z</time>
</trkpt>
<trkpt lat="37.5495565" lon="127.3069611">
<ele>40.083</ele>
<time>2026-08-29T00:04:27Z</time>
</trkpt>
<trkpt lat="37.5495956" lon="127.3069954">
<ele>39.98</ele>
<time>2026-08-29T00:04:28Z</time>
</trkpt>
<trkpt lat="37.5496345" lon="127.3070295">
<ele>39.956</ele>
<time>2026-08-29T00:04:29Z</time>
</trkpt>
<trkpt lat="37.5496732" lon="127.3070634">
<ele>40.035</ele>
<time>2026-08-29T00:04:30Z</time>
</trkpt>
<trkpt lat="37.5497116" lon="127.307097">
<ele>40.152</ele>
<time>2026-08-29T00:04:31Z</time>
</trkpt>
<trkpt lat="37.5497497" lon="127.3071304">
<ele>40.126</ele>
<time>2026-08-29T00:04:32Z</time>
</trkpt>
<trkpt lat="37.5497876" lon="127.3071635">
<ele>39.991</ele>
<time>2026-08-29T00:04:33Z</time>
</trkpt>
<trkpt lat="37.5498254" lon="127.3071965">
<ele>39.848</ele>
<time>2026-08-29T00:04:34Z</time>
</trkpt>
<trkpt lat="37.5498631" lon="127.3072294">
<ele>39.859</ele>
<time>2026-08-29T00:04:35Z</time>
</trkpt>
<trkpt lat="37.5499009" lon="127.3072624">
<ele>39.781</ele>
<time>2026-08-29T00:04:36Z</time>
</trkpt>
<trkpt lat="37.5499389" lon="127.3072954">
<ele>39.587</ele>
<time>2026-08-29T00:04:37Z</time>
</trkpt>
<trkpt lat="37.5499771" lon="127.3073287">
<ele>39.425</ele>
<time>2026-08-29T00:04:38Z</time>
</trkpt>
<trkpt lat="37.5500155" lon="127.3073622">
<ele>39.197</ele>
<time>2026-08-29T00:04:39Z</time>
</trkpt>
<trkpt lat="37.550054" lon="127.307396">
<ele>38.989</ele>
<time>2026-08-29T00:04:40Z</time>
</trkpt>
<trkpt lat="37.5500927" lon="127.3074299">
<ele>38.795</ele>
<time>2026-08-29T00:04:41Z</time>
</trkpt>
<trkpt lat="37.5501313" lon="127.3074639">
<ele>38.348</ele>
<time>2026-08-29T00:04:42Z</time>
</trkpt>
<trkpt lat="37.5501698" lon="127.3074978">
<ele>37.831</ele>
<time>2026-08-29T00:04:43Z</time>
</trkpt>
<trkpt lat="37.5502081" lon="127.3075316">
<ele>37.393</ele>
<time>2026-08-29T00:04:44Z</time>
</trkpt>
<trkpt lat="37.5502461" lon="127.3075651">
<ele>36.738</ele>
<time>2026-08-29T00:04:45Z</time>
</trkpt>
<trkpt lat="37.5502837" lon="127.3075983">
<ele>36.38</ele>
<time>2026-08-29T00:04:46Z</time>
</trkpt>
<trkpt lat="37.5503209" lon="127.3076311">
<ele>36.277</ele>
<time>2026-08-29T00:04:47Z</time>
</trkpt>
<trkpt lat="37.5503575" lon="127.3076634">
<ele>36.577</ele>
<time>2026-08-29T00:04:48Z</time>
</trkpt>
<trkpt lat="37.5503935" lon="127.3076951">
<ele>37.33</ele>
<time>2026-08-29T00:04:49Z</time>
</trkpt>
<trkpt lat="37.5504289" lon="127.3077263">
<ele>37.77</ele>
<time>2026-08-29T00:04:50Z</time>
</trkpt>
<trkpt lat="37.5504637" lon="127.3077568">
<ele>38.129</ele>
<time>2026-08-29T00:04:51Z</time>
</trkpt>
<trkpt lat="37.5504979" lon="127.3077865">
<ele>38.425</ele>
<time>2026-08-29T00:04:52Z</time>
</trkpt>
<trkpt lat="37.5505313" lon="127.3078154">
<ele>38.727</ele>
<time>2026-08-29T00:04:53Z</time>
</trkpt>
<trkpt lat="37.5505641" lon="127.3078435">
<ele>38.977</ele>
<time>2026-08-29T00:04:54Z</time>
</trkpt>
<trkpt lat="37.5505962" lon="127.3078708">
<ele>39.331</ele>
<time>2026-08-29T00:04:55Z</time>
</trkpt>
<trkpt lat="37.550629" lon="127.3078994">
<ele>39.527</ele>
<time>2026-08-29T00:04:56Z</time>
</trkpt>
<trkpt lat="37.5506594" lon="127.3079257">
<ele>39.654</ele>
<time>2026-08-29T00:04:57Z</time>
</trkpt>
<trkpt lat="37.5506883" lon="127.30795">
<ele>39.871</ele>
<time>2026-08-29T00:04:58Z</time>
</trkpt>
<trkpt lat="37.5507168" lon="127.3079736">
<ele>40.008</ele>
<time>2026-08-29T00:04:59Z</time>
</trkpt>
<trkpt lat="37.5507456" lon="127.3079969">
<ele>39.995</ele>
<time>2026-08-29T00:05:00Z</time>
</trkpt>
<trkpt lat="37.5507754" lon="127.3080205">
<ele>40.028</ele>
<time>2026-08-29T00:05:01Z</time>
</trkpt>
<trkpt lat="37.550806" lon="127.3080449">
<ele>40.019</ele>
<time>2026-08-29T00:05:02Z</time>
</trkpt>
<trkpt lat="37.5508378" lon="127.3080707">
<ele>39.828</ele>
<time>2026-08-29T00:05:03Z</time>
</trkpt>
<trkpt lat="37.5508712" lon="127.3080983">
<ele>39.724</ele>
<time>2026-08-29T00:05:04Z</time>
</trkpt>
<trkpt lat="37.5509065" lon="127.3081285">
<ele>39.505</ele>
<time>2026-08-29T00:05:05Z</time>
</trkpt>
<trkpt lat="37.5509437" lon="127.3081613">
<ele>39.271</ele>
<time>2026-08-29T00:05:06Z</time>
</trkpt>
<trkpt lat="37.5509825" lon="127.3081966">
<ele>39.031</ele>
<time>2026-08-29T00:05:07Z</time>
</trkpt>
<trkpt lat="37.5510223" lon="127.3082336">
<ele>38.961</ele>
<time>2026-08-29T00:05:08Z</time>
</trkpt>
<trkpt lat="37.5510619" lon="127.3082716">
<ele>38.816</ele>
<time>2026-08-29T00:05:09Z</time>
</trkpt>
<trkpt lat="37.5511006" lon="127.3083094">
<ele>39.062</ele>
<time>2026-08-29T00:05:10Z</time>
</trkpt>
<trkpt lat="37.5511375" lon="127.3083465">
<ele>39.277</ele>
<time>2026-08-29T00:05:11Z</time>
</trkpt>
<trkpt lat="37.5511724" lon="127.3083821">
<ele>39.471</ele>
<time>2026-08-29T00:05:12Z</time>
</trkpt>
<trkpt lat="37.5512051" lon="127.308416">
<ele>39.891</ele>
<time>2026-08-29T00:05:13Z</time>
</trkpt>
<trkpt lat="37.551237" lon="127.3084493">
<ele>40.043</ele>
<time>2026-08-29T00:05:14Z</time>
</trkpt>
<trkpt lat="37.5512665" lon="127.3084806">
<ele>40.226</ele>
<time>2026-08-29T00:05:15Z</time>
</trkpt>
<trkpt lat="37.5512941" lon="127.3085104">
<ele>40.41</ele>
<time>2026-08-29T00:05:16Z</time>
</trkpt>
<trkpt lat="37.551321" lon="127.3085399">
<ele>40.484</ele>
<time>2026-08-29T00:05:17Z</time>
</trkpt>
<trkpt lat="37.5513476" lon="127.3085693">
<ele>40.553</ele>
<time>2026-08-29T00:05:18Z</time>
</trkpt>
<trkpt lat="37.5513742" lon="127.308599">
<ele>40.717</ele>
<time>2026-08-29T00:05:19Z</time>
</trkpt>
<trkpt lat="37.5514012" lon="127.3086293">
<ele>40.882</ele>
<time>2026-08-29T00:05:20Z</time>
</trkpt>
<trkpt lat="37.5514283" lon="127.30866">
<ele>40.965</ele>
<time>2026-08-29T00:05:21Z</time>
</trkpt>
<trkpt lat="37.5514556" lon="127.3086913">
<ele>41.048</ele>
<time>2026-08-29T00:05:22Z</time>
</trkpt>
<trkpt lat="37.5514832" lon="127.3087236">
<ele>41.077</ele>
<time>2026-08-29T00:05:23Z</time>
</trkpt>
<trkpt lat="37.5515109" lon="127.3087568">
<ele>41.09</ele>
<time>2026-08-29T00:05:24Z</time>
</trkpt>
<trkpt lat="37.5515387" lon="127.308791">
<ele>41.158</ele>
<time>2026-08-29T00:05:25Z</time>
</trkpt>
<trkpt lat="37.5515664" lon="127.3088262">
<ele>41.317</ele>
<time>2026-08-29T00:05:26Z</time>
</trkpt>
<trkpt lat="37.5515939" lon="127.3088623">
<ele>41.295</ele>
<time>2026-08-29T00:05:27Z</time>
</trkpt>
<trkpt lat="37.5516212" lon="127.3088992">
<ele>41.333</ele>
<time>2026-08-29T00:05:28Z</time>
</trkpt>
<trkpt lat="37.5516481" lon="127.3089367">
<ele>41.296</ele>
<time>2026-08-29T00:05:29Z</time>
</trkpt>
<trkpt lat="37.551675" lon="127.3089745">
<ele>41.223</ele>
<time>2026-08-29T00:05:30Z</time>
</trkpt>
<trkpt lat="37.5517013" lon="127.3090128">
<ele>41.193</ele>
<time>2026-08-29T00:05:31Z</time>
</trkpt>
<trkpt lat="37.5517269" lon="127.3090516">
<ele>41.103</ele>
<time>2026-08-29T00:05:32Z</time>
</trkpt>
<trkpt lat="37.5517519" lon="127.3090906">
<ele>41.139</ele>
<time>2026-08-29T00:05:33Z</time>
</trkpt>
<trkpt lat="37.5517768" lon="127.30913">
<ele>41.278</ele>
<time>2026-08-29T00:05:34Z</time>
</trkpt>
<trkpt lat="37.5518017" lon="127.3091698">
<ele>41.247</ele>
<time>2026-08-29T00:05:35Z</time>
</trkpt>
<trkpt lat="37.5518265" lon="127.3092101">
<ele>41.243</ele>
<time>2026-08-29T00:05:36Z</time>
</trkpt>
<trkpt lat="37.5518507" lon="127.3092512">
<ele>41.299</ele>
<time>2026-08-29T00:05:37Z</time>
</trkpt>
<trkpt lat="37.5518743" lon="127.3092933">
<ele>41.308</ele>
<time>2026-08-29T00:05:38Z</time>
</trkpt>
<trkpt lat="37.5518977" lon="127.3093359">
<ele>41.253</ele>
<time>2026-08-29T00:05:39Z</time>
</trkpt>
<trkpt lat="37.5519204" lon="127.3093795">
<ele>41.303</ele>
<time>2026-08-29T00:05:40Z</time>
</trkpt>
<trkpt lat="37.5519423" lon="127.3094242">
<ele>41.422</ele>
<time>2026-08-29T00:05:41Z</time>
</trkpt>
<trkpt lat="37.5519635" lon="127.3094701">
<ele>41.366</ele>
<time>2026-08-29T00:05:42Z</time>
</trkpt>
<trkpt lat="37.5519841" lon="127.3095169">
<ele>41.29</ele>
<time>2026-08-29T00:05:43Z</time>
</trkpt>
<trkpt lat="37.5520042" lon="127.3095645">
<ele>41.222</ele>
<time>2026-08-29T00:05:44Z</time>
</trkpt>
<trkpt lat="37.552024" lon="127.3096125">
<ele>41.344</ele>
<time>2026-08-29T00:05:45Z</time>
</trkpt>
<trkpt lat="37.5520438" lon="127.3096606">
<ele>41.364</ele>
<time>2026-08-29T00:05:46Z</time>
</trkpt>
<trkpt lat="37.5520639" lon="127.3097088">
<ele>41.309</ele>
<time>2026-08-29T00:05:47Z</time>
</trkpt>
<trkpt lat="37.5520841" lon="127.3097569">
<ele>41.188</ele>
<time>2026-08-29T00:05:48Z</time>
</trkpt>
<trkpt lat="37.5521046" lon="127.3098052">
<ele>41.322</ele>
<time>2026-08-29T00:05:49Z</time>
</trkpt>
<trkpt lat="37.5521253" lon="127.3098542">
<ele>41.41</ele>
<time>2026-08-29T00:05:50Z</time>
</trkpt>
<trkpt lat="37.5521458" lon="127.3099036">
<ele>41.47</ele>
<time>2026-08-29T00:05:51Z</time>
</trkpt>
<trkpt lat="37.5521661" lon="127.3099532">
<ele>41.502</ele>
<time>2026-08-29T00:05:52Z</time>
</trkpt>
<trkpt lat="37.5521863" lon="127.3100024">
<ele>41.486</ele>
<time>2026-08-29T00:05:53Z</time>
</trkpt>
<trkpt lat="37.5522063" lon="127.3100517">
<ele>41.487</ele>
<time>2026-08-29T00:05:54Z</time>
</trkpt>
<trkpt lat="37.5522267" lon="127.3101011">
<ele>41.4</ele>
<time>2026-08-29T00:05:55Z</time>
</trkpt>
<trkpt lat="37.5522469" lon="127.3101509">
<ele>41.376</ele>
<time>2026-08-29T00:05:56Z</time>
</trkpt>
<trkpt lat="37.5522669" lon="127.3102005">
<ele>41.28</ele>
<time>2026-08-29T00:05:57Z</time>
</trkpt>
<trkpt lat="37.5522862" lon="127.3102495">
<ele>41.275</ele>
<time>2026-08-29T00:05:58Z</time>
</trkpt>
<trkpt lat="37.5523048" lon="127.3102981">
<ele>41.255</ele>
<time>2026-08-29T00:05:59Z</time>
</trkpt>
<trkpt lat="37.5523226" lon="127.3103464">
<ele>41.22</ele>
<time>2026-08-29T00:06:00Z</time>
</trkpt>
<trkpt lat="37.5523393" lon="127.3103946">
<ele>41.008</ele>
<time>2026-08-29T00:06:01Z</time>
</trkpt>
<trkpt lat="37.5523545" lon="127.3104428">
<ele>40.957</ele>
<time>2026-08-29T00:06:02Z</time>
</trkpt>
<trkpt lat="37.5523682" lon="127.3104909">
<ele>40.953</ele>
<time>2026-08-29T00:06:03Z</time>
</trkpt>
<trkpt lat="37.5523803" lon="127.3105388">
<ele>40.955</ele>
<time>2026-08-29T00:06:04Z</time>
</trkpt>
<trkpt lat="37.5523906" lon="127.3105865">
<ele>40.884</ele>
<time>2026-08-29T00:06:05Z</time>
</trkpt>
<trkpt lat="37.5523995" lon="127.3106335">
<ele>40.927</ele>
<time>2026-08-29T00:06:06Z</time>
</trkpt>
<trkpt lat="37.5524071" lon="127.3106797">
<ele>41.147</ele>
<time>2026-08-29T00:06:07Z</time>
</trkpt>
<trkpt lat="37.552414" lon="127.310725">
<ele>41.323</ele>
<time>2026-08-29T00:06:08Z</time>
</trkpt>
<trkpt lat="37.5524204" lon="127.3107692">
<ele>41.557</ele>
<time>2026-08-29T00:06:09Z</time>
</trkpt>
<trkpt lat="37.5524268" lon="127.3108126">
<ele>41.919</ele>
<time>2026-08-29T00:06:10Z</time>
</trkpt>
<trkpt lat="37.5524334" lon="127.3108552">
<ele>42.263</ele>
<time>2026-08-29T00:06:11Z</time>
</trkpt>
<trkpt lat="37.5524404" lon="127.3108975">
<ele>42.667</ele>
<time>2026-08-29T00:06:12Z</time>
</trkpt>
<trkpt lat="37.5524475" lon="127.3109394">
<ele>43.088</ele>
<time>2026-08-29T00:06:13Z</time>
</trkpt>
<trkpt lat="37.5524545" lon="127.3109812">
<ele>43.404</ele>
<time>2026-08-29T00:06:14Z</time>
</trkpt>
<trkpt lat="37.5524611" lon="127.3110228">
<ele>43.75</ele>
<time>2026-08-29T00:06:15Z</time>
</trkpt>
<trkpt lat="37.5524672" lon="127.3110646">
<ele>44.031</ele>
<time>2026-08-29T00:06:16Z</time>
</trkpt>
<trkpt lat="37.5524726" lon="127.3111066">
<ele>44.269</ele>
<time>2026-08-29T00:06:17Z</time>
</trkpt>
<trkpt lat="37.5524776" lon="127.3111494">
<ele>44.483</ele>
<time>2026-08-29T00:06:18Z</time>
</trkpt>
<trkpt lat="37.5524823" lon="127.3111934">
<ele>44.568</ele>
<time>2026-08-29T00:06:19Z</time>
</trkpt>
<trkpt lat="37.5524871" lon="127.311239">
<ele>44.546</ele>
<time>2026-08-29T00:06:20Z</time>
</trkpt>
<trkpt lat="37.552492" lon="127.3112868">
<ele>44.564</ele>
<time>2026-08-29T00:06:21Z</time>
</trkpt>
<trkpt lat="37.5524972" lon="127.3113352">
<ele>44.591</ele>
<time>2026-08-29T00:06:22Z</time>
</trkpt>
<trkpt lat="37.5525028" lon="127.3113867">
<ele>44.404</ele>
<time>2026-08-29T00:06:23Z</time>
</trkpt>
<trkpt lat="37.5525086" lon="127.3114422">
<ele>44.08</ele>
<time>2026-08-29T00:06:24Z</time>
</trkpt>
<trkpt lat="37.5525138" lon="127.3115022">
<ele>43.784</ele>
<time>2026-08-29T00:06:25Z</time>
</trkpt>
<trkpt lat="37.5525181" lon="127.3115672">
<ele>43.566</ele>
<time>2026-08-29T00:06:26Z</time>
</trkpt>
<trkpt lat="37.552521" lon="127.311637">
<ele>43.269</ele>
<time>2026-08-29T00:06:27Z</time>
</trkpt>
<trkpt lat="37.5525227" lon="127.3117087">
<ele>43.074</ele>
<time>2026-08-29T00:06:28Z</time>
</trkpt>
<trkpt lat="37.5525229" lon="127.3117807">
<ele>42.723</ele>
<time>2026-08-29T00:06:29Z</time>
</trkpt>
<trkpt lat="37.5525219" lon="127.3118519">
<ele>42.52</ele>
<time>2026-08-29T00:06:30Z</time>
</trkpt>
<trkpt lat="37.55252" lon="127.3119222">
<ele>42.454</ele>
<time>2026-08-29T00:06:31Z</time>
</trkpt>
<trkpt lat="37.5525175" lon="127.3119925">
<ele>42.095</ele>
<time>2026-08-29T00:06:32Z</time>
</trkpt>
<trkpt lat="37.5525144" lon="127.3120634">
<ele>42.133</ele>
<time>2026-08-29T00:06:33Z</time>
</trkpt>
<trkpt lat="37.5525109" lon="127.3121329">
<ele>42.039</ele>
<time>2026-08-29T00:06:34Z</time>
</trkpt>
<trkpt lat="37.5525072" lon="127.3121993">
<ele>42.111</ele>
<time>2026-08-29T00:06:35Z</time>
</trkpt>
<trkpt lat="37.552503" lon="127.3122629">
<ele>42.205</ele>
<time>2026-08-29T00:06:36Z</time>
</trkpt>
<trkpt lat="37.5524982" lon="127.3123258">
<ele>42.167</ele>
<time>2026-08-29T00:06:37Z</time>
</trkpt>
<trkpt lat="37.5524932" lon="127.3123891">
<ele>42.196</ele>
<time>2026-08-29T00:06:38Z</time>
</trkpt>
<trkpt lat="37.5524875" lon="127.3124522">
<ele>42.242</ele>
<time>2026-08-29T00:06:39Z</time>
</trkpt>
<trkpt lat="37.5524812" lon="127.3125151">
<ele>42.268</ele>
<time>2026-08-29T00:06:40Z</time>
</trkpt>
<trkpt lat="37.5524743" lon="127.3125771">
<ele>42.273</ele>
<time>2026-08-29T00:06:41Z</time>
</trkpt>
<trkpt lat="37.5524666" lon="127.3126349">
<ele>42.37</ele>
<time>2026-08-29T00:06:42Z</time>
</trkpt>
<trkpt lat="37.5524584" lon="127.3126901">
<ele>42.389</ele>
<time>2026-08-29T00:06:43Z</time>
</trkpt>
<trkpt lat="37.5524496" lon="127.3127437">
<ele>42.383</ele>
<time>2026-08-29T00:06:44Z</time>
</trkpt>
<trkpt lat="37.5524413" lon="127.3127992">
<ele>42.458</ele>
<time>2026-08-29T00:06:45Z</time>
</trkpt>
<trkpt lat="37.5524326" lon="127.3128534">
<ele>42.481</ele>
<time>2026-08-29T00:06:46Z</time>
</trkpt>
<trkpt lat="37.5524241" lon="127.3129085">
<ele>42.551</ele>
<time>2026-08-29T00:06:47Z</time>
</trkpt>
<trkpt lat="37.5524151" lon="127.3129618">
<ele>42.506</ele>
<time>2026-08-29T00:06:48Z</time>
</trkpt>
<trkpt lat="37.5524054" lon="127.3130146">
<ele>42.612</ele>
<time>2026-08-29T00:06:49Z</time>
</trkpt>
<trkpt lat="37.5523952" lon="127.3130661">
<ele>42.634</ele>
<time>2026-08-29T00:06:50Z</time>
</trkpt>
<trkpt lat="37.552385" lon="127.3131164">
<ele>42.697</ele>
<time>2026-08-29T00:06:51Z</time>
</trkpt>
<trkpt lat="37.5523746" lon="127.3131658">
<ele>42.796</ele>
<time>2026-08-29T00:06:52Z</time>
</trkpt>
<trkpt lat="37.5523639" lon="127.3132146">
<ele>42.865</ele>
<time>2026-08-29T00:06:53Z</time>
</trkpt>
<trkpt lat="37.5523526" lon="127.3132633">
<ele>42.9</ele>
<time>2026-08-29T00:06:54Z</time>
</trkpt>
<trkpt lat="37.5523408" lon="127.3133122">
<ele>42.932</ele>
<time>2026-08-29T00:06:55Z</time>
</trkpt>
<trkpt lat="37.5523284" lon="127.3133611">
<ele>42.955</ele>
<time>2026-08-29T00:06:56Z</time>
</trkpt>
<trkpt lat="37.5523155" lon="127.3134096">
<ele>42.93</ele>
<time>2026-08-29T00:06:57Z</time>
</trkpt>
<trkpt lat="37.5523023" lon="127.3134574">
<ele>43.024</ele>
<time>2026-08-29T00:06:58Z</time>
</trkpt>
<trkpt lat="37.552289" lon="127.3135041">
<ele>42.918</ele>
<time>2026-08-29T00:06:59Z</time>
</trkpt>
<trkpt lat="37.5522755" lon="127.3135498">
<ele>42.843</ele>
<time>2026-08-29T00:07:00Z</time>
</trkpt>
<trkpt lat="37.552262" lon="127.3135945">
<ele>43.017</ele>
<time>2026-08-29T00:07:01Z</time>
</trkpt>
<trkpt lat="37.5522484" lon="127.3136382">
<ele>43.038</ele>
<time>2026-08-29T00:07:02Z</time>
</trkpt>
<trkpt lat="37.5522347" lon="127.3136811">
<ele>43.059</ele>
<time>2026-08-29T00:07:03Z</time>
</trkpt>
<trkpt lat="37.552221" lon="127.313723">
<ele>43.049</ele>
<time>2026-08-29T00:07:04Z</time>
</trkpt>
<trkpt lat="37.5522073" lon="127.3137626">
<ele>43.19</ele>
<time>2026-08-29T00:07:05Z</time>
</trkpt>
<trkpt lat="37.5521937" lon="127.313801">
<ele>43.245</ele>
<time>2026-08-29T00:07:06Z</time>
</trkpt>
<trkpt lat="37.5521802" lon="127.3138387">
<ele>43.303</ele>
<time>2026-08-29T00:07:07Z</time>
</trkpt>
<trkpt lat="37.5521665" lon="127.3138762">
<ele>43.376</ele>
<time>2026-08-29T00:07:08Z</time>
</trkpt>
<trkpt lat="37.5521528" lon="127.3139141">
<ele>43.396</ele>
<time>2026-08-29T00:07:09Z</time>
</trkpt>
<trkpt lat="37.552139" lon="127.3139529">
<ele>43.345</ele>
<time>2026-08-29T00:07:10Z</time>
</trkpt>
<trkpt lat="37.5521252" lon="127.3139915">
<ele>43.291</ele>
<time>2026-08-29T00:07:11Z</time>
</trkpt>
<trkpt lat="37.5521114" lon="127.3140298">
<ele>43.238</ele>
<time>2026-08-29T00:07:12Z</time>
</trkpt>
<trkpt lat="37.5520975" lon="127.314068">
<ele>43.132</ele>
<time>2026-08-29T00:07:13Z</time>
</trkpt>
<trkpt lat="37.5520836" lon="127.314106">
<ele>43.054</ele>
<time>2026-08-29T00:07:14Z</time>
</trkpt>
<trkpt lat="37.5520697" lon="127.3141439">
<ele>43.047</ele>
<time>2026-08-29T00:07:15Z</time>
</trkpt>
<trkpt lat="37.5520557" lon="127.3141817">
<ele>43.58</ele>
<time>2026-08-29T00:07:16Z</time>
</trkpt>
<trkpt lat="37.5520418" lon="127.3142193">
<ele>43.581</ele>
<time>2026-08-29T00:07:17Z</time>
</trkpt>
<trkpt lat="37.5520279" lon="127.3142566">
<ele>43.293</ele>
<time>2026-08-29T00:07:18Z</time>
</trkpt>
<trkpt lat="37.5520141" lon="127.3142936">
<ele>43.162</ele>
<time>2026-08-29T00:07:19Z</time>
</trkpt>
<trkpt lat="37.5520001" lon="127.3143311">
<ele>43.127</ele>
<time>2026-08-29T00:07:20Z</time>
</trkpt>
<trkpt lat="37.5519862" lon="127.3143677">
<ele>43.032</ele>
<time>2026-08-29T00:07:21Z</time>
</trkpt>
<trkpt lat="37.5519725" lon="127.3144037">
<ele>43.014</ele>
<time>2026-08-29T00:07:22Z</time>
</trkpt>
<trkpt lat="37.5519589" lon="127.3144393">
<ele>42.98</ele>
<time>2026-08-29T00:07:23Z</time>
</trkpt>
<trkpt lat="37.5519454" lon="127.3144745">
<ele>42.955</ele>
<time>2026-08-29T00:07:24Z</time>
</trkpt>
<trkpt lat="37.551932" lon="127.3145092">
<ele>42.949</ele>
<time>2026-08-29T00:07:25Z</time>
</trkpt>
<trkpt lat="37.5519187" lon="127.3145436">
<ele>42.979</ele>
<time>2026-08-29T00:07:26Z</time>
</trkpt>
<trkpt lat="37.5519055" lon="127.3145775">
<ele>42.961</ele>
<time>2026-08-29T00:07:27Z</time>
</trkpt>
<trkpt lat="37.5518925" lon="127.314611">
<ele>42.939</ele>
<time>2026-08-29T00:07:28Z</time>
</trkpt>
<trkpt lat="37.5518796" lon="127.3146439">
<ele>42.88</ele>
<time>2026-08-29T00:07:29Z</time>
</trkpt>
<trkpt lat="37.5518668" lon="127.3146764">
<ele>42.841</ele>
<time>2026-08-29T00:07:30Z</time>
</trkpt>
<trkpt lat="37.5518541" lon="127.3147085">
<ele>42.816</ele>
<time>2026-08-29T00:07:31Z</time>
</trkpt>
<trkpt lat="37.5518416" lon="127.3147401">
<ele>42.897</ele>
<time>2026-08-29T00:07:32Z</time>
</trkpt>
<trkpt lat="37.5518292" lon="127.3147713">
<ele>42.854</ele>
<time>2026-08-29T00:07:33Z</time>
</trkpt>
<trkpt lat="37.5518171" lon="127.3148017">
<ele>42.872</ele>
<time>2026-08-29T00:07:34Z</time>
</trkpt>
<trkpt lat="37.5518053" lon="127.3148309">
<ele>42.868</ele>
<time>2026-08-29T00:07:35Z</time>
</trkpt>
<trkpt lat="37.5517941" lon="127.3148589">
<ele>42.86</ele>
<time>2026-08-29T00:07:36Z</time>
</trkpt>
<trkpt lat="37.5517823" lon="127.3148888">
<ele>42.855</ele>
<time>2026-08-29T00:07:37Z</time>
</trkpt>
<trkpt lat="37.5517703" lon="127.3149193">
<ele>42.877</ele>
<time>2026-08-29T00:07:38Z</time>
</trkpt>
<trkpt lat="37.5517583" lon="127.3149502">
<ele>42.899</ele>
<time>2026-08-29T00:07:39Z</time>
</trkpt>
<trkpt lat="37.5517466" lon="127.3149796">
<ele>42.845</ele>
<time>2026-08-29T00:07:40Z</time>
</trkpt>
<trkpt lat="37.5517355" lon="127.3150068">
<ele>42.86</ele>
<time>2026-08-29T00:07:41Z</time>
</trkpt>
<trkpt lat="37.5517265" lon="127.3150283">
<ele>42.847</ele>
<time>2026-08-29T00:07:42Z</time>
</trkpt>
<trkpt lat="37.5517187" lon="127.3150467">
<ele>42.853</ele>
<time>2026-08-29T00:07:43Z</time>
</trkpt>
<trkpt lat="37.551712" lon="127.3150631">
<ele>42.881</ele>
<time>2026-08-29T00:07:44Z</time>
</trkpt>
<trkpt lat="37.5517059" lon="127.3150789">
<ele>42.83</ele>
<time>2026-08-29T00:07:45Z</time>
</trkpt>
<trkpt lat="37.5516996" lon="127.3150966">
<ele>42.877</ele>
<time>2026-08-29T00:07:46Z</time>
</trkpt>
<trkpt lat="37.5516923" lon="127.3151178">
<ele>42.915</ele>
<time>2026-08-29T00:07:47Z</time>
</trkpt>
<trkpt lat="37.5516837" lon="127.3151435">
<ele>42.03</ele>
<time>2026-08-29T00:14:33Z</time>
</trkpt>
<trkpt lat="37.5516738" lon="127.315173">
<ele>42.009</ele>
<time>2026-08-29T00:14:34Z</time>
</trkpt>
<trkpt lat="37.5516631" lon="127.3152048">
<ele>41.973</ele>
<time>2026-08-29T00:14:35Z</time>
</trkpt>
<trkpt lat="37.5516521" lon="127.3152368">
<ele>41.962</ele>
<time>2026-08-29T00:14:36Z</time>
</trkpt>
<trkpt lat="37.5516412" lon="127.3152676">
<ele>42.059</ele>
<time>2026-08-29T00:14:37Z</time>
</trkpt>
<trkpt lat="37.5516306" lon="127.3152968">
<ele>42.013</ele>
<time>2026-08-29T00:14:38Z</time>
</trkpt>
<trkpt lat="37.5516202" lon="127.3153246">
<ele>42.065</ele>
<time>2026-08-29T00:14:39Z</time>
</trkpt>
<trkpt lat="37.5516097" lon="127.3153514">
<ele>42.073</ele>
<time>2026-08-29T00:14:40Z</time>
</trkpt>
<trkpt lat="37.551599" lon="127.3153781">
<ele>42.053</ele>
<time>2026-08-29T00:14:41Z</time>
</trkpt>
<trkpt lat="37.5515872" lon="127.3154066">
<ele>42.045</ele>
<time>2026-08-29T00:14:42Z</time>
</trkpt>
<trkpt lat="37.5515745" lon="127.3154379">
<ele>42.123</ele>
<time>2026-08-29T00:14:43Z</time>
</trkpt>
<trkpt lat="37.5515609" lon="127.3154722">
<ele>42.131</ele>
<time>2026-08-29T00:14:44Z</time>
</trkpt>
<trkpt lat="37.5515468" lon="127.3155084">
<ele>42.184</ele>
<time>2026-08-29T00:14:45Z</time>
</trkpt>
<trkpt lat="37.5515327" lon="127.3155456">
<ele>42.266</ele>
<time>2026-08-29T00:14:46Z</time>
</trkpt>
<trkpt lat="37.5515195" lon="127.3155801">
<ele>42.327</ele>
<time>2026-08-29T00:14:47Z</time>
</trkpt>
<trkpt lat="37.551506" lon="127.3156154">
<ele>42.328</ele>
<time>2026-08-29T00:14:48Z</time>
</trkpt>
<trkpt lat="37.5514923" lon="127.3156516">
<ele>42.305</ele>
<time>2026-08-29T00:14:49Z</time>
</trkpt>
<trkpt lat="37.5514784" lon="127.3156888">
<ele>42.385</ele>
<time>2026-08-29T00:14:50Z</time>
</trkpt>
<trkpt lat="37.5514645" lon="127.3157266">
<ele>42.284</ele>
<time>2026-08-29T00:14:51Z</time>
</trkpt>
<trkpt lat="37.5514503" lon="127.3157651">
<ele>42.274</ele>
<time>2026-08-29T00:14:52Z</time>
</trkpt>
<trkpt lat="37.5514361" lon="127.315804">
<ele>42.221</ele>
<time>2026-08-29T00:14:53Z</time>
</trkpt>
<trkpt lat="37.5514217" lon="127.3158435">
<ele>42.29</ele>
<time>2026-08-29T00:14:54Z</time>
</trkpt>
<trkpt lat="37.5514072" lon="127.3158833">
<ele>42.3</ele>
<time>2026-08-29T00:14:55Z</time>
</trkpt>
<trkpt lat="37.5513925" lon="127.3159234">
<ele>42.265</ele>
<time>2026-08-29T00:14:56Z</time>
</trkpt>
<trkpt lat="37.5513777" lon="127.3159637">
<ele>42.303</ele>
<time>2026-08-29T00:14:57Z</time>
</trkpt>
<trkpt lat="37.5513629" lon="127.3160039">
<ele>42.362</ele>
<time>2026-08-29T00:14:58Z</time>
</trkpt>
<trkpt lat="37.5513479" lon="127.3160442">
<ele>42.285</ele>
<time>2026-08-29T00:14:59Z</time>
</trkpt>
<trkpt lat="37.5513329" lon="127.3160843">
<ele>42.225</ele>
<time>2026-08-29T00:15:00Z</time>
</trkpt>
<trkpt lat="37.551318" lon="127.3161244">
<ele>42.256</ele>
<time>2026-08-29T00:15:01Z</time>
</trkpt>
<trkpt lat="37.551303" lon="127.3161646">
<ele>42.338</ele>
<time>2026-08-29T00:15:02Z</time>
</trkpt>
<trkpt lat="37.5512879" lon="127.3162049">
<ele>42.366</ele>
<time>2026-08-29T00:15:03Z</time>
</trkpt>
<trkpt lat="37.5512728" lon="127.3162451">
<ele>42.284</ele>
<time>2026-08-29T00:15:04Z</time>
</trkpt>
<trkpt lat="37.5512576" lon="127.3162854">
<ele>42.389</ele>
<time>2026-08-29T00:15:05Z</time>
</trkpt>
<trkpt lat="37.5512424" lon="127.3163256">
<ele>42.396</ele>
<time>2026-08-29T00:15:06Z</time>
</trkpt>
<trkpt lat="37.5512272" lon="127.3163659">
<ele>42.409</ele>
<time>2026-08-29T00:15:07Z</time>
</trkpt>
<trkpt lat="37.551212" lon="127.3164063">
<ele>42.49</ele>
<time>2026-08-29T00:15:08Z</time>
</trkpt>
<trkpt lat="37.5511968" lon="127.3164467">
<ele>42.458</ele>
<time>2026-08-29T00:15:09Z</time>
</trkpt>
<trkpt lat="37.5511816" lon="127.3164875">
<ele>42.389</ele>
<time>2026-08-29T00:15:10Z</time>
</trkpt>
<trkpt lat="37.5511663" lon="127.3165284">
<ele>42.366</ele>
<time>2026-08-29T00:15:11Z</time>
</trkpt>
<trkpt lat="37.5511509" lon="127.3165695">
<ele>42.357</ele>
<time>2026-08-29T00:15:12Z</time>
</trkpt>
<trkpt lat="37.5511355" lon="127.3166109">
<ele>42.383</ele>
<time>2026-08-29T00:15:13Z</time>
</trkpt>
<trkpt lat="37.5511202" lon="127.3166525">
<ele>42.363</ele>
<time>2026-08-29T00:15:14Z</time>
</trkpt>
<trkpt lat="37.5511048" lon="127.3166943">
<ele>42.287</ele>
<time>2026-08-29T00:15:15Z</time>
</trkpt>
<trkpt lat="37.5510894" lon="127.3167362">
<ele>42.326</ele>
<time>2026-08-29T00:15:16Z</time>
</trkpt>
<trkpt lat="37.5510739" lon="127.3167782">
<ele>42.346</ele>
<time>2026-08-29T00:15:17Z</time>
</trkpt>
<trkpt lat="37.5510582" lon="127.3168203">
<ele>42.349</ele>
<time>2026-08-29T00:15:18Z</time>
</trkpt>
<trkpt lat="37.5510423" lon="127.3168629">
<ele>42.393</ele>
<time>2026-08-29T00:15:19Z</time>
</trkpt>
<trkpt lat="37.5510261" lon="127.3169057">
<ele>42.373</ele>
<time>2026-08-29T00:15:20Z</time>
</trkpt>
<trkpt lat="37.5510097" lon="127.3169489">
<ele>42.291</ele>
<time>2026-08-29T00:15:21Z</time>
</trkpt>
<trkpt lat="37.5509931" lon="127.3169923">
<ele>42.288</ele>
<time>2026-08-29T00:15:22Z</time>
</trkpt>
<trkpt lat="37.5509764" lon="127.3170361">
<ele>42.247</ele>
<time>2026-08-29T00:15:23Z</time>
</trkpt>
<trkpt lat="37.5509595" lon="127.3170801">
<ele>42.309</ele>
<time>2026-08-29T00:15:24Z</time>
</trkpt>
<trkpt lat="37.5509425" lon="127.3171245">
<ele>42.317</ele>
<time>2026-08-29T00:15:25Z</time>
</trkpt>
<trkpt lat="37.5509253" lon="127.3171691">
<ele>42.233</ele>
<time>2026-08-29T00:15:26Z</time>
</trkpt>
<trkpt lat="37.550908" lon="127.3172141">
<ele>42.233</ele>
<time>2026-08-29T00:15:27Z</time>
</trkpt>
<trkpt lat="37.5508906" lon="127.3172593">
<ele>42.295</ele>
<time>2026-08-29T00:15:28Z</time>
</trkpt>
<trkpt lat="37.5508732" lon="127.3173047">
<ele>42.304</ele>
<time>2026-08-29T00:15:29Z</time>
</trkpt>
<trkpt lat="37.5508559" lon="127.3173501">
<ele>42.272</ele>
<time>2026-08-29T00:15:30Z</time>
</trkpt>
<trkpt lat="37.5508386" lon="127.3173957">
<ele>42.166</ele>
<time>2026-08-29T00:15:31Z</time>
</trkpt>
<trkpt lat="37.5508213" lon="127.3174415">
<ele>42.244</ele>
<time>2026-08-29T00:15:32Z</time>
</trkpt>
<trkpt lat="37.550804" lon="127.3174873">
<ele>42.138</ele>
<time>2026-08-29T00:15:33Z</time>
</trkpt>
<trkpt lat="37.5507866" lon="127.3175333">
<ele>42.092</ele>
<time>2026-08-29T00:15:34Z</time>
</trkpt>
<trkpt lat="37.5507692" lon="127.3175794">
<ele>42.265</ele>
<time>2026-08-29T00:15:35Z</time>
</trkpt>
<trkpt lat="37.5507517" lon="127.3176259">
<ele>42.333</ele>
<time>2026-08-29T00:15:36Z</time>
</trkpt>
<trkpt lat="37.5507342" lon="127.3176725">
<ele>42.275</ele>
<time>2026-08-29T00:15:37Z</time>
</trkpt>
<trkpt lat="37.5507167" lon="127.3177192">
<ele>42.336</ele>
<time>2026-08-29T00:15:38Z</time>
</trkpt>
<trkpt lat="37.5506992" lon="127.317766">
<ele>42.206</ele>
<time>2026-08-29T00:15:39Z</time>
</trkpt>
<trkpt lat="37.5506816" lon="127.3178128">
<ele>42.225</ele>
<time>2026-08-29T00:15:40Z</time>
</trkpt>
<trkpt lat="37.550664" lon="127.3178597">
<ele>42.211</ele>
<time>2026-08-29T00:15:41Z</time>
</trkpt>
<trkpt lat="37.5506464" lon="127.3179066">
<ele>42.178</ele>
<time>2026-08-29T00:15:42Z</time>
</trkpt>
<trkpt lat="37.5506288" lon="127.3179534">
<ele>42.095</ele>
<time>2026-08-29T00:15:43Z</time>
</trkpt>
<trkpt lat="37.5506112" lon="127.3180002">
<ele>42.034</ele>
<time>2026-08-29T00:15:44Z</time>
</trkpt>
<trkpt lat="37.5505936" lon="127.3180469">
<ele>41.939</ele>
<time>2026-08-29T00:15:45Z</time>
</trkpt>
<trkpt lat="37.5505761" lon="127.3180934">
<ele>42.032</ele>
<time>2026-08-29T00:15:46Z</time>
</trkpt>
<trkpt lat="37.5505587" lon="127.3181397">
<ele>42.123</ele>
<time>2026-08-29T00:15:47Z</time>
</trkpt>
<trkpt lat="37.5505415" lon="127.3181858">
<ele>42.071</ele>
<time>2026-08-29T00:15:48Z</time>
</trkpt>
<trkpt lat="37.5505243" lon="127.3182316">
<ele>42.111</ele>
<time>2026-08-29T00:15:49Z</time>
</trkpt>
<trkpt lat="37.5505071" lon="127.3182771">
<ele>42.067</ele>
<time>2026-08-29T00:15:50Z</time>
</trkpt>
<trkpt lat="37.5504899" lon="127.3183222">
<ele>41.992</ele>
<time>2026-08-29T00:15:51Z</time>
</trkpt>
<trkpt lat="37.5504728" lon="127.3183669">
<ele>41.979</ele>
<time>2026-08-29T00:15:52Z</time>
</trkpt>
<trkpt lat="37.5504558" lon="127.3184112">
<ele>42.048</ele>
<time>2026-08-29T00:15:53Z</time>
</trkpt>
<trkpt lat="37.550439" lon="127.3184549">
<ele>42.035</ele>
<time>2026-08-29T00:15:54Z</time>
</trkpt>
<trkpt lat="37.5504223" lon="127.3184981">
<ele>42.07</ele>
<time>2026-08-29T00:15:55Z</time>
</trkpt>
<trkpt lat="37.5504058" lon="127.3185407">
<ele>42.017</ele>
<time>2026-08-29T00:15:56Z</time>
</trkpt>
<trkpt lat="37.5503894" lon="127.3185827">
<ele>41.994</ele>
<time>2026-08-29T00:15:57Z</time>
</trkpt>
<trkpt lat="37.5503731" lon="127.3186241">
<ele>41.995</ele>
<time>2026-08-29T00:15:58Z</time>
</trkpt>
<trkpt lat="37.550357" lon="127.3186649">
<ele>41.997</ele>
<time>2026-08-29T00:15:59Z</time>
</trkpt>
<trkpt lat="37.5503411" lon="127.3187053">
<ele>42.099</ele>
<time>2026-08-29T00:16:00Z</time>
</trkpt>
<trkpt lat="37.5503252" lon="127.318745">
<ele>42.114</ele>
<time>2026-08-29T00:16:01Z</time>
</trkpt>
<trkpt lat="37.5503095" lon="127.3187843">
<ele>42.143</ele>
<time>2026-08-29T00:16:02Z</time>
</trkpt>
<trkpt lat="37.550294" lon="127.3188231">
<ele>42.13</ele>
<time>2026-08-29T00:16:03Z</time>
</trkpt>
<trkpt lat="37.5502788" lon="127.3188612">
<ele>42.018</ele>
<time>2026-08-29T00:16:04Z</time>
</trkpt>
<trkpt lat="37.5502638" lon="127.3188987">
<ele>42.055</ele>
<time>2026-08-29T00:16:05Z</time>
</trkpt>
<trkpt lat="37.5502493" lon="127.3189354">
<ele>42.04</ele>
<time>2026-08-29T00:16:06Z</time>
</trkpt>
<trkpt lat="37.5502352" lon="127.318971">
<ele>42.049</ele>
<time>2026-08-29T00:16:07Z</time>
</trkpt>
<trkpt lat="37.5502216" lon="127.3190054">
<ele>41.972</ele>
<time>2026-08-29T00:16:08Z</time>
</trkpt>
<trkpt lat="37.5502087" lon="127.3190385">
<ele>42.021</ele>
<time>2026-08-29T00:16:09Z</time>
</trkpt>
<trkpt lat="37.5501964" lon="127.3190702">
<ele>41.986</ele>
<time>2026-08-29T00:16:10Z</time>
</trkpt>
<trkpt lat="37.5501848" lon="127.3191004">
<ele>41.962</ele>
<time>2026-08-29T00:16:11Z</time>
</trkpt>
<trkpt lat="37.5501739" lon="127.3191291">
<ele>42.011</ele>
<time>2026-08-29T00:16:12Z</time>
</trkpt>
<trkpt lat="37.5501637" lon="127.3191561">
<ele>41.97</ele>
<time>2026-08-29T00:16:13Z</time>
</trkpt>
<trkpt lat="37.5501518" lon="127.3191875">
<ele>41.958</ele>
<time>2026-08-29T00:16:14Z</time>
</trkpt>
<trkpt lat="37.5501407" lon="127.3192169">
<ele>41.921</ele>
<time>2026-08-29T00:16:15Z</time>
</trkpt>
<trkpt lat="37.550131" lon="127.3192431">
<ele>41.805</ele>
<time>2026-08-29T00:16:16Z</time>
</trkpt>
<trkpt lat="37.5501228" lon="127.3192653">
<ele>41.728</ele>
<time>2026-08-29T00:16:17Z</time>
</trkpt>
<trkpt lat="37.5501162" lon="127.3192836">
<ele>41.684</ele>
<time>2026-08-29T00:16:18Z</time>
</trkpt>
<trkpt lat="37.5501113" lon="127.3192976">
<ele>41.705</ele>
<time>2026-08-29T00:16:19Z</time>
</trkpt>
<trkpt lat="37.5501071" lon="127.3193102">
<ele>41.635</ele>
<time>2026-08-29T00:16:20Z</time>
</trkpt>
<trkpt lat="37.5501037" lon="127.3193216">
<ele>41.602</ele>
<time>2026-08-29T00:16:21Z</time>
</trkpt>
<trkpt lat="37.5501012" lon="127.3193318">
<ele>41.596</ele>
<time>2026-08-29T00:16:22Z</time>
</trkpt>
<trkpt lat="37.5501" lon="127.3193408">
<ele>41.58</ele>
<time>2026-08-29T00:16:23Z</time>
</trkpt>
<trkpt lat="37.5501003" lon="127.3193479">
<ele>41.618</ele>
<time>2026-08-29T00:16:24Z</time>
</trkpt>
<trkpt lat="37.5501021" lon="127.3193527">
<ele>41.632</ele>
<time>2026-08-29T00:16:25Z</time>
</trkpt>
<trkpt lat="37.5501054" lon="127.3193547">
<ele>41.684</ele>
<time>2026-08-29T00:16:26Z</time>
</trkpt>
<trkpt lat="37.5501097" lon="127.3193539">
<ele>41.671</ele>
<time>2026-08-29T00:16:27Z</time>
</trkpt>
<trkpt lat="37.5501146" lon="127.3193504">
<ele>41.68</ele>
<time>2026-08-29T00:16:28Z</time>
</trkpt>
<trkpt lat="37.5501194" lon="127.3193448">
<ele>41.686</ele>
<time>2026-08-29T00:16:29Z</time>
</trkpt>
<trkpt lat="37.5501239" lon="127.3193376">
<ele>41.647</ele>
<time>2026-08-29T00:16:30Z</time>
</trkpt>
<trkpt lat="37.5501279" lon="127.3193289">
<ele>41.678</ele>
<time>2026-08-29T00:16:31Z</time>
</trkpt>
<trkpt lat="37.5501318" lon="127.3193183">
<ele>41.795</ele>
<time>2026-08-29T00:16:32Z</time>
</trkpt>
<trkpt lat="37.550136" lon="127.3193052">
<ele>41.834</ele>
<time>2026-08-29T00:16:33Z</time>
</trkpt>
<trkpt lat="37.5501423" lon="127.319285">
<ele>41.876</ele>
<time>2026-08-29T00:16:34Z</time>
</trkpt>
<trkpt lat="37.5501502" lon="127.3192615">
<ele>41.854</ele>
<time>2026-08-29T00:17:00Z</time>
</trkpt>
<trkpt lat="37.5501594" lon="127.3192358">
<ele>41.861</ele>
<time>2026-08-29T00:17:01Z</time>
</trkpt>
<trkpt lat="37.5501696" lon="127.3192083">
<ele>41.896</ele>
<time>2026-08-29T00:17:02Z</time>
</trkpt>
<trkpt lat="37.5501801" lon="127.31918">
<ele>41.944</ele>
<time>2026-08-29T00:17:03Z</time>
</trkpt>
<trkpt lat="37.5501891" lon="127.3191552">
<ele>41.917</ele>
<time>2026-08-29T00:17:04Z</time>
</trkpt>
<trkpt lat="37.5501985" lon="127.3191291">
<ele>42.01</ele>
<time>2026-08-29T00:17:05Z</time>
</trkpt>
<trkpt lat="37.5502083" lon="127.3191019">
<ele>42.114</ele>
<time>2026-08-29T00:17:06Z</time>
</trkpt>
<trkpt lat="37.5502187" lon="127.3190735">
<ele>42.11</ele>
<time>2026-08-29T00:17:07Z</time>
</trkpt>
<trkpt lat="37.5502296" lon="127.3190438">
<ele>42.05</ele>
<time>2026-08-29T00:17:08Z</time>
</trkpt>
<trkpt lat="37.5502411" lon="127.3190129">
<ele>42.194</ele>
<time>2026-08-29T00:17:09Z</time>
</trkpt>
<trkpt lat="37.550253" lon="127.3189809">
<ele>42.255</ele>
<time>2026-08-29T00:17:10Z</time>
</trkpt>
<trkpt lat="37.5502654" lon="127.318948">
<ele>42.238</ele>
<time>2026-08-29T00:17:11Z</time>
</trkpt>
<trkpt lat="37.5502775" lon="127.3189161">
<ele>42.229</ele>
<time>2026-08-29T00:17:12Z</time>
</trkpt>
<trkpt lat="37.5502898" lon="127.3188833">
<ele>42.238</ele>
<time>2026-08-29T00:17:13Z</time>
</trkpt>
<trkpt lat="37.5503024" lon="127.3188496">
<ele>42.351</ele>
<time>2026-08-29T00:17:14Z</time>
</trkpt>
<trkpt lat="37.5503153" lon="127.3188151">
<ele>42.502</ele>
<time>2026-08-29T00:17:15Z</time>
</trkpt>
<trkpt lat="37.5503283" lon="127.31878">
<ele>42.446</ele>
<time>2026-08-29T00:17:16Z</time>
</trkpt>
<trkpt lat="37.5503417" lon="127.3187442">
<ele>42.3</ele>
<time>2026-08-29T00:17:17Z</time>
</trkpt>
<trkpt lat="37.5503553" lon="127.318708">
<ele>42.323</ele>
<time>2026-08-29T00:17:18Z</time>
</trkpt>
<trkpt lat="37.5503691" lon="127.3186714">
<ele>42.334</ele>
<time>2026-08-29T00:17:19Z</time>
</trkpt>
<trkpt lat="37.550383" lon="127.3186344">
<ele>42.408</ele>
<time>2026-08-29T00:17:20Z</time>
</trkpt>
<trkpt lat="37.5503972" lon="127.318597">
<ele>42.348</ele>
<time>2026-08-29T00:17:21Z</time>
</trkpt>
<trkpt lat="37.5504115" lon="127.3185593">
<ele>42.381</ele>
<time>2026-08-29T00:17:22Z</time>
</trkpt>
<trkpt lat="37.5504261" lon="127.3185211">
<ele>42.321</ele>
<time>2026-08-29T00:17:23Z</time>
</trkpt>
<trkpt lat="37.5504408" lon="127.3184825">
<ele>42.292</ele>
<time>2026-08-29T00:17:24Z</time>
</trkpt>
<trkpt lat="37.5504558" lon="127.3184434">
<ele>42.284</ele>
<time>2026-08-29T00:17:25Z</time>
</trkpt>
<trkpt lat="37.550471" lon="127.3184041">
<ele>42.224</ele>
<time>2026-08-29T00:17:26Z</time>
</trkpt>
<trkpt lat="37.5504864" lon="127.3183645">
<ele>42.115</ele>
<time>2026-08-29T00:17:27Z</time>
</trkpt>
<trkpt lat="37.5505018" lon="127.3183249">
<ele>42.155</ele>
<time>2026-08-29T00:17:28Z</time>
</trkpt>
<trkpt lat="37.5505173" lon="127.3182852">
<ele>42.051</ele>
<time>2026-08-29T00:17:29Z</time>
</trkpt>
<trkpt lat="37.5505329" lon="127.3182454">
<ele>42.043</ele>
<time>2026-08-29T00:17:30Z</time>
</trkpt>
<trkpt lat="37.5505486" lon="127.3182055">
<ele>42.133</ele>
<time>2026-08-29T00:17:31Z</time>
</trkpt>
<trkpt lat="37.5505644" lon="127.3181654">
<ele>42.222</ele>
<time>2026-08-29T00:17:32Z</time>
</trkpt>
<trkpt lat="37.5505802" lon="127.3181252">
<ele>42.255</ele>
<time>2026-08-29T00:17:33Z</time>
</trkpt>
<trkpt lat="37.550596" lon="127.318085">
<ele>42.278</ele>
<time>2026-08-29T00:17:34Z</time>
</trkpt>
<trkpt lat="37.5506117" lon="127.3180449">
<ele>42.218</ele>
<time>2026-08-29T00:17:35Z</time>
</trkpt>
<trkpt lat="37.5506272" lon="127.3180049">
<ele>42.124</ele>
<time>2026-08-29T00:17:36Z</time>
</trkpt>
<trkpt lat="37.5506426" lon="127.3179648">
<ele>42.146</ele>
<time>2026-08-29T00:17:37Z</time>
</trkpt>
<trkpt lat="37.5506579" lon="127.3179248">
<ele>42.021</ele>
<time>2026-08-29T00:17:38Z</time>
</trkpt>
<trkpt lat="37.550673" lon="127.3178848">
<ele>42.132</ele>
<time>2026-08-29T00:17:39Z</time>
</trkpt>
<trkpt lat="37.5506879" lon="127.3178448">
<ele>42.34</ele>
<time>2026-08-29T00:17:40Z</time>
</trkpt>
<trkpt lat="37.5507028" lon="127.3178046">
<ele>42.352</ele>
<time>2026-08-29T00:17:41Z</time>
</trkpt>
<trkpt lat="37.5507176" lon="127.3177645">
<ele>42.533</ele>
<time>2026-08-29T00:17:42Z</time>
</trkpt>
<trkpt lat="37.5507323" lon="127.3177244">
<ele>42.531</ele>
<time>2026-08-29T00:17:43Z</time>
</trkpt>
<trkpt lat="37.5507469" lon="127.3176844">
<ele>42.418</ele>
<time>2026-08-29T00:17:44Z</time>
</trkpt>
<trkpt lat="37.5507615" lon="127.3176446">
<ele>42.429</ele>
<time>2026-08-29T00:17:45Z</time>
</trkpt>
<trkpt lat="37.550776" lon="127.3176049">
<ele>42.389</ele>
<time>2026-08-29T00:17:46Z</time>
</trkpt>
<trkpt lat="37.5507905" lon="127.3175654">
<ele>42.439</ele>
<time>2026-08-29T00:17:47Z</time>
</trkpt>
<trkpt lat="37.550805" lon="127.3175261">
<ele>42.382</ele>
<time>2026-08-29T00:17:48Z</time>
</trkpt>
<trkpt lat="37.5508195" lon="127.3174869">
<ele>42.313</ele>
<time>2026-08-29T00:17:49Z</time>
</trkpt>
<trkpt lat="37.5508341" lon="127.3174478">
<ele>42.262</ele>
<time>2026-08-29T00:17:50Z</time>
</trkpt>
<trkpt lat="37.5508487" lon="127.3174089">
<ele>42.196</ele>
<time>2026-08-29T00:17:51Z</time>
</trkpt>
<trkpt lat="37.5508633" lon="127.3173702">
<ele>42.232</ele>
<time>2026-08-29T00:17:52Z</time>
</trkpt>
<trkpt lat="37.550878" lon="127.3173317">
<ele>42.272</ele>
<time>2026-08-29T00:17:53Z</time>
</trkpt>
<trkpt lat="37.5508927" lon="127.3172934">
<ele>42.288</ele>
<time>2026-08-29T00:17:54Z</time>
</trkpt>
<trkpt lat="37.5509074" lon="127.3172552">
<ele>42.22</ele>
<time>2026-08-29T00:17:55Z</time>
</trkpt>
<trkpt lat="37.5509221" lon="127.3172171">
<ele>42.205</ele>
<time>2026-08-29T00:17:56Z</time>
</trkpt>
<trkpt lat="37.5509368" lon="127.3171791">
<ele>42.284</ele>
<time>2026-08-29T00:17:57Z</time>
</trkpt>
<trkpt lat="37.5509514" lon="127.3171412">
<ele>42.422</ele>
<time>2026-08-29T00:17:58Z</time>
</trkpt>
<trkpt lat="37.550966" lon="127.3171034">
<ele>42.541</ele>
<time>2026-08-29T00:17:59Z</time>
</trkpt>
<trkpt lat="37.5509805" lon="127.3170654">
<ele>42.532</ele>
<time>2026-08-29T00:18:00Z</time>
</trkpt>
<trkpt lat="37.5509951" lon="127.3170274">
<ele>42.452</ele>
<time>2026-08-29T00:18:01Z</time>
</trkpt>
<trkpt lat="37.5510097" lon="127.3169893">
<ele>42.427</ele>
<time>2026-08-29T00:18:02Z</time>
</trkpt>
<trkpt lat="37.5510243" lon="127.316951">
<ele>42.559</ele>
<time>2026-08-29T00:18:03Z</time>
</trkpt>
<trkpt lat="37.5510389" lon="127.3169126">
<ele>42.491</ele>
<time>2026-08-29T00:18:04Z</time>
</trkpt>
<trkpt lat="37.5510535" lon="127.316874">
<ele>42.33</ele>
<time>2026-08-29T00:18:05Z</time>
</trkpt>
<trkpt lat="37.551068" lon="127.3168351">
<ele>42.315</ele>
<time>2026-08-29T00:18:06Z</time>
</trkpt>
<trkpt lat="37.5510827" lon="127.316796">
<ele>42.239</ele>
<time>2026-08-29T00:18:07Z</time>
</trkpt>
<trkpt lat="37.5510974" lon="127.3167565">
<ele>42.293</ele>
<time>2026-08-29T00:18:08Z</time>
</trkpt>
<trkpt lat="37.5511122" lon="127.3167167">
<ele>42.355</ele>
<time>2026-08-29T00:18:09Z</time>
</trkpt>
<trkpt lat="37.5511271" lon="127.3166768">
<ele>42.415</ele>
<time>2026-08-29T00:18:10Z</time>
</trkpt>
<trkpt lat="37.5511421" lon="127.3166367">
<ele>42.429</ele>
<time>2026-08-29T00:18:11Z</time>
</trkpt>
<trkpt lat="37.5511572" lon="127.3165964">
<ele>42.437</ele>
<time>2026-08-29T00:18:12Z</time>
</trkpt>
<trkpt lat="37.5511724" lon="127.3165558">
<ele>42.411</ele>
<time>2026-08-29T00:18:13Z</time>
</trkpt>
<trkpt lat="37.5511879" lon="127.316515">
<ele>42.178</ele>
<time>2026-08-29T00:18:14Z</time>
</trkpt>
<trkpt lat="37.5512034" lon="127.3164739">
<ele>42.14</ele>
<time>2026-08-29T00:18:15Z</time>
</trkpt>
<trkpt lat="37.5512191" lon="127.3164327">
<ele>41.88</ele>
<time>2026-08-29T00:18:16Z</time>
</trkpt>
<trkpt lat="37.5512348" lon="127.3163912">
<ele>41.956</ele>
<time>2026-08-29T00:18:17Z</time>
</trkpt>
<trkpt lat="37.5512506" lon="127.3163497">
<ele>42.024</ele>
<time>2026-08-29T00:18:18Z</time>
</trkpt>
<trkpt lat="37.5512664" lon="127.3163079">
<ele>42.095</ele>
<time>2026-08-29T00:18:19Z</time>
</trkpt>
<trkpt lat="37.5512822" lon="127.3162661">
<ele>42.203</ele>
<time>2026-08-29T00:18:20Z</time>
</trkpt>
<trkpt lat="37.5512979" lon="127.3162241">
<ele>42.256</ele>
<time>2026-08-29T00:18:21Z</time>
</trkpt>
<trkpt lat="37.5513137" lon="127.3161821">
<ele>42.171</ele>
<time>2026-08-29T00:18:22Z</time>
</trkpt>
<trkpt lat="37.5513293" lon="127.31614">
<ele>42.181</ele>
<time>2026-08-29T00:18:23Z</time>
</trkpt>
<trkpt lat="37.5513449" lon="127.3160979">
<ele>42.191</ele>
<time>2026-08-29T00:18:24Z</time>
</trkpt>
<trkpt lat="37.5513606" lon="127.3160558">
<ele>42.235</ele>
<time>2026-08-29T00:18:25Z</time>
</trkpt>
<trkpt lat="37.5513762" lon="127.3160138">
<ele>42.173</ele>
<time>2026-08-29T00:18:26Z</time>
</trkpt>
<trkpt lat="37.551392" lon="127.315972">
<ele>42.296</ele>
<time>2026-08-29T00:18:27Z</time>
</trkpt>
<trkpt lat="37.5514079" lon="127.3159304">
<ele>42.392</ele>
<time>2026-08-29T00:18:28Z</time>
</trkpt>
<trkpt lat="37.5514239" lon="127.315889">
<ele>42.289</ele>
<time>2026-08-29T00:18:29Z</time>
</trkpt>
<trkpt lat="37.5514399" lon="127.3158476">
<ele>42.295</ele>
<time>2026-08-29T00:18:30Z</time>
</trkpt>
<trkpt lat="37.5514562" lon="127.315806">
<ele>42.263</ele>
<time>2026-08-29T00:18:31Z</time>
</trkpt>
<trkpt lat="37.5514726" lon="127.3157644">
<ele>42.191</ele>
<time>2026-08-29T00:18:32Z</time>
</trkpt>
<trkpt lat="37.551489" lon="127.3157227">
<ele>42.544</ele>
<time>2026-08-29T00:18:33Z</time>
</trkpt>
<trkpt lat="37.5515055" lon="127.3156812">
<ele>42.733</ele>
<time>2026-08-29T00:18:34Z</time>
</trkpt>
<trkpt lat="37.551522" lon="127.3156397">
<ele>42.429</ele>
<time>2026-08-29T00:18:35Z</time>
</trkpt>
<trkpt lat="37.5515386" lon="127.315598">
<ele>42.192</ele>
<time>2026-08-29T00:18:36Z</time>
</trkpt>
<trkpt lat="37.5515554" lon="127.3155561">
<ele>41.937</ele>
<time>2026-08-29T00:18:37Z</time>
</trkpt>
<trkpt lat="37.5515724" lon="127.315514">
<ele>42.049</ele>
<time>2026-08-29T00:18:38Z</time>
</trkpt>
<trkpt lat="37.5515894" lon="127.3154717">
<ele>42.123</ele>
<time>2026-08-29T00:18:39Z</time>
</trkpt>
<trkpt lat="37.5516064" lon="127.3154292">
<ele>42.032</ele>
<time>2026-08-29T00:18:40Z</time>
</trkpt>
<trkpt lat="37.5516234" lon="127.3153866">
<ele>42.012</ele>
<time>2026-08-29T00:18:41Z</time>
</trkpt>
<trkpt lat="37.5516403" lon="127.3153439">
<ele>42.036</ele>
<time>2026-08-29T00:18:42Z</time>
</trkpt>
<trkpt lat="37.5516571" lon="127.3153011">
<ele>41.978</ele>
<time>2026-08-29T00:18:43Z</time>
</trkpt>
<trkpt lat="37.5516737" lon="127.3152583">
<ele>42.004</ele>
<time>2026-08-29T00:18:44Z</time>
</trkpt>
<trkpt lat="37.5516903" lon="127.3152153">
<ele>42.261</ele>
<time>2026-08-29T00:18:45Z</time>
</trkpt>
<trkpt lat="37.5517067" lon="127.3151723">
<ele>42.478</ele>
<time>2026-08-29T00:18:46Z</time>
</trkpt>
<trkpt lat="37.5517231" lon="127.3151292">
<ele>42.528</ele>
<time>2026-08-29T00:18:47Z</time>
</trkpt>
<trkpt lat="37.5517392" lon="127.315086">
<ele>42.563</ele>
<time>2026-08-29T00:18:48Z</time>
</trkpt>
<trkpt lat="37.5517552" lon="127.3150428">
<ele>42.576</ele>
<time>2026-08-29T00:18:49Z</time>
</trkpt>
<trkpt lat="37.5517711" lon="127.3149997">
<ele>42.418</ele>
<time>2026-08-29T00:18:50Z</time>
</trkpt>
<trkpt lat="37.551787" lon="127.3149569">
<ele>42.2</ele>
<time>2026-08-29T00:18:51Z</time>
</trkpt>
<trkpt lat="37.5518027" lon="127.3149143">
<ele>42.168</ele>
<time>2026-08-29T00:18:52Z</time>
</trkpt>
<trkpt lat="37.5518184" lon="127.3148718">
<ele>42.126</ele>
<time>2026-08-29T00:18:53Z</time>
</trkpt>
<trkpt lat="37.5518342" lon="127.3148292">
<ele>42.237</ele>
<time>2026-08-29T00:18:54Z</time>
</trkpt>
<trkpt lat="37.55185" lon="127.3147865">
<ele>42.267</ele>
<time>2026-08-29T00:18:55Z</time>
</trkpt>
<trkpt lat="37.551866" lon="127.3147437">
<ele>41.838</ele>
<time>2026-08-29T00:18:56Z</time>
</trkpt>
<trkpt lat="37.551882" lon="127.3147009">
<ele>41.955</ele>
<time>2026-08-29T00:18:57Z</time>
</trkpt>
<trkpt lat="37.5518981" lon="127.3146579">
<ele>42.345</ele>
<time>2026-08-29T00:18:58Z</time>
</trkpt>
<trkpt lat="37.5519142" lon="127.3146148">
<ele>42.269</ele>
<time>2026-08-29T00:18:59Z</time>
</trkpt>
<trkpt lat="37.5519303" lon="127.3145715">
<ele>42.209</ele>
<time>2026-08-29T00:19:00Z</time>
</trkpt>
<trkpt lat="37.5519466" lon="127.3145281">
<ele>42.401</ele>
<time>2026-08-29T00:19:01Z</time>
</trkpt>
<trkpt lat="37.5519629" lon="127.3144845">
<ele>42.371</ele>
<time>2026-08-29T00:19:02Z</time>
</trkpt>
<trkpt lat="37.5519792" lon="127.3144408">
<ele>42.311</ele>
<time>2026-08-29T00:19:03Z</time>
</trkpt>
<trkpt lat="37.5519956" lon="127.3143971">
<ele>42.294</ele>
<time>2026-08-29T00:19:04Z</time>
</trkpt>
<trkpt lat="37.552012" lon="127.3143534">
<ele>42.384</ele>
<time>2026-08-29T00:19:05Z</time>
</trkpt>
<trkpt lat="37.5520283" lon="127.3143097">
<ele>42.549</ele>
<time>2026-08-29T00:19:06Z</time>
</trkpt>
<trkpt lat="37.5520446" lon="127.3142662">
<ele>42.965</ele>
<time>2026-08-29T00:19:07Z</time>
</trkpt>
<trkpt lat="37.5520607" lon="127.3142227">
<ele>42.623</ele>
<time>2026-08-29T00:19:08Z</time>
</trkpt>
<trkpt lat="37.5520767" lon="127.3141791">
<ele>42.582</ele>
<time>2026-08-29T00:19:09Z</time>
</trkpt>
<trkpt lat="37.5520927" lon="127.3141357">
<ele>42.514</ele>
<time>2026-08-29T00:19:10Z</time>
</trkpt>
<trkpt lat="37.5521086" lon="127.3140923">
<ele>42.398</ele>
<time>2026-08-29T00:19:11Z</time>
</trkpt>
<trkpt lat="37.5521244" lon="127.3140489">
<ele>42.42</ele>
<time>2026-08-29T00:19:12Z</time>
</trkpt>
<trkpt lat="37.55214" lon="127.3140056">
<ele>42.393</ele>
<time>2026-08-29T00:19:13Z</time>
</trkpt>
<trkpt lat="37.5521554" lon="127.3139623">
<ele>42.166</ele>
<time>2026-08-29T00:19:14Z</time>
</trkpt>
<trkpt lat="37.5521708" lon="127.3139189">
<ele>42.252</ele>
<time>2026-08-29T00:19:15Z</time>
</trkpt>
<trkpt lat="37.5521859" lon="127.3138753">
<ele>42.322</ele>
<time>2026-08-29T00:19:16Z</time>
</trkpt>
<trkpt lat="37.5522007" lon="127.3138317">
<ele>42.53</ele>
<time>2026-08-29T00:19:17Z</time>
</trkpt>
<trkpt lat="37.5522159" lon="127.3137892">
<ele>42.51</ele>
<time>2026-08-29T00:19:18Z</time>
</trkpt>
<trkpt lat="37.5522309" lon="127.3137465">
<ele>42.419</ele>
<time>2026-08-29T00:19:19Z</time>
</trkpt>
<trkpt lat="37.5522458" lon="127.313703">
<ele>42.217</ele>
<time>2026-08-29T00:19:20Z</time>
</trkpt>
<trkpt lat="37.5522605" lon="127.3136587">
<ele>42.025</ele>
<time>2026-08-29T00:19:21Z</time>
</trkpt>
<trkpt lat="37.5522749" lon="127.3136136">
<ele>41.901</ele>
<time>2026-08-29T00:19:22Z</time>
</trkpt>
<trkpt lat="37.5522888" lon="127.3135676">
<ele>41.93</ele>
<time>2026-08-29T00:19:23Z</time>
</trkpt>
<trkpt lat="37.5523024" lon="127.3135211">
<ele>41.979</ele>
<time>2026-08-29T00:19:24Z</time>
</trkpt>
<trkpt lat="37.5523157" lon="127.3134741">
<ele>41.948</ele>
<time>2026-08-29T00:19:25Z</time>
</trkpt>
<trkpt lat="37.5523289" lon="127.3134265">
<ele>41.979</ele>
<time>2026-08-29T00:19:26Z</time>
</trkpt>
<trkpt lat="37.5523418" lon="127.3133785">
<ele>42.042</ele>
<time>2026-08-29T00:19:27Z</time>
</trkpt>
<trkpt lat="37.5523546" lon="127.3133298">
<ele>41.863</ele>
<time>2026-08-29T00:19:28Z</time>
</trkpt>
<trkpt lat="37.552367" lon="127.3132803">
<ele>41.936</ele>
<time>2026-08-29T00:19:29Z</time>
</trkpt>
<trkpt lat="37.5523789" lon="127.3132298">
<ele>42.014</ele>
<time>2026-08-29T00:19:30Z</time>
</trkpt>
<trkpt lat="37.5523905" lon="127.3131783">
<ele>41.889</ele>
<time>2026-08-29T00:19:31Z</time>
</trkpt>
<trkpt lat="37.5524015" lon="127.3131257">
<ele>41.791</ele>
<time>2026-08-29T00:19:32Z</time>
</trkpt>
<trkpt lat="37.5524121" lon="127.313072">
<ele>41.67</ele>
<time>2026-08-29T00:19:33Z</time>
</trkpt>
<trkpt lat="37.5524224" lon="127.3130173">
<ele>41.647</ele>
<time>2026-08-29T00:19:34Z</time>
</trkpt>
<trkpt lat="37.5524323" lon="127.3129618">
<ele>41.593</ele>
<time>2026-08-29T00:19:35Z</time>
</trkpt>
<trkpt lat="37.5524419" lon="127.3129054">
<ele>41.518</ele>
<time>2026-08-29T00:19:36Z</time>
</trkpt>
<trkpt lat="37.5524511" lon="127.3128484">
<ele>41.499</ele>
<time>2026-08-29T00:19:37Z</time>
</trkpt>
<trkpt lat="37.5524594" lon="127.3127911">
<ele>41.482</ele>
<time>2026-08-29T00:19:38Z</time>
</trkpt>
<trkpt lat="37.5524669" lon="127.3127335">
<ele>41.446</ele>
<time>2026-08-29T00:19:39Z</time>
</trkpt>
<trkpt lat="37.5524739" lon="127.3126745">
<ele>41.404</ele>
<time>2026-08-29T00:19:40Z</time>
</trkpt>
<trkpt lat="37.5524805" lon="127.3126137">
<ele>41.684</ele>
<time>2026-08-29T00:19:41Z</time>
</trkpt>
<trkpt lat="37.5524865" lon="127.3125523">
<ele>41.758</ele>
<time>2026-08-29T00:19:42Z</time>
</trkpt>
<trkpt lat="37.5524942" lon="127.3124945">
<ele>41.453</ele>
<time>2026-08-29T00:19:43Z</time>
</trkpt>
<trkpt lat="37.5525015" lon="127.3124359">
<ele>41.551</ele>
<time>2026-08-29T00:19:44Z</time>
</trkpt>
<trkpt lat="37.5525082" lon="127.3123758">
<ele>41.315</ele>
<time>2026-08-29T00:19:45Z</time>
</trkpt>
<trkpt lat="37.5525145" lon="127.3123136">
<ele>41.091</ele>
<time>2026-08-29T00:19:46Z</time>
</trkpt>
<trkpt lat="37.5525203" lon="127.3122494">
<ele>41.052</ele>
<time>2026-08-29T00:19:47Z</time>
</trkpt>
<trkpt lat="37.552525" lon="127.3121861">
<ele>40.983</ele>
<time>2026-08-29T00:19:48Z</time>
</trkpt>
<trkpt lat="37.5525291" lon="127.3121247">
<ele>40.929</ele>
<time>2026-08-29T00:19:49Z</time>
</trkpt>
<trkpt lat="37.5525325" lon="127.3120656">
<ele>40.909</ele>
<time>2026-08-29T00:19:50Z</time>
</trkpt>
<trkpt lat="37.5525351" lon="127.3120087">
<ele>40.858</ele>
<time>2026-08-29T00:19:51Z</time>
</trkpt>
<trkpt lat="37.5525369" lon="127.3119539">
<ele>40.849</ele>
<time>2026-08-29T00:19:52Z</time>
</trkpt>
<trkpt lat="37.5525379" lon="127.3119009">
<ele>40.86</ele>
<time>2026-08-29T00:19:53Z</time>
</trkpt>
<trkpt lat="37.5525381" lon="127.3118496">
<ele>40.945</ele>
<time>2026-08-29T00:19:54Z</time>
</trkpt>
<trkpt lat="37.5525374" lon="127.3117996">
<ele>40.977</ele>
<time>2026-08-29T00:19:55Z</time>
</trkpt>
<trkpt lat="37.5525359" lon="127.3117508">
<ele>41.026</ele>
<time>2026-08-29T00:19:56Z</time>
</trkpt>
<trkpt lat="37.5525339" lon="127.3117031">
<ele>40.97</ele>
<time>2026-08-29T00:19:57Z</time>
</trkpt>
<trkpt lat="37.5525313" lon="127.3116565">
<ele>41.016</ele>
<time>2026-08-29T00:19:58Z</time>
</trkpt>
<trkpt lat="37.5525284" lon="127.3116113">
<ele>41.146</ele>
<time>2026-08-29T00:19:59Z</time>
</trkpt>
<trkpt lat="37.5525253" lon="127.3115676">
<ele>41.312</ele>
<time>2026-08-29T00:20:00Z</time>
</trkpt>
<trkpt lat="37.552522" lon="127.3115258">
<ele>41.598</ele>
<time>2026-08-29T00:20:01Z</time>
</trkpt>
<trkpt lat="37.5525187" lon="127.3114861">
<ele>41.956</ele>
<time>2026-08-29T00:20:02Z</time>
</trkpt>
<trkpt lat="37.5525151" lon="127.3114506">
<ele>42.296</ele>
<time>2026-08-29T00:20:03Z</time>
</trkpt>
<trkpt lat="37.5525113" lon="127.3114166">
<ele>42.601</ele>
<time>2026-08-29T00:20:04Z</time>
</trkpt>
<trkpt lat="37.5525074" lon="127.3113834">
<ele>42.828</ele>
<time>2026-08-29T00:20:05Z</time>
</trkpt>
<trkpt lat="37.5525034" lon="127.3113505">
<ele>43.214</ele>
<time>2026-08-29T00:20:06Z</time>
</trkpt>
<trkpt lat="37.5524994" lon="127.3113172">
<ele>43.204</ele>
<time>2026-08-29T00:20:07Z</time>
</trkpt>
<trkpt lat="37.5524954" lon="127.3112824">
<ele>43.211</ele>
<time>2026-08-29T00:20:08Z</time>
</trkpt>
<trkpt lat="37.5524912" lon="127.3112481">
<ele>43.34</ele>
<time>2026-08-29T00:20:09Z</time>
</trkpt>
<trkpt lat="37.5524868" lon="127.3112142">
<ele>43.362</ele>
<time>2026-08-29T00:20:10Z</time>
</trkpt>
<trkpt lat="37.5524823" lon="127.3111803">
<ele>43.401</ele>
<time>2026-08-29T00:20:11Z</time>
</trkpt>
<trkpt lat="37.5524777" lon="127.3111461">
<ele>43.386</ele>
<time>2026-08-29T00:20:12Z</time>
</trkpt>
<trkpt lat="37.5524729" lon="127.3111114">
<ele>43.309</ele>
<time>2026-08-29T00:20:13Z</time>
</trkpt>
<trkpt lat="37.5524679" lon="127.3110761">
<ele>43.085</ele>
<time>2026-08-29T00:20:14Z</time>
</trkpt>
<trkpt lat="37.5524628" lon="127.3110397">
<ele>42.918</ele>
<time>2026-08-29T00:20:15Z</time>
</trkpt>
<trkpt lat="37.552458" lon="127.3110051">
<ele>42.705</ele>
<time>2026-08-29T00:20:16Z</time>
</trkpt>
<trkpt lat="37.552453" lon="127.3109708">
<ele>42.518</ele>
<time>2026-08-29T00:20:17Z</time>
</trkpt>
<trkpt lat="37.5524475" lon="127.3109356">
<ele>42.24</ele>
<time>2026-08-29T00:20:18Z</time>
</trkpt>
<trkpt lat="37.5524414" lon="127.3108987">
<ele>41.931</ele>
<time>2026-08-29T00:20:19Z</time>
</trkpt>
<trkpt lat="37.552435" lon="127.3108595">
<ele>41.546</ele>
<time>2026-08-29T00:20:20Z</time>
</trkpt>
<trkpt lat="37.5524282" lon="127.3108147">
<ele>41.17</ele>
<time>2026-08-29T00:20:21Z</time>
</trkpt>
<trkpt lat="37.5524212" lon="127.3107666">
<ele>40.822</ele>
<time>2026-08-29T00:20:22Z</time>
</trkpt>
<trkpt lat="37.5524134" lon="127.310715">
<ele>40.49</ele>
<time>2026-08-29T00:20:23Z</time>
</trkpt>
<trkpt lat="37.5524046" lon="127.3106604">
<ele>40.213</ele>
<time>2026-08-29T00:20:24Z</time>
</trkpt>
<trkpt lat="37.5523942" lon="127.3106033">
<ele>40.029</ele>
<time>2026-08-29T00:20:25Z</time>
</trkpt>
<trkpt lat="37.552382" lon="127.3105448">
<ele>39.818</ele>
<time>2026-08-29T00:20:26Z</time>
</trkpt>
<trkpt lat="37.5523681" lon="127.3104861">
<ele>39.886</ele>
<time>2026-08-29T00:20:27Z</time>
</trkpt>
<trkpt lat="37.5523526" lon="127.3104287">
<ele>39.855</ele>
<time>2026-08-29T00:20:28Z</time>
</trkpt>
<trkpt lat="37.552336" lon="127.3103738">
<ele>40.279</ele>
<time>2026-08-29T00:20:29Z</time>
</trkpt>
<trkpt lat="37.5523187" lon="127.310322">
<ele>40.26</ele>
<time>2026-08-29T00:20:30Z</time>
</trkpt>
<trkpt lat="37.5523012" lon="127.3102734">
<ele>40.075</ele>
<time>2026-08-29T00:20:31Z</time>
</trkpt>
<trkpt lat="37.5522837" lon="127.3102276">
<ele>39.992</ele>
<time>2026-08-29T00:20:32Z</time>
</trkpt>
<trkpt lat="37.5522663" lon="127.3101837">
<ele>40.079</ele>
<time>2026-08-29T00:20:33Z</time>
</trkpt>
<trkpt lat="37.552249" lon="127.3101411">
<ele>40.049</ele>
<time>2026-08-29T00:20:34Z</time>
</trkpt>
<trkpt lat="37.552232" lon="127.3100992">
<ele>40.088</ele>
<time>2026-08-29T00:20:35Z</time>
</trkpt>
<trkpt lat="37.552215" lon="127.3100579">
<ele>40.048</ele>
<time>2026-08-29T00:20:36Z</time>
</trkpt>
<trkpt lat="37.5521978" lon="127.3100165">
<ele>40.062</ele>
<time>2026-08-29T00:20:37Z</time>
</trkpt>
<trkpt lat="37.5521801" lon="127.3099746">
<ele>40.065</ele>
<time>2026-08-29T00:20:38Z</time>
</trkpt>
<trkpt lat="37.5521619" lon="127.3099325">
<ele>39.999</ele>
<time>2026-08-29T00:20:39Z</time>
</trkpt>
<trkpt lat="37.5521432" lon="127.3098901">
<ele>39.944</ele>
<time>2026-08-29T00:20:40Z</time>
</trkpt>
<trkpt lat="37.5521248" lon="127.3098481">
<ele>39.985</ele>
<time>2026-08-29T00:20:41Z</time>
</trkpt>
<trkpt lat="37.5521063" lon="127.3098062">
<ele>39.971</ele>
<time>2026-08-29T00:20:42Z</time>
</trkpt>
<trkpt lat="37.5520875" lon="127.3097642">
<ele>39.905</ele>
<time>2026-08-29T00:20:43Z</time>
</trkpt>
<trkpt lat="37.5520685" lon="127.3097221">
<ele>39.926</ele>
<time>2026-08-29T00:20:44Z</time>
</trkpt>
<trkpt lat="37.5520501" lon="127.30968">
<ele>40.024</ele>
<time>2026-08-29T00:20:45Z</time>
</trkpt>
<trkpt lat="37.5520312" lon="127.3096376">
<ele>40.02</ele>
<time>2026-08-29T00:20:46Z</time>
</trkpt>
<trkpt lat="37.5520117" lon="127.309595">
<ele>40.021</ele>
<time>2026-08-29T00:20:47Z</time>
</trkpt>
<trkpt lat="37.5519917" lon="127.3095525">
<ele>40.121</ele>
<time>2026-08-29T00:20:48Z</time>
</trkpt>
<trkpt lat="37.5519712" lon="127.3095101">
<ele>40.103</ele>
<time>2026-08-29T00:20:49Z</time>
</trkpt>
<trkpt lat="37.5519503" lon="127.3094681">
<ele>40.102</ele>
<time>2026-08-29T00:20:50Z</time>
</trkpt>
<trkpt lat="37.5519292" lon="127.3094261">
<ele>40.085</ele>
<time>2026-08-29T00:20:51Z</time>
</trkpt>
<trkpt lat="37.5519076" lon="127.309384">
<ele>40.057</ele>
<time>2026-08-29T00:20:52Z</time>
</trkpt>
<trkpt lat="37.5518856" lon="127.3093417">
<ele>40.091</ele>
<time>2026-08-29T00:20:53Z</time>
</trkpt>
<trkpt lat="37.551863" lon="127.3092992">
<ele>40.046</ele>
<time>2026-08-29T00:20:54Z</time>
</trkpt>
<trkpt lat="37.5518394" lon="127.3092565">
<ele>40.034</ele>
<time>2026-08-29T00:20:55Z</time>
</trkpt>
<trkpt lat="37.5518149" lon="127.3092136">
<ele>39.94</ele>
<time>2026-08-29T00:20:56Z</time>
</trkpt>
<trkpt lat="37.5517894" lon="127.3091706">
<ele>39.818</ele>
<time>2026-08-29T00:20:57Z</time>
</trkpt>
<trkpt lat="37.5517628" lon="127.3091275">
<ele>39.745</ele>
<time>2026-08-29T00:20:58Z</time>
</trkpt>
<trkpt lat="37.5517355" lon="127.3090844">
<ele>39.76</ele>
<time>2026-08-29T00:20:59Z</time>
</trkpt>
<trkpt lat="37.5517073" lon="127.3090415">
<ele>39.837</ele>
<time>2026-08-29T00:21:00Z</time>
</trkpt>
<trkpt lat="37.5516784" lon="127.3089986">
<ele>39.783</ele>
<time>2026-08-29T00:21:01Z</time>
</trkpt>
<trkpt lat="37.5516487" lon="127.3089558">
<ele>39.647</ele>
<time>2026-08-29T00:21:02Z</time>
</trkpt>
<trkpt lat="37.5516182" lon="127.3089131">
<ele>39.506</ele>
<time>2026-08-29T00:21:03Z</time>
</trkpt>
<trkpt lat="37.5515869" lon="127.3088706">
<ele>39.529</ele>
<time>2026-08-29T00:21:04Z</time>
</trkpt>
<trkpt lat="37.5515543" lon="127.3088293">
<ele>39.569</ele>
<time>2026-08-29T00:21:05Z</time>
</trkpt>
<trkpt lat="37.551522" lon="127.3087881">
<ele>39.599</ele>
<time>2026-08-29T00:21:06Z</time>
</trkpt>
<trkpt lat="37.5514893" lon="127.3087477">
<ele>39.565</ele>
<time>2026-08-29T00:21:07Z</time>
</trkpt>
<trkpt lat="37.5514565" lon="127.3087082">
<ele>39.448</ele>
<time>2026-08-29T00:21:08Z</time>
</trkpt>
<trkpt lat="37.5514235" lon="127.3086695">
<ele>39.436</ele>
<time>2026-08-29T00:21:09Z</time>
</trkpt>
<trkpt lat="37.5513906" lon="127.3086309">
<ele>39.242</ele>
<time>2026-08-29T00:21:10Z</time>
</trkpt>
<trkpt lat="37.5513576" lon="127.308594">
<ele>39.07</ele>
<time>2026-08-29T00:21:11Z</time>
</trkpt>
<trkpt lat="37.5513248" lon="127.3085577">
<ele>38.834</ele>
<time>2026-08-29T00:21:12Z</time>
</trkpt>
<trkpt lat="37.5512919" lon="127.3085219">
<ele>38.706</ele>
<time>2026-08-29T00:21:13Z</time>
</trkpt>
<trkpt lat="37.5512592" lon="127.3084866">
<ele>38.504</ele>
<time>2026-08-29T00:21:14Z</time>
</trkpt>
<trkpt lat="37.5512266" lon="127.308452">
<ele>38.431</ele>
<time>2026-08-29T00:21:15Z</time>
</trkpt>
<trkpt lat="37.5511942" lon="127.308418">
<ele>38.39</ele>
<time>2026-08-29T00:21:16Z</time>
</trkpt>
<trkpt lat="37.551162" lon="127.3083847">
<ele>38.099</ele>
<time>2026-08-29T00:21:17Z</time>
</trkpt>
<trkpt lat="37.5511302" lon="127.3083523">
<ele>37.904</ele>
<time>2026-08-29T00:21:18Z</time>
</trkpt>
<trkpt lat="37.5510988" lon="127.3083208">
<ele>37.61</ele>
<time>2026-08-29T00:21:19Z</time>
</trkpt>
<trkpt lat="37.5510681" lon="127.3082904">
<ele>37.273</ele>
<time>2026-08-29T00:21:20Z</time>
</trkpt>
<trkpt lat="37.5510383" lon="127.3082611">
<ele>37.154</ele>
<time>2026-08-29T00:21:21Z</time>
</trkpt>
<trkpt lat="37.5510093" lon="127.308233">
<ele>36.965</ele>
<time>2026-08-29T00:21:22Z</time>
</trkpt>
<trkpt lat="37.5509814" lon="127.308206">
<ele>36.878</ele>
<time>2026-08-29T00:21:23Z</time>
</trkpt>
<trkpt lat="37.5509542" lon="127.3081801">
<ele>36.882</ele>
<time>2026-08-29T00:21:24Z</time>
</trkpt>
<trkpt lat="37.5509277" lon="127.308155">
<ele>36.972</ele>
<time>2026-08-29T00:21:25Z</time>
</trkpt>
<trkpt lat="37.5509016" lon="127.3081307">
<ele>37.145</ele>
<time>2026-08-29T00:21:26Z</time>
</trkpt>
<trkpt lat="37.550875" lon="127.3081061">
<ele>37.32</ele>
<time>2026-08-29T00:21:27Z</time>
</trkpt>
<trkpt lat="37.5508475" lon="127.3080808">
<ele>37.555</ele>
<time>2026-08-29T00:21:28Z</time>
</trkpt>
<trkpt lat="37.5508187" lon="127.3080545">
<ele>37.802</ele>
<time>2026-08-29T00:21:29Z</time>
</trkpt>
<trkpt lat="37.5507885" lon="127.308027">
<ele>37.959</ele>
<time>2026-08-29T00:21:30Z</time>
</trkpt>
<trkpt lat="37.5507593" lon="127.308">
<ele>38.102</ele>
<time>2026-08-29T00:21:31Z</time>
</trkpt>
<trkpt lat="37.5507296" lon="127.3079727">
<ele>38.198</ele>
<time>2026-08-29T00:21:32Z</time>
</trkpt>
<trkpt lat="37.5506993" lon="127.3079449">
<ele>38.221</ele>
<time>2026-08-29T00:21:33Z</time>
</trkpt>
<trkpt lat="37.5506681" lon="127.3079165">
<ele>38.156</ele>
<time>2026-08-29T00:21:34Z</time>
</trkpt>
<trkpt lat="37.5506361" lon="127.3078874">
<ele>38.095</ele>
<time>2026-08-29T00:21:35Z</time>
</trkpt>
<trkpt lat="37.5506032" lon="127.3078575">
<ele>37.951</ele>
<time>2026-08-29T00:21:36Z</time>
</trkpt>
<trkpt lat="37.5505696" lon="127.307827">
<ele>37.863</ele>
<time>2026-08-29T00:21:37Z</time>
</trkpt>
<trkpt lat="37.5505354" lon="127.307796">
<ele>37.631</ele>
<time>2026-08-29T00:21:38Z</time>
</trkpt>
<trkpt lat="37.5505008" lon="127.3077647">
<ele>37.34</ele>
<time>2026-08-29T00:21:39Z</time>
</trkpt>
<trkpt lat="37.5504658" lon="127.3077332">
<ele>37.144</ele>
<time>2026-08-29T00:21:40Z</time>
</trkpt>
<trkpt lat="37.5504306" lon="127.3077015">
<ele>36.686</ele>
<time>2026-08-29T00:21:41Z</time>
</trkpt>
<trkpt lat="37.5503954" lon="127.30767">
<ele>36.368</ele>
<time>2026-08-29T00:21:42Z</time>
</trkpt>
<trkpt lat="37.5503603" lon="127.3076385">
<ele>36.161</ele>
<time>2026-08-29T00:21:43Z</time>
</trkpt>
<trkpt lat="37.5503254" lon="127.3076074">
<ele>35.718</ele>
<time>2026-08-29T00:21:44Z</time>
</trkpt>
<trkpt lat="37.5502908" lon="127.3075765">
<ele>35.671</ele>
<time>2026-08-29T00:21:45Z</time>
</trkpt>
<trkpt lat="37.5502566" lon="127.307546">
<ele>35.646</ele>
<time>2026-08-29T00:21:46Z</time>
</trkpt>
<trkpt lat="37.5502228" lon="127.307516">
<ele>35.729</ele>
<time>2026-08-29T00:21:47Z</time>
</trkpt>
<trkpt lat="37.5501896" lon="127.3074867">
<ele>35.916</ele>
<time>2026-08-29T00:21:48Z</time>
</trkpt>
<trkpt lat="37.5501569" lon="127.3074581">
<ele>36.062</ele>
<time>2026-08-29T00:21:49Z</time>
</trkpt>
<trkpt lat="37.5501247" lon="127.3074299">
<ele>36.391</ele>
<time>2026-08-29T00:21:50Z</time>
</trkpt>
<trkpt lat="37.5500929" lon="127.3074023">
<ele>36.639</ele>
<time>2026-08-29T00:21:51Z</time>
</trkpt>
<trkpt lat="37.5500615" lon="127.307375">
<ele>36.854</ele>
<time>2026-08-29T00:21:52Z</time>
</trkpt>
<trkpt lat="37.5500303" lon="127.3073482">
<ele>37.068</ele>
<time>2026-08-29T00:21:53Z</time>
</trkpt>
<trkpt lat="37.5499994" lon="127.3073217">
<ele>37.19</ele>
<time>2026-08-29T00:21:54Z</time>
</trkpt>
<trkpt lat="37.5499689" lon="127.3072956">
<ele>37.353</ele>
<time>2026-08-29T00:21:55Z</time>
</trkpt>
<trkpt lat="37.5499386" lon="127.3072697">
<ele>37.385</ele>
<time>2026-08-29T00:21:56Z</time>
</trkpt>
<trkpt lat="37.5499084" lon="127.3072441">
<ele>37.49</ele>
<time>2026-08-29T00:21:57Z</time>
</trkpt>
<trkpt lat="37.549878" lon="127.3072185">
<ele>37.618</ele>
<time>2026-08-29T00:21:58Z</time>
</trkpt>
<trkpt lat="37.5498474" lon="127.3071927">
<ele>37.759</ele>
<time>2026-08-29T00:21:59Z</time>
</trkpt>
<trkpt lat="37.5498165" lon="127.3071664">
<ele>37.856</ele>
<time>2026-08-29T00:22:00Z</time>
</trkpt>
<trkpt lat="37.5497851" lon="127.3071398">
<ele>37.977</ele>
<time>2026-08-29T00:22:01Z</time>
</trkpt>
<trkpt lat="37.5497532" lon="127.3071129">
<ele>38.129</ele>
<time>2026-08-29T00:22:02Z</time>
</trkpt>
<trkpt lat="37.549721" lon="127.3070856">
<ele>38.134</ele>
<time>2026-08-29T00:22:03Z</time>
</trkpt>
<trkpt lat="37.5496885" lon="127.3070581">
<ele>38.043</ele>
<time>2026-08-29T00:22:04Z</time>
</trkpt>
<trkpt lat="37.5496555" lon="127.3070301">
<ele>38.01</ele>
<time>2026-08-29T00:22:05Z</time>
</trkpt>
<trkpt lat="37.5496222" lon="127.3070017">
<ele>38.014</ele>
<time>2026-08-29T00:22:06Z</time>
</trkpt>
<trkpt lat="37.5495885" lon="127.306973">
<ele>38.117</ele>
<time>2026-08-29T00:22:07Z</time>
</trkpt>
<trkpt lat="37.5495545" lon="127.3069438">
<ele>37.985</ele>
<time>2026-08-29T00:22:08Z</time>
</trkpt>
<trkpt lat="37.5495201" lon="127.3069143">
<ele>38.046</ele>
<time>2026-08-29T00:22:09Z</time>
</trkpt>
<trkpt lat="37.5494855" lon="127.3068845">
<ele>38.184</ele>
<time>2026-08-29T00:22:10Z</time>
</trkpt>
<trkpt lat="37.5494508" lon="127.3068544">
<ele>38.146</ele>
<time>2026-08-29T00:22:11Z</time>
</trkpt>
<trkpt lat="37.5494159" lon="127.3068242">
<ele>38.206</ele>
<time>2026-08-29T00:22:12Z</time>
</trkpt>
<trkpt lat="37.5493809" lon="127.3067938">
<ele>38.328</ele>
<time>2026-08-29T00:22:13Z</time>
</trkpt>
<trkpt lat="37.5493457" lon="127.3067632">
<ele>38.087</ele>
<time>2026-08-29T00:22:14Z</time>
</trkpt>
<trkpt lat="37.5493104" lon="127.3067324">
<ele>37.993</ele>
<time>2026-08-29T00:22:15Z</time>
</trkpt>
<trkpt lat="37.5492749" lon="127.3067014">
<ele>38.176</ele>
<time>2026-08-29T00:22:16Z</time>
</trkpt>
<trkpt lat="37.5492392" lon="127.3066703">
<ele>38.262</ele>
<time>2026-08-29T00:22:17Z</time>
</trkpt>
<trkpt lat="37.5492034" lon="127.3066391">
<ele>38.207</ele>
<time>2026-08-29T00:22:18Z</time>
</trkpt>
<trkpt lat="37.5491674" lon="127.3066078">
<ele>38.284</ele>
<time>2026-08-29T00:22:19Z</time>
</trkpt>
<trkpt lat="37.5491313" lon="127.3065763">
<ele>38.161</ele>
<time>2026-08-29T00:22:20Z</time>
</trkpt>
<trkpt lat="37.549095" lon="127.3065448">
<ele>38.163</ele>
<time>2026-08-29T00:22:21Z</time>
</trkpt>
<trkpt lat="37.5490585" lon="127.3065132">
<ele>38.075</ele>
<time>2026-08-29T00:22:22Z</time>
</trkpt>
<trkpt lat="37.5490219" lon="127.3064815">
<ele>37.973</ele>
<time>2026-08-29T00:22:23Z</time>
</trkpt>
<trkpt lat="37.548985" lon="127.3064495">
<ele>37.945</ele>
<time>2026-08-29T00:22:24Z</time>
</trkpt>
<trkpt lat="37.5489478" lon="127.3064174">
<ele>38.079</ele>
<time>2026-08-29T00:22:25Z</time>
</trkpt>
<trkpt lat="37.5489105" lon="127.3063853">
<ele>38.068</ele>
<time>2026-08-29T00:22:26Z</time>
</trkpt>
<trkpt lat="37.548873" lon="127.3063532">
<ele>38.091</ele>
<time>2026-08-29T00:22:27Z</time>
</trkpt>
<trkpt lat="37.5488353" lon="127.3063209">
<ele>38.201</ele>
<time>2026-08-29T00:22:28Z</time>
</trkpt>
<trkpt lat="37.5487974" lon="127.3062884">
<ele>38.327</ele>
<time>2026-08-29T00:22:29Z</time>
</trkpt>
<trkpt lat="37.5487593" lon="127.3062558">
<ele>38.248</ele>
<time>2026-08-29T00:22:30Z</time>
</trkpt>
<trkpt lat="37.5487209" lon="127.3062229">
<ele>38.306</ele>
<time>2026-08-29T00:22:31Z</time>
</trkpt>
<trkpt lat="37.5486822" lon="127.3061899">
<ele>38.249</ele>
<time>2026-08-29T00:22:32Z</time>
</trkpt>
<trkpt lat="37.5486432" lon="127.3061566">
<ele>38.2</ele>
<time>2026-08-29T00:22:33Z</time>
</trkpt>
<trkpt lat="37.5486039" lon="127.3061231">
<ele>38.242</ele>
<time>2026-08-29T00:22:34Z</time>
</trkpt>
<trkpt lat="37.5485644" lon="127.3060893">
<ele>38.214</ele>
<time>2026-08-29T00:22:35Z</time>
</trkpt>
<trkpt lat="37.5485247" lon="127.3060554">
<ele>38.203</ele>
<time>2026-08-29T00:22:36Z</time>
</trkpt>
<trkpt lat="37.5484849" lon="127.3060213">
<ele>38.158</ele>
<time>2026-08-29T00:22:37Z</time>
</trkpt>
<trkpt lat="37.548445" lon="127.3059871">
<ele>38.185</ele>
<time>2026-08-29T00:22:38Z</time>
</trkpt>
<trkpt lat="37.5484052" lon="127.3059528">
<ele>38.165</ele>
<time>2026-08-29T00:22:39Z</time>
</trkpt>
<trkpt lat="37.5483653" lon="127.3059183">
<ele>38.145</ele>
<time>2026-08-29T00:22:40Z</time>
</trkpt>
<trkpt lat="37.5483253" lon="127.3058838">
<ele>38.167</ele>
<time>2026-08-29T00:22:41Z</time>
</trkpt>
<trkpt lat="37.5482853" lon="127.3058492">
<ele>38.154</ele>
<time>2026-08-29T00:22:42Z</time>
</trkpt>
<trkpt lat="37.5482453" lon="127.3058144">
<ele>38.122</ele>
<time>2026-08-29T00:22:43Z</time>
</trkpt>
<trkpt lat="37.5482052" lon="127.3057796">
<ele>38.169</ele>
<time>2026-08-29T00:22:44Z</time>
</trkpt>
<trkpt lat="37.5481652" lon="127.3057445">
<ele>38.297</ele>
<time>2026-08-29T00:22:45Z</time>
</trkpt>
<trkpt lat="37.5481252" lon="127.3057094">
<ele>38.286</ele>
<time>2026-08-29T00:22:46Z</time>
</trkpt>
<trkpt lat="37.5480853" lon="127.3056741">
<ele>38.351</ele>
<time>2026-08-29T00:22:47Z</time>
</trkpt>
<trkpt lat="37.5480454" lon="127.3056388">
<ele>38.373</ele>
<time>2026-08-29T00:22:48Z</time>
</trkpt>
<trkpt lat="37.5480057" lon="127.3056036">
<ele>38.396</ele>
<time>2026-08-29T00:22:49Z</time>
</trkpt>
<trkpt lat="37.5479661" lon="127.3055685">
<ele>38.388</ele>
<time>2026-08-29T00:22:50Z</time>
</trkpt>
<trkpt lat="37.5479266" lon="127.3055336">
<ele>38.409</ele>
<time>2026-08-29T00:22:51Z</time>
</trkpt>
<trkpt lat="37.5478872" lon="127.305499">
<ele>38.417</ele>
<time>2026-08-29T00:22:52Z</time>
</trkpt>
<trkpt lat="37.5478481" lon="127.3054647">
<ele>38.348</ele>
<time>2026-08-29T00:22:53Z</time>
</trkpt>
<trkpt lat="37.5478093" lon="127.3054307">
<ele>38.334</ele>
<time>2026-08-29T00:22:54Z</time>
</trkpt>
<trkpt lat="37.5477708" lon="127.3053971">
<ele>38.31</ele>
<time>2026-08-29T00:22:55Z</time>
</trkpt>
<trkpt lat="37.5477326" lon="127.3053639">
<ele>38.191</ele>
<time>2026-08-29T00:22:56Z</time>
</trkpt>
<trkpt lat="37.5476946" lon="127.3053309">
<ele>38.232</ele>
<time>2026-08-29T00:22:57Z</time>
</trkpt>
<trkpt lat="37.5476568" lon="127.3052983">
<ele>38.15</ele>
<time>2026-08-29T00:22:58Z</time>
</trkpt>
<trkpt lat="37.5476193" lon="127.305266">
<ele>38.167</ele>
<time>2026-08-29T00:22:59Z</time>
</trkpt>
<trkpt lat="37.547582" lon="127.3052341">
<ele>38.127</ele>
<time>2026-08-29T00:23:00Z</time>
</trkpt>
<trkpt lat="37.5475449" lon="127.3052025">
<ele>38.036</ele>
<time>2026-08-29T00:23:01Z</time>
</trkpt>
<trkpt lat="37.5475081" lon="127.3051711">
<ele>37.984</ele>
<time>2026-08-29T00:23:02Z</time>
</trkpt>
<trkpt lat="37.5474716" lon="127.3051399">
<ele>38.062</ele>
<time>2026-08-29T00:23:03Z</time>
</trkpt>
<trkpt lat="37.5474352" lon="127.3051091">
<ele>38.076</ele>
<time>2026-08-29T00:23:04Z</time>
</trkpt>
<trkpt lat="37.5473991" lon="127.3050783">
<ele>38.054</ele>
<time>2026-08-29T00:23:05Z</time>
</trkpt>
<trkpt lat="37.5473632" lon="127.3050478">
<ele>38.026</ele>
<time>2026-08-29T00:23:06Z</time>
</trkpt>
<trkpt lat="37.5473275" lon="127.3050174">
<ele>37.962</ele>
<time>2026-08-29T00:23:07Z</time>
</trkpt>
<trkpt lat="37.547292" lon="127.3049872">
<ele>37.855</ele>
<time>2026-08-29T00:23:08Z</time>
</trkpt>
<trkpt lat="37.5472566" lon="127.3049569">
<ele>37.833</ele>
<time>2026-08-29T00:23:09Z</time>
</trkpt>
<trkpt lat="37.5472214" lon="127.3049266">
<ele>37.942</ele>
<time>2026-08-29T00:23:10Z</time>
</trkpt>
<trkpt lat="37.5471864" lon="127.3048964">
<ele>38.051</ele>
<time>2026-08-29T00:23:11Z</time>
</trkpt>
<trkpt lat="37.5471514" lon="127.3048662">
<ele>38.01</ele>
<time>2026-08-29T00:23:12Z</time>
</trkpt>
<trkpt lat="37.5471166" lon="127.3048359">
<ele>38.02</ele>
<time>2026-08-29T00:23:13Z</time>
</trkpt>
<trkpt lat="37.5470818" lon="127.3048056">
<ele>38.032</ele>
<time>2026-08-29T00:23:14Z</time>
</trkpt>
<trkpt lat="37.5470469" lon="127.3047754">
<ele>37.952</ele>
<time>2026-08-29T00:23:15Z</time>
</trkpt>
<trkpt lat="37.547012" lon="127.304745">
<ele>37.917</ele>
<time>2026-08-29T00:23:16Z</time>
</trkpt>
<trkpt lat="37.5469771" lon="127.3047147">
<ele>37.842</ele>
<time>2026-08-29T00:23:17Z</time>
</trkpt>
<trkpt lat="37.5469422" lon="127.3046842">
<ele>37.8</ele>
<time>2026-08-29T00:23:18Z</time>
</trkpt>
<trkpt lat="37.5469072" lon="127.3046537">
<ele>37.85</ele>
<time>2026-08-29T00:23:19Z</time>
</trkpt>
<trkpt lat="37.5468723" lon="127.3046232">
<ele>38.013</ele>
<time>2026-08-29T00:23:20Z</time>
</trkpt>
<trkpt lat="37.5468372" lon="127.3045927">
<ele>38.067</ele>
<time>2026-08-29T00:23:21Z</time>
</trkpt>
<trkpt lat="37.5468021" lon="127.304562">
<ele>38.041</ele>
<time>2026-08-29T00:23:22Z</time>
</trkpt>
<trkpt lat="37.5467668" lon="127.3045314">
<ele>38.009</ele>
<time>2026-08-29T00:23:23Z</time>
</trkpt>
<trkpt lat="37.5467315" lon="127.3045006">
<ele>37.915</ele>
<time>2026-08-29T00:23:24Z</time>
</trkpt>
<trkpt lat="37.546696" lon="127.3044698">
<ele>37.918</ele>
<time>2026-08-29T00:23:25Z</time>
</trkpt>
<trkpt lat="37.5466604" lon="127.3044388">
<ele>38.078</ele>
<time>2026-08-29T00:23:26Z</time>
</trkpt>
<trkpt lat="37.5466246" lon="127.3044077">
<ele>38.218</ele>
<time>2026-08-29T00:23:27Z</time>
</trkpt>
<trkpt lat="37.5465887" lon="127.3043764">
<ele>38.202</ele>
<time>2026-08-29T00:23:28Z</time>
</trkpt>
<trkpt lat="37.5465526" lon="127.304345">
<ele>38.152</ele>
<time>2026-08-29T00:23:29Z</time>
</trkpt>
<trkpt lat="37.5465163" lon="127.3043137">
<ele>38.108</ele>
<time>2026-08-29T00:23:30Z</time>
</trkpt>
<trkpt lat="37.5464799" lon="127.3042824">
<ele>38.133</ele>
<time>2026-08-29T00:23:31Z</time>
</trkpt>
<trkpt lat="37.5464434" lon="127.3042511">
<ele>38.079</ele>
<time>2026-08-29T00:23:32Z</time>
</trkpt>
<trkpt lat="37.5464068" lon="127.3042199">
<ele>38.04</ele>
<time>2026-08-29T00:23:33Z</time>
</trkpt>
<trkpt lat="37.5463702" lon="127.3041889">
<ele>37.955</ele>
<time>2026-08-29T00:23:34Z</time>
</trkpt>
<trkpt lat="37.5463336" lon="127.3041579">
<ele>37.951</ele>
<time>2026-08-29T00:23:35Z</time>
</trkpt>
<trkpt lat="37.5462971" lon="127.3041273">
<ele>38.002</ele>
<time>2026-08-29T00:23:36Z</time>
</trkpt>
<trkpt lat="37.5462608" lon="127.3040969">
<ele>38.014</ele>
<time>2026-08-29T00:23:37Z</time>
</trkpt>
<trkpt lat="37.5462247" lon="127.3040669">
<ele>38.142</ele>
<time>2026-08-29T00:23:38Z</time>
</trkpt>
<trkpt lat="37.5461889" lon="127.3040372">
<ele>38.089</ele>
<time>2026-08-29T00:23:39Z</time>
</trkpt>
<trkpt lat="37.5461533" lon="127.3040078">
<ele>38.137</ele>
<time>2026-08-29T00:23:40Z</time>
</trkpt>
<trkpt lat="37.5461181" lon="127.3039787">
<ele>38.057</ele>
<time>2026-08-29T00:23:41Z</time>
</trkpt>
<trkpt lat="37.5460834" lon="127.3039499">
<ele>37.939</ele>
<time>2026-08-29T00:23:42Z</time>
</trkpt>
<trkpt lat="37.5460472" lon="127.3039203">
<ele>37.85</ele>
<time>2026-08-29T00:23:43Z</time>
</trkpt>
<trkpt lat="37.5460115" lon="127.3038914">
<ele>37.981</ele>
<time>2026-08-29T00:23:44Z</time>
</trkpt>
<trkpt lat="37.5459767" lon="127.3038634">
<ele>38.029</ele>
<time>2026-08-29T00:23:45Z</time>
</trkpt>
<trkpt lat="37.5459431" lon="127.303836">
<ele>38.023</ele>
<time>2026-08-29T00:23:46Z</time>
</trkpt>
<trkpt lat="37.5459108" lon="127.3038091">
<ele>38.052</ele>
<time>2026-08-29T00:23:47Z</time>
</trkpt>
<trkpt lat="37.5458799" lon="127.3037828">
<ele>38.071</ele>
<time>2026-08-29T00:23:48Z</time>
</trkpt>
<trkpt lat="37.5458495" lon="127.3037567">
<ele>37.926</ele>
<time>2026-08-29T00:23:49Z</time>
</trkpt>
<trkpt lat="37.5458193" lon="127.3037309">
<ele>38.024</ele>
<time>2026-08-29T00:23:50Z</time>
</trkpt>
<trkpt lat="37.5457892" lon="127.3037051">
<ele>38.069</ele>
<time>2026-08-29T00:23:51Z</time>
</trkpt>
<trkpt lat="37.5457594" lon="127.3036797">
<ele>38.133</ele>
<time>2026-08-29T00:23:52Z</time>
</trkpt>
<trkpt lat="37.5457296" lon="127.3036549">
<ele>38.087</ele>
<time>2026-08-29T00:23:53Z</time>
</trkpt>
<trkpt lat="37.5456999" lon="127.3036309">
<ele>38.092</ele>
<time>2026-08-29T00:23:54Z</time>
</trkpt>
<trkpt lat="37.5456701" lon="127.3036075">
<ele>38.069</ele>
<time>2026-08-29T00:23:55Z</time>
</trkpt>
<trkpt lat="37.5456398" lon="127.3035844">
<ele>37.954</ele>
<time>2026-08-29T00:23:56Z</time>
</trkpt>
<trkpt lat="37.5456089" lon="127.3035612">
<ele>37.971</ele>
<time>2026-08-29T00:23:57Z</time>
</trkpt>
<trkpt lat="37.5455773" lon="127.3035381">
<ele>37.915</ele>
<time>2026-08-29T00:23:58Z</time>
</trkpt>
<trkpt lat="37.5455451" lon="127.3035156">
<ele>37.857</ele>
<time>2026-08-29T00:23:59Z</time>
</trkpt>
<trkpt lat="37.5455123" lon="127.3034941">
<ele>37.666</ele>
<time>2026-08-29T00:24:00Z</time>
</trkpt>
<trkpt lat="37.5454788" lon="127.3034746">
<ele>37.419</ele>
<time>2026-08-29T00:24:01Z</time>
</trkpt>
<trkpt lat="37.5454445" lon="127.3034577">
<ele>37.111</ele>
<time>2026-08-29T00:24:02Z</time>
</trkpt>
<trkpt lat="37.5454096" lon="127.3034437">
<ele>36.892</ele>
<time>2026-08-29T00:24:03Z</time>
</trkpt>
<trkpt lat="37.5453744" lon="127.3034323">
<ele>36.832</ele>
<time>2026-08-29T00:24:04Z</time>
</trkpt>
<trkpt lat="37.5453393" lon="127.3034225">
<ele>36.721</ele>
<time>2026-08-29T00:24:05Z</time>
</trkpt>
<trkpt lat="37.5453043" lon="127.3034132">
<ele>36.718</ele>
<time>2026-08-29T00:24:06Z</time>
</trkpt>
<trkpt lat="37.5452693" lon="127.3034029">
<ele>36.54</ele>
<time>2026-08-29T00:24:07Z</time>
</trkpt>
<trkpt lat="37.5452342" lon="127.3033909">
<ele>36.4</ele>
<time>2026-08-29T00:24:08Z</time>
</trkpt>
<trkpt lat="37.5451989" lon="127.3033766">
<ele>36.142</ele>
<time>2026-08-29T00:24:09Z</time>
</trkpt>
<trkpt lat="37.5451635" lon="127.3033595">
<ele>36.001</ele>
<time>2026-08-29T00:24:10Z</time>
</trkpt>
<trkpt lat="37.545128" lon="127.3033392">
<ele>36.006</ele>
<time>2026-08-29T00:24:11Z</time>
</trkpt>
<trkpt lat="37.5450927" lon="127.3033171">
<ele>35.973</ele>
<time>2026-08-29T00:24:12Z</time>
</trkpt>
<trkpt lat="37.5450576" lon="127.3032941">
<ele>35.876</ele>
<time>2026-08-29T00:24:13Z</time>
</trkpt>
<trkpt lat="37.5450229" lon="127.3032709">
<ele>35.893</ele>
<time>2026-08-29T00:24:14Z</time>
</trkpt>
<trkpt lat="37.5449886" lon="127.303248">
<ele>35.934</ele>
<time>2026-08-29T00:24:15Z</time>
</trkpt>
<trkpt lat="37.5449545" lon="127.3032254">
<ele>35.88</ele>
<time>2026-08-29T00:24:16Z</time>
</trkpt>
<trkpt lat="37.5449206" lon="127.3032031">
<ele>35.745</ele>
<time>2026-08-29T00:24:17Z</time>
</trkpt>
<trkpt lat="37.5448868" lon="127.3031811">
<ele>35.842</ele>
<time>2026-08-29T00:24:18Z</time>
</trkpt>
<trkpt lat="37.5448527" lon="127.3031591">
<ele>35.824</ele>
<time>2026-08-29T00:24:19Z</time>
</trkpt>
<trkpt lat="37.5448183" lon="127.3031369">
<ele>35.881</ele>
<time>2026-08-29T00:24:20Z</time>
</trkpt>
<trkpt lat="37.5447834" lon="127.3031143">
<ele>35.9</ele>
<time>2026-08-29T00:24:21Z</time>
</trkpt>
<trkpt lat="37.5447478" lon="127.3030913">
<ele>36.078</ele>
<time>2026-08-29T00:24:22Z</time>
</trkpt>
<trkpt lat="37.5447117" lon="127.3030678">
<ele>35.897</ele>
<time>2026-08-29T00:24:23Z</time>
</trkpt>
<trkpt lat="37.5446754" lon="127.3030442">
<ele>35.79</ele>
<time>2026-08-29T00:24:24Z</time>
</trkpt>
<trkpt lat="37.5446381" lon="127.3030197">
<ele>35.798</ele>
<time>2026-08-29T00:24:25Z</time>
</trkpt>
<trkpt lat="37.5446006" lon="127.3029951">
<ele>35.874</ele>
<time>2026-08-29T00:24:26Z</time>
</trkpt>
<trkpt lat="37.5445631" lon="127.3029708">
<ele>35.755</ele>
<time>2026-08-29T00:24:27Z</time>
</trkpt>
<trkpt lat="37.5445254" lon="127.302947">
<ele>35.608</ele>
<time>2026-08-29T00:24:28Z</time>
</trkpt>
<trkpt lat="37.5444875" lon="127.3029238">
<ele>35.592</ele>
<time>2026-08-29T00:24:29Z</time>
</trkpt>
<trkpt lat="37.5444493" lon="127.3029015">
<ele>35.671</ele>
<time>2026-08-29T00:24:30Z</time>
</trkpt>
<trkpt lat="37.5444105" lon="127.3028801">
<ele>35.786</ele>
<time>2026-08-29T00:24:31Z</time>
</trkpt>
<trkpt lat="37.5443714" lon="127.3028598">
<ele>35.585</ele>
<time>2026-08-29T00:24:32Z</time>
</trkpt>
<trkpt lat="37.5443318" lon="127.3028405">
<ele>35.565</ele>
<time>2026-08-29T00:24:33Z</time>
</trkpt>
<trkpt lat="37.5442919" lon="127.302822">
<ele>35.588</ele>
<time>2026-08-29T00:24:34Z</time>
</trkpt>
<trkpt lat="37.544252" lon="127.3028041">
<ele>35.565</ele>
<time>2026-08-29T00:24:35Z</time>
</trkpt>
<trkpt lat="37.544212" lon="127.3027866">
<ele>35.52</ele>
<time>2026-08-29T00:24:36Z</time>
</trkpt>
<trkpt lat="37.5441723" lon="127.3027694">
<ele>35.516</ele>
<time>2026-08-29T00:24:37Z</time>
</trkpt>
<trkpt lat="37.5441326" lon="127.3027522">
<ele>35.555</ele>
<time>2026-08-29T00:24:38Z</time>
</trkpt>
<trkpt lat="37.5440932" lon="127.3027351">
<ele>35.473</ele>
<time>2026-08-29T00:24:39Z</time>
</trkpt>
<trkpt lat="37.5440545" lon="127.3027183">
<ele>35.39</ele>
<time>2026-08-29T00:24:40Z</time>
</trkpt>
<trkpt lat="37.5440168" lon="127.3027017">
<ele>35.443</ele>
<time>2026-08-29T00:24:41Z</time>
</trkpt>
<trkpt lat="37.5439802" lon="127.3026852">
<ele>35.46</ele>
<time>2026-08-29T00:24:42Z</time>
</trkpt>
<trkpt lat="37.543943" lon="127.3026686">
<ele>35.573</ele>
<time>2026-08-29T00:24:43Z</time>
</trkpt>
<trkpt lat="37.5439064" lon="127.3026521">
<ele>35.754</ele>
<time>2026-08-29T00:24:44Z</time>
</trkpt>
<trkpt lat="37.5438691" lon="127.3026355">
<ele>35.799</ele>
<time>2026-08-29T00:24:45Z</time>
</trkpt>
<trkpt lat="37.5438328" lon="127.302619">
<ele>35.774</ele>
<time>2026-08-29T00:24:46Z</time>
</trkpt>
<trkpt lat="37.5437977" lon="127.3026025">
<ele>35.9</ele>
<time>2026-08-29T00:24:47Z</time>
</trkpt>
<trkpt lat="37.5437636" lon="127.3025861">
<ele>36.042</ele>
<time>2026-08-29T00:24:48Z</time>
</trkpt>
<trkpt lat="37.5437298" lon="127.3025698">
<ele>36.247</ele>
<time>2026-08-29T00:24:49Z</time>
</trkpt>
<trkpt lat="37.5436962" lon="127.302554">
<ele>36.375</ele>
<time>2026-08-29T00:24:50Z</time>
</trkpt>
<trkpt lat="37.5436628" lon="127.3025386">
<ele>36.454</ele>
<time>2026-08-29T00:24:51Z</time>
</trkpt>
<trkpt lat="37.5436295" lon="127.3025237">
<ele>36.605</ele>
<time>2026-08-29T00:24:52Z</time>
</trkpt>
<trkpt lat="37.5435963" lon="127.3025093">
<ele>36.777</ele>
<time>2026-08-29T00:24:53Z</time>
</trkpt>
<trkpt lat="37.543563" lon="127.3024954">
<ele>36.94</ele>
<time>2026-08-29T00:24:54Z</time>
</trkpt>
<trkpt lat="37.5435296" lon="127.3024823">
<ele>37.076</ele>
<time>2026-08-29T00:24:55Z</time>
</trkpt>
<trkpt lat="37.5434957" lon="127.3024698">
<ele>37.283</ele>
<time>2026-08-29T00:24:56Z</time>
</trkpt>
<trkpt lat="37.543461" lon="127.3024583">
<ele>37.38</ele>
<time>2026-08-29T00:24:57Z</time>
</trkpt>
<trkpt lat="37.5434253" lon="127.3024477">
<ele>37.534</ele>
<time>2026-08-29T00:24:58Z</time>
</trkpt>
<trkpt lat="37.5433885" lon="127.302438">
<ele>37.569</ele>
<time>2026-08-29T00:24:59Z</time>
</trkpt>
<trkpt lat="37.5433507" lon="127.3024292">
<ele>37.613</ele>
<time>2026-08-29T00:25:00Z</time>
</trkpt>
<trkpt lat="37.543312" lon="127.3024208">
<ele>37.685</ele>
<time>2026-08-29T00:25:01Z</time>
</trkpt>
<trkpt lat="37.5432727" lon="127.3024129">
<ele>37.743</ele>
<time>2026-08-29T00:25:02Z</time>
</trkpt>
<trkpt lat="37.543233" lon="127.3024054">
<ele>37.755</ele>
<time>2026-08-29T00:25:03Z</time>
</trkpt>
<trkpt lat="37.5431933" lon="127.3023982">
<ele>37.785</ele>
<time>2026-08-29T00:25:04Z</time>
</trkpt>
<trkpt lat="37.5431534" lon="127.3023912">
<ele>37.807</ele>
<time>2026-08-29T00:25:05Z</time>
</trkpt>
<trkpt lat="37.5431131" lon="127.3023839">
<ele>37.809</ele>
<time>2026-08-29T00:25:06Z</time>
</trkpt>
<trkpt lat="37.5430725" lon="127.3023764">
<ele>37.707</ele>
<time>2026-08-29T00:25:07Z</time>
</trkpt>
<trkpt lat="37.543032" lon="127.3023688">
<ele>37.725</ele>
<time>2026-08-29T00:25:08Z</time>
</trkpt>
<trkpt lat="37.5429913" lon="127.302361">
<ele>37.74</ele>
<time>2026-08-29T00:25:09Z</time>
</trkpt>
<trkpt lat="37.5429503" lon="127.3023531">
<ele>37.789</ele>
<time>2026-08-29T00:25:10Z</time>
</trkpt>
<trkpt lat="37.5429091" lon="127.302345">
<ele>37.795</ele>
<time>2026-08-29T00:25:11Z</time>
</trkpt>
<trkpt lat="37.5428677" lon="127.3023365">
<ele>37.85</ele>
<time>2026-08-29T00:25:12Z</time>
</trkpt>
<trkpt lat="37.5428269" lon="127.3023289">
<ele>37.896</ele>
<time>2026-08-29T00:25:13Z</time>
</trkpt>
<trkpt lat="37.5427858" lon="127.3023212">
<ele>37.792</ele>
<time>2026-08-29T00:25:14Z</time>
</trkpt>
<trkpt lat="37.5427442" lon="127.302313">
<ele>37.645</ele>
<time>2026-08-29T00:25:15Z</time>
</trkpt>
<trkpt lat="37.5427021" lon="127.3023042">
<ele>37.637</ele>
<time>2026-08-29T00:25:16Z</time>
</trkpt>
<trkpt lat="37.5426597" lon="127.3022949">
<ele>37.692</ele>
<time>2026-08-29T00:25:17Z</time>
</trkpt>
<trkpt lat="37.5426168" lon="127.3022843">
<ele>37.687</ele>
<time>2026-08-29T00:25:18Z</time>
</trkpt>
<trkpt lat="37.5425738" lon="127.3022733">
<ele>37.836</ele>
<time>2026-08-29T00:25:19Z</time>
</trkpt>
<trkpt lat="37.5425309" lon="127.3022619">
<ele>37.834</ele>
<time>2026-08-29T00:25:20Z</time>
</trkpt>
<trkpt lat="37.5424881" lon="127.3022503">
<ele>37.817</ele>
<time>2026-08-29T00:25:21Z</time>
</trkpt>
<trkpt lat="37.5424457" lon="127.3022385">
<ele>37.8</ele>
<time>2026-08-29T00:25:22Z</time>
</trkpt>
<trkpt lat="37.5424037" lon="127.3022266">
<ele>37.735</ele>
<time>2026-08-29T00:25:23Z</time>
</trkpt>
<trkpt lat="37.542362" lon="127.3022144">
<ele>37.741</ele>
<time>2026-08-29T00:25:24Z</time>
</trkpt>
<trkpt lat="37.5423204" lon="127.3022019">
<ele>37.703</ele>
<time>2026-08-29T00:25:25Z</time>
</trkpt>
<trkpt lat="37.5422787" lon="127.3021889">
<ele>37.608</ele>
<time>2026-08-29T00:25:26Z</time>
</trkpt>
<trkpt lat="37.5422366" lon="127.3021754">
<ele>37.613</ele>
<time>2026-08-29T00:25:27Z</time>
</trkpt>
<trkpt lat="37.5421938" lon="127.3021613">
<ele>37.575</ele>
<time>2026-08-29T00:25:28Z</time>
</trkpt>
<trkpt lat="37.5421504" lon="127.3021467">
<ele>37.588</ele>
<time>2026-08-29T00:25:29Z</time>
</trkpt>
<trkpt lat="37.5421063" lon="127.3021316">
<ele>37.607</ele>
<time>2026-08-29T00:25:30Z</time>
</trkpt>
<trkpt lat="37.5420618" lon="127.3021158">
<ele>37.72</ele>
<time>2026-08-29T00:25:31Z</time>
</trkpt>
<trkpt lat="37.5420173" lon="127.3020996">
<ele>37.839</ele>
<time>2026-08-29T00:25:32Z</time>
</trkpt>
<trkpt lat="37.5419732" lon="127.3020824">
<ele>37.783</ele>
<time>2026-08-29T00:25:33Z</time>
</trkpt>
<trkpt lat="37.54193" lon="127.3020649">
<ele>37.814</ele>
<time>2026-08-29T00:25:34Z</time>
</trkpt>
<trkpt lat="37.5418876" lon="127.3020471">
<ele>37.662</ele>
<time>2026-08-29T00:25:35Z</time>
</trkpt>
<trkpt lat="37.5418458" lon="127.3020296">
<ele>37.607</ele>
<time>2026-08-29T00:25:36Z</time>
</trkpt>
<trkpt lat="37.5418043" lon="127.3020124">
<ele>37.658</ele>
<time>2026-08-29T00:25:37Z</time>
</trkpt>
<trkpt lat="37.5417619" lon="127.3019955">
<ele>37.77</ele>
<time>2026-08-29T00:25:38Z</time>
</trkpt>
<trkpt lat="37.5417198" lon="127.3019784">
<ele>37.762</ele>
<time>2026-08-29T00:25:39Z</time>
</trkpt>
<trkpt lat="37.5416779" lon="127.3019613">
<ele>37.717</ele>
<time>2026-08-29T00:25:40Z</time>
</trkpt>
<trkpt lat="37.5416364" lon="127.3019441">
<ele>37.773</ele>
<time>2026-08-29T00:25:41Z</time>
</trkpt>
<trkpt lat="37.5415953" lon="127.3019269">
<ele>37.708</ele>
<time>2026-08-29T00:25:42Z</time>
</trkpt>
<trkpt lat="37.5415544" lon="127.3019097">
<ele>37.768</ele>
<time>2026-08-29T00:25:43Z</time>
</trkpt>
<trkpt lat="37.5415137" lon="127.3018925">
<ele>37.842</ele>
<time>2026-08-29T00:25:44Z</time>
</trkpt>
<trkpt lat="37.5414732" lon="127.3018753">
<ele>37.86</ele>
<time>2026-08-29T00:25:45Z</time>
</trkpt>
<trkpt lat="37.5414327" lon="127.301858">
<ele>37.933</ele>
<time>2026-08-29T00:25:46Z</time>
</trkpt>
<trkpt lat="37.5413923" lon="127.3018406">
<ele>38.078</ele>
<time>2026-08-29T00:25:47Z</time>
</trkpt>
<trkpt lat="37.541352" lon="127.3018232">
<ele>38.073</ele>
<time>2026-08-29T00:25:48Z</time>
</trkpt>
<trkpt lat="37.5413116" lon="127.3018058">
<ele>37.987</ele>
<time>2026-08-29T00:25:49Z</time>
</trkpt>
<trkpt lat="37.5412712" lon="127.3017883">
<ele>37.956</ele>
<time>2026-08-29T00:25:50Z</time>
</trkpt>
<trkpt lat="37.5412308" lon="127.3017708">
<ele>38.056</ele>
<time>2026-08-29T00:25:51Z</time>
</trkpt>
<trkpt lat="37.5411903" lon="127.3017534">
<ele>38.034</ele>
<time>2026-08-29T00:25:52Z</time>
</trkpt>
<trkpt lat="37.5411499" lon="127.301736">
<ele>38.089</ele>
<time>2026-08-29T00:25:53Z</time>
</trkpt>
<trkpt lat="37.5411095" lon="127.3017185">
<ele>38.275</ele>
<time>2026-08-29T00:25:54Z</time>
</trkpt>
<trkpt lat="37.5410692" lon="127.301701">
<ele>38.399</ele>
<time>2026-08-29T00:25:55Z</time>
</trkpt>
<trkpt lat="37.541029" lon="127.3016836">
<ele>38.453</ele>
<time>2026-08-29T00:25:56Z</time>
</trkpt>
<trkpt lat="37.5409888" lon="127.3016664">
<ele>38.477</ele>
<time>2026-08-29T00:25:57Z</time>
</trkpt>
<trkpt lat="37.5409487" lon="127.3016494">
<ele>38.388</ele>
<time>2026-08-29T00:25:58Z</time>
</trkpt>
<trkpt lat="37.5409087" lon="127.3016327">
<ele>38.25</ele>
<time>2026-08-29T00:25:59Z</time>
</trkpt>
<trkpt lat="37.5408687" lon="127.3016162">
<ele>38.29</ele>
<time>2026-08-29T00:26:00Z</time>
</trkpt>
<trkpt lat="37.540829" lon="127.3016">
<ele>38.546</ele>
<time>2026-08-29T00:26:01Z</time>
</trkpt>
<trkpt lat="37.5407893" lon="127.3015842">
<ele>38.763</ele>
<time>2026-08-29T00:26:02Z</time>
</trkpt>
<trkpt lat="37.5407497" lon="127.3015689">
<ele>38.829</ele>
<time>2026-08-29T00:26:03Z</time>
</trkpt>
<trkpt lat="37.5407104" lon="127.301554">
<ele>38.958</ele>
<time>2026-08-29T00:26:04Z</time>
</trkpt>
<trkpt lat="37.5406712" lon="127.3015394">
<ele>39.111</ele>
<time>2026-08-29T00:26:05Z</time>
</trkpt>
<trkpt lat="37.5406322" lon="127.3015252">
<ele>39.232</ele>
<time>2026-08-29T00:26:06Z</time>
</trkpt>
<trkpt lat="37.540593" lon="127.3015103">
<ele>39.344</ele>
<time>2026-08-29T00:26:07Z</time>
</trkpt>
<trkpt lat="37.5405543" lon="127.301496">
<ele>39.651</ele>
<time>2026-08-29T00:26:08Z</time>
</trkpt>
<trkpt lat="37.540516" lon="127.3014822">
<ele>39.656</ele>
<time>2026-08-29T00:26:09Z</time>
</trkpt>
<trkpt lat="37.5404778" lon="127.3014691">
<ele>39.65</ele>
<time>2026-08-29T00:26:10Z</time>
</trkpt>
<trkpt lat="37.5404398" lon="127.3014566">
<ele>39.677</ele>
<time>2026-08-29T00:26:11Z</time>
</trkpt>
<trkpt lat="37.5404015" lon="127.3014449">
<ele>39.735</ele>
<time>2026-08-29T00:26:12Z</time>
</trkpt>
<trkpt lat="37.5403631" lon="127.3014336">
<ele>39.745</ele>
<time>2026-08-29T00:26:13Z</time>
</trkpt>
<trkpt lat="37.5403245" lon="127.3014225">
<ele>39.799</ele>
<time>2026-08-29T00:26:14Z</time>
</trkpt>
<trkpt lat="37.5402856" lon="127.3014116">
<ele>39.839</ele>
<time>2026-08-29T00:26:15Z</time>
</trkpt>
<trkpt lat="37.5402464" lon="127.3014011">
<ele>39.909</ele>
<time>2026-08-29T00:26:16Z</time>
</trkpt>
<trkpt lat="37.5402068" lon="127.3013911">
<ele>40.011</ele>
<time>2026-08-29T00:26:18Z</time>
</trkpt>
<trkpt lat="37.540167" lon="127.301382">
<ele>40.043</ele>
<time>2026-08-29T00:26:19Z</time>
</trkpt>
<trkpt lat="37.5401269" lon="127.301374">
<ele>40.197</ele>
<time>2026-08-29T00:26:20Z</time>
</trkpt>
<trkpt lat="37.5400865" lon="127.3013673">
<ele>40.093</ele>
<time>2026-08-29T00:26:21Z</time>
</trkpt>
<trkpt lat="37.540046" lon="127.301362">
<ele>40.125</ele>
<time>2026-08-29T00:26:22Z</time>
</trkpt>
<trkpt lat="37.5400055" lon="127.301358">
<ele>40.108</ele>
<time>2026-08-29T00:26:23Z</time>
</trkpt>
<trkpt lat="37.539965" lon="127.3013553">
<ele>40.079</ele>
<time>2026-08-29T00:26:24Z</time>
</trkpt>
<trkpt lat="37.5399246" lon="127.301353">
<ele>40.054</ele>
<time>2026-08-29T00:26:25Z</time>
</trkpt>
<trkpt lat="37.5398843" lon="127.3013519">
<ele>40.007</ele>
<time>2026-08-29T00:26:26Z</time>
</trkpt>
<trkpt lat="37.5398439" lon="127.3013512">
<ele>39.993</ele>
<time>2026-08-29T00:26:27Z</time>
</trkpt>
<trkpt lat="37.5398034" lon="127.3013504">
<ele>40.103</ele>
<time>2026-08-29T00:26:28Z</time>
</trkpt>
<trkpt lat="37.5397628" lon="127.3013493">
<ele>40.146</ele>
<time>2026-08-29T00:26:29Z</time>
</trkpt>
<trkpt lat="37.5397224" lon="127.3013483">
<ele>40.318</ele>
<time>2026-08-29T00:26:30Z</time>
</trkpt>
<trkpt lat="37.5396821" lon="127.3013476">
<ele>40.331</ele>
<time>2026-08-29T00:26:31Z</time>
</trkpt>
<trkpt lat="37.5396417" lon="127.3013473">
<ele>40.282</ele>
<time>2026-08-29T00:26:32Z</time>
</trkpt>
<trkpt lat="37.5396013" lon="127.3013472">
<ele>40.332</ele>
<time>2026-08-29T00:26:33Z</time>
</trkpt>
<trkpt lat="37.5395608" lon="127.3013475">
<ele>40.231</ele>
<time>2026-08-29T00:26:34Z</time>
</trkpt>
<trkpt lat="37.5395201" lon="127.3013483">
<ele>40.367</ele>
<time>2026-08-29T00:26:35Z</time>
</trkpt>
<trkpt lat="37.5394793" lon="127.3013497">
<ele>40.386</ele>
<time>2026-08-29T00:26:36Z</time>
</trkpt>
<trkpt lat="37.5394384" lon="127.3013518">
<ele>40.426</ele>
<time>2026-08-29T00:26:37Z</time>
</trkpt>
<trkpt lat="37.5393974" lon="127.3013544">
<ele>40.6</ele>
<time>2026-08-29T00:26:38Z</time>
</trkpt>
<trkpt lat="37.5393564" lon="127.3013577">
<ele>40.553</ele>
<time>2026-08-29T00:26:39Z</time>
</trkpt>
<trkpt lat="37.5393155" lon="127.3013617">
<ele>40.608</ele>
<time>2026-08-29T00:26:40Z</time>
</trkpt>
<trkpt lat="37.5392745" lon="127.3013658">
<ele>40.749</ele>
<time>2026-08-29T00:26:41Z</time>
</trkpt>
<trkpt lat="37.5392337" lon="127.3013707">
<ele>40.765</ele>
<time>2026-08-29T00:26:42Z</time>
</trkpt>
<trkpt lat="37.5391931" lon="127.3013762">
<ele>40.87</ele>
<time>2026-08-29T00:26:43Z</time>
</trkpt>
<trkpt lat="37.5391526" lon="127.3013821">
<ele>40.928</ele>
<time>2026-08-29T00:26:44Z</time>
</trkpt>
<trkpt lat="37.5391124" lon="127.301388">
<ele>40.876</ele>
<time>2026-08-29T00:26:45Z</time>
</trkpt>
<trkpt lat="37.5390725" lon="127.3013937">
<ele>40.863</ele>
<time>2026-08-29T00:26:46Z</time>
</trkpt>
<trkpt lat="37.5390328" lon="127.3013992">
<ele>40.973</ele>
<time>2026-08-29T00:26:47Z</time>
</trkpt>
<trkpt lat="37.5389937" lon="127.3014049">
<ele>41.066</ele>
<time>2026-08-29T00:26:48Z</time>
</trkpt>
<trkpt lat="37.5389552" lon="127.301411">
<ele>40.992</ele>
<time>2026-08-29T00:26:49Z</time>
</trkpt>
<trkpt lat="37.5389169" lon="127.3014175">
<ele>41.055</ele>
<time>2026-08-29T00:26:50Z</time>
</trkpt>
<trkpt lat="37.5388791" lon="127.3014247">
<ele>41.09</ele>
<time>2026-08-29T00:26:51Z</time>
</trkpt>
<trkpt lat="37.5388415" lon="127.3014329">
<ele>41.423</ele>
<time>2026-08-29T00:26:52Z</time>
</trkpt>
<trkpt lat="37.5388043" lon="127.301442">
<ele>42.042</ele>
<time>2026-08-29T00:26:53Z</time>
</trkpt>
<trkpt lat="37.5387672" lon="127.301452">
<ele>42.39</ele>
<time>2026-08-29T00:26:54Z</time>
</trkpt>
<trkpt lat="37.5387303" lon="127.3014625">
<ele>42.728</ele>
<time>2026-08-29T00:26:55Z</time>
</trkpt>
<trkpt lat="37.5386936" lon="127.3014733">
<ele>42.853</ele>
<time>2026-08-29T00:26:56Z</time>
</trkpt>
<trkpt lat="37.5386571" lon="127.3014842">
<ele>42.318</ele>
<time>2026-08-29T00:26:57Z</time>
</trkpt>
<trkpt lat="37.5386209" lon="127.3014949">
<ele>42.296</ele>
<time>2026-08-29T00:26:58Z</time>
</trkpt>
<trkpt lat="37.5385849" lon="127.3015057">
<ele>42.331</ele>
<time>2026-08-29T00:26:59Z</time>
</trkpt>
<trkpt lat="37.5385492" lon="127.3015169">
<ele>42.414</ele>
<time>2026-08-29T00:27:00Z</time>
</trkpt>
<trkpt lat="37.538514" lon="127.301529">
<ele>42.519</ele>
<time>2026-08-29T00:27:01Z</time>
</trkpt>
<trkpt lat="37.538479" lon="127.3015413">
<ele>42.527</ele>
<time>2026-08-29T00:27:02Z</time>
</trkpt>
<trkpt lat="37.5384435" lon="127.3015537">
<ele>42.705</ele>
<time>2026-08-29T00:27:03Z</time>
</trkpt>
<trkpt lat="37.5384073" lon="127.3015661">
<ele>42.784</ele>
<time>2026-08-29T00:27:04Z</time>
</trkpt>
<trkpt lat="37.5383701" lon="127.3015784">
<ele>42.829</ele>
<time>2026-08-29T00:27:05Z</time>
</trkpt>
<trkpt lat="37.5383333" lon="127.3015903">
<ele>42.897</ele>
<time>2026-08-29T00:27:06Z</time>
</trkpt>
<trkpt lat="37.5382965" lon="127.3016021">
<ele>42.915</ele>
<time>2026-08-29T00:27:07Z</time>
</trkpt>
<trkpt lat="37.5382593" lon="127.3016138">
<ele>42.962</ele>
<time>2026-08-29T00:27:08Z</time>
</trkpt>
<trkpt lat="37.5382232" lon="127.3016261">
<ele>42.913</ele>
<time>2026-08-29T00:27:09Z</time>
</trkpt>
<trkpt lat="37.5381866" lon="127.3016385">
<ele>42.872</ele>
<time>2026-08-29T00:27:10Z</time>
</trkpt>
<trkpt lat="37.538149" lon="127.3016509">
<ele>42.62</ele>
<time>2026-08-29T00:27:11Z</time>
</trkpt>
<trkpt lat="37.5381103" lon="127.301663">
<ele>43.001</ele>
<time>2026-08-29T00:27:12Z</time>
</trkpt>
<trkpt lat="37.5380708" lon="127.3016748">
<ele>42.753</ele>
<time>2026-08-29T00:27:13Z</time>
</trkpt>
<trkpt lat="37.5380312" lon="127.3016858">
<ele>42.578</ele>
<time>2026-08-29T00:27:14Z</time>
</trkpt>
<trkpt lat="37.5379919" lon="127.3016964">
<ele>42.541</ele>
<time>2026-08-29T00:27:15Z</time>
</trkpt>
<trkpt lat="37.5379529" lon="127.3017068">
<ele>42.479</ele>
<time>2026-08-29T00:27:16Z</time>
</trkpt>
<trkpt lat="37.5379142" lon="127.3017171">
<ele>42.523</ele>
<time>2026-08-29T00:27:17Z</time>
</trkpt>
<trkpt lat="37.5378759" lon="127.3017273">
<ele>42.609</ele>
<time>2026-08-29T00:27:18Z</time>
</trkpt>
<trkpt lat="37.5378379" lon="127.3017373">
<ele>42.647</ele>
<time>2026-08-29T00:27:19Z</time>
</trkpt>
<trkpt lat="37.5378001" lon="127.3017468">
<ele>42.669</ele>
<time>2026-08-29T00:27:20Z</time>
</trkpt>
<trkpt lat="37.5377626" lon="127.3017559">
<ele>42.681</ele>
<time>2026-08-29T00:27:21Z</time>
</trkpt>
<trkpt lat="37.5377254" lon="127.3017645">
<ele>42.774</ele>
<time>2026-08-29T00:27:22Z</time>
</trkpt>
<trkpt lat="37.5376886" lon="127.3017729">
<ele>42.766</ele>
<time>2026-08-29T00:27:23Z</time>
</trkpt>
<trkpt lat="37.537652" lon="127.3017811">
<ele>42.884</ele>
<time>2026-08-29T00:27:24Z</time>
</trkpt>
<trkpt lat="37.5376157" lon="127.3017894">
<ele>42.847</ele>
<time>2026-08-29T00:27:25Z</time>
</trkpt>
<trkpt lat="37.5375794" lon="127.3017978">
<ele>42.753</ele>
<time>2026-08-29T00:27:26Z</time>
</trkpt>
<trkpt lat="37.5375432" lon="127.3018063">
<ele>42.837</ele>
<time>2026-08-29T00:27:27Z</time>
</trkpt>
<trkpt lat="37.5375069" lon="127.301815">
<ele>42.897</ele>
<time>2026-08-29T00:27:28Z</time>
</trkpt>
<trkpt lat="37.5374698" lon="127.3018235">
<ele>43.012</ele>
<time>2026-08-29T00:27:29Z</time>
</trkpt>
<trkpt lat="37.5374322" lon="127.3018317">
<ele>43.091</ele>
<time>2026-08-29T00:27:30Z</time>
</trkpt>
<trkpt lat="37.537394" lon="127.3018395">
<ele>43.073</ele>
<time>2026-08-29T00:27:31Z</time>
</trkpt>
<trkpt lat="37.537355" lon="127.3018466">
<ele>43.098</ele>
<time>2026-08-29T00:27:32Z</time>
</trkpt>
<trkpt lat="37.5373155" lon="127.3018532">
<ele>43.271</ele>
<time>2026-08-29T00:27:33Z</time>
</trkpt>
<trkpt lat="37.5372758" lon="127.3018597">
<ele>43.258</ele>
<time>2026-08-29T00:27:34Z</time>
</trkpt>
<trkpt lat="37.5372357" lon="127.3018659">
<ele>43.257</ele>
<time>2026-08-29T00:27:35Z</time>
</trkpt>
<trkpt lat="37.5371954" lon="127.3018716">
<ele>43.299</ele>
<time>2026-08-29T00:27:36Z</time>
</trkpt>
<trkpt lat="37.5371549" lon="127.3018768">
<ele>43.298</ele>
<time>2026-08-29T00:27:37Z</time>
</trkpt>
<trkpt lat="37.5371146" lon="127.3018815">
<ele>43.283</ele>
<time>2026-08-29T00:27:38Z</time>
</trkpt>
<trkpt lat="37.5370745" lon="127.3018854">
<ele>43.389</ele>
<time>2026-08-29T00:27:39Z</time>
</trkpt>
<trkpt lat="37.5370349" lon="127.3018884">
<ele>43.457</ele>
<time>2026-08-29T00:27:40Z</time>
</trkpt>
<trkpt lat="37.5369957" lon="127.3018904">
<ele>43.519</ele>
<time>2026-08-29T00:27:41Z</time>
</trkpt>
<trkpt lat="37.5369572" lon="127.3018914">
<ele>43.621</ele>
<time>2026-08-29T00:27:42Z</time>
</trkpt>
<trkpt lat="37.5369194" lon="127.3018914">
<ele>43.686</ele>
<time>2026-08-29T00:27:43Z</time>
</trkpt>
<trkpt lat="37.5368822" lon="127.3018905">
<ele>43.746</ele>
<time>2026-08-29T00:27:44Z</time>
</trkpt>
<trkpt lat="37.5368456" lon="127.3018886">
<ele>43.844</ele>
<time>2026-08-29T00:27:45Z</time>
</trkpt>
<trkpt lat="37.5368096" lon="127.301886">
<ele>43.852</ele>
<time>2026-08-29T00:27:46Z</time>
</trkpt>
<trkpt lat="37.536775" lon="127.3018823">
<ele>43.923</ele>
<time>2026-08-29T00:27:47Z</time>
</trkpt>
<trkpt lat="37.5367423" lon="127.3018787">
<ele>43.889</ele>
<time>2026-08-29T00:27:48Z</time>
</trkpt>
<trkpt lat="37.5367128" lon="127.3018759">
<ele>43.918</ele>
<time>2026-08-29T00:27:49Z</time>
</trkpt>
<trkpt lat="37.5366879" lon="127.3018741">
<ele>43.959</ele>
<time>2026-08-29T00:27:50Z</time>
</trkpt>
<trkpt lat="37.5366647" lon="127.3018728">
<ele>43.996</ele>
<time>2026-08-29T00:27:51Z</time>
</trkpt>
<trkpt lat="37.5366366" lon="127.3018708">
<ele>43.989</ele>
<time>2026-08-29T00:27:52Z</time>
</trkpt>
<trkpt lat="37.5366094" lon="127.3018686">
<ele>44.121</ele>
<time>2026-08-29T00:27:53Z</time>
</trkpt>
<trkpt lat="37.5365829" lon="127.3018664">
<ele>44.212</ele>
<time>2026-08-29T00:27:54Z</time>
</trkpt>
<trkpt lat="37.5365569" lon="127.3018641">
<ele>44.238</ele>
<time>2026-08-29T00:27:55Z</time>
</trkpt>
<trkpt lat="37.5365311" lon="127.3018618">
<ele>44.23</ele>
<time>2026-08-29T00:27:56Z</time>
</trkpt>
<trkpt lat="37.5365056" lon="127.3018594">
<ele>44.264</ele>
<time>2026-08-29T00:27:57Z</time>
</trkpt>
<trkpt lat="37.5364801" lon="127.3018568">
<ele>44.268</ele>
<time>2026-08-29T00:27:58Z</time>
</trkpt>
<trkpt lat="37.5364545" lon="127.3018541">
<ele>44.289</ele>
<time>2026-08-29T00:27:59Z</time>
</trkpt>
<trkpt lat="37.5364284" lon="127.3018512">
<ele>44.109</ele>
<time>2026-08-29T00:28:11Z</time>
</trkpt>
<trkpt lat="37.5364059" lon="127.3018496">
<ele>44.162</ele>
<time>2026-08-29T00:28:12Z</time>
</trkpt>
<trkpt lat="37.5363819" lon="127.3018475">
<ele>44.084</ele>
<time>2026-08-29T00:28:13Z</time>
</trkpt>
<trkpt lat="37.5363543" lon="127.3018444">
<ele>44.061</ele>
<time>2026-08-29T00:28:14Z</time>
</trkpt>
<trkpt lat="37.5363232" lon="127.3018403">
<ele>44.017</ele>
<time>2026-08-29T00:28:15Z</time>
</trkpt>
<trkpt lat="37.536291" lon="127.3018352">
<ele>43.926</ele>
<time>2026-08-29T00:28:16Z</time>
</trkpt>
<trkpt lat="37.5362598" lon="127.3018295">
<ele>43.877</ele>
<time>2026-08-29T00:28:17Z</time>
</trkpt>
<trkpt lat="37.5362283" lon="127.3018232">
<ele>43.849</ele>
<time>2026-08-29T00:28:18Z</time>
</trkpt>
<trkpt lat="37.5361962" lon="127.3018164">
<ele>43.823</ele>
<time>2026-08-29T00:28:19Z</time>
</trkpt>
<trkpt lat="37.5361631" lon="127.3018087">
<ele>43.882</ele>
<time>2026-08-29T00:28:20Z</time>
</trkpt>
<trkpt lat="37.5361289" lon="127.3017999">
<ele>43.863</ele>
<time>2026-08-29T00:28:21Z</time>
</trkpt>
<trkpt lat="37.536094" lon="127.30179">
<ele>43.859</ele>
<time>2026-08-29T00:28:22Z</time>
</trkpt>
<trkpt lat="37.5360584" lon="127.301779">
<ele>43.843</ele>
<time>2026-08-29T00:28:23Z</time>
</trkpt>
<trkpt lat="37.5360225" lon="127.3017669">
<ele>43.896</ele>
<time>2026-08-29T00:28:24Z</time>
</trkpt>
<trkpt lat="37.5359864" lon="127.3017541">
<ele>43.958</ele>
<time>2026-08-29T00:28:25Z</time>
</trkpt>
<trkpt lat="37.5359503" lon="127.3017406">
<ele>43.89</ele>
<time>2026-08-29T00:28:26Z</time>
</trkpt>
<trkpt lat="37.5359143" lon="127.3017267">
<ele>43.814</ele>
<time>2026-08-29T00:28:27Z</time>
</trkpt>
<trkpt lat="37.5358787" lon="127.3017124">
<ele>43.867</ele>
<time>2026-08-29T00:28:28Z</time>
</trkpt>
<trkpt lat="37.5358434" lon="127.3016978">
<ele>44.0</ele>
<time>2026-08-29T00:28:29Z</time>
</trkpt>
<trkpt lat="37.5358087" lon="127.3016829">
<ele>44.009</ele>
<time>2026-08-29T00:28:30Z</time>
</trkpt>
<trkpt lat="37.5357744" lon="127.3016678">
<ele>43.995</ele>
<time>2026-08-29T00:28:31Z</time>
</trkpt>
<trkpt lat="37.5357405" lon="127.3016519">
<ele>44.027</ele>
<time>2026-08-29T00:28:32Z</time>
</trkpt>
<trkpt lat="37.5357066" lon="127.3016351">
<ele>44.005</ele>
<time>2026-08-29T00:28:33Z</time>
</trkpt>
<trkpt lat="37.5356725" lon="127.3016185">
<ele>44.065</ele>
<time>2026-08-29T00:28:34Z</time>
</trkpt>
<trkpt lat="37.5356384" lon="127.3016015">
<ele>44.189</ele>
<time>2026-08-29T00:28:35Z</time>
</trkpt>
<trkpt lat="37.5356042" lon="127.301584">
<ele>44.306</ele>
<time>2026-08-29T00:28:36Z</time>
</trkpt>
<trkpt lat="37.5355701" lon="127.3015666">
<ele>44.383</ele>
<time>2026-08-29T00:28:37Z</time>
</trkpt>
<trkpt lat="37.5355358" lon="127.3015485">
<ele>44.422</ele>
<time>2026-08-29T00:28:38Z</time>
</trkpt>
<trkpt lat="37.5355012" lon="127.3015297">
<ele>44.358</ele>
<time>2026-08-29T00:28:39Z</time>
</trkpt>
<trkpt lat="37.5354666" lon="127.3015107">
<ele>44.354</ele>
<time>2026-08-29T00:28:40Z</time>
</trkpt>
<trkpt lat="37.5354319" lon="127.3014914">
<ele>44.365</ele>
<time>2026-08-29T00:28:41Z</time>
</trkpt>
<trkpt lat="37.5353973" lon="127.3014718">
<ele>44.421</ele>
<time>2026-08-29T00:28:42Z</time>
</trkpt>
<trkpt lat="37.5353628" lon="127.3014516">
<ele>44.266</ele>
<time>2026-08-29T00:28:43Z</time>
</trkpt>
<trkpt lat="37.5353282" lon="127.3014308">
<ele>44.168</ele>
<time>2026-08-29T00:28:44Z</time>
</trkpt>
<trkpt lat="37.5352937" lon="127.3014092">
<ele>44.122</ele>
<time>2026-08-29T00:28:45Z</time>
</trkpt>
<trkpt lat="37.5352592" lon="127.3013866">
<ele>44.022</ele>
<time>2026-08-29T00:28:46Z</time>
</trkpt>
<trkpt lat="37.5352246" lon="127.301363">
<ele>44.102</ele>
<time>2026-08-29T00:28:47Z</time>
</trkpt>
<trkpt lat="37.5351901" lon="127.3013386">
<ele>44.25</ele>
<time>2026-08-29T00:28:48Z</time>
</trkpt>
<trkpt lat="37.5351555" lon="127.3013134">
<ele>44.269</ele>
<time>2026-08-29T00:28:49Z</time>
</trkpt>
<trkpt lat="37.5351208" lon="127.3012877">
<ele>44.364</ele>
<time>2026-08-29T00:28:50Z</time>
</trkpt>
<trkpt lat="37.5350861" lon="127.3012617">
<ele>44.269</ele>
<time>2026-08-29T00:28:51Z</time>
</trkpt>
<trkpt lat="37.5350512" lon="127.3012355">
<ele>44.177</ele>
<time>2026-08-29T00:28:52Z</time>
</trkpt>
<trkpt lat="37.5350163" lon="127.3012093">
<ele>44.289</ele>
<time>2026-08-29T00:28:53Z</time>
</trkpt>
<trkpt lat="37.5349811" lon="127.3011833">
<ele>44.367</ele>
<time>2026-08-29T00:28:54Z</time>
</trkpt>
<trkpt lat="37.5349459" lon="127.3011575">
<ele>44.301</ele>
<time>2026-08-29T00:28:55Z</time>
</trkpt>
<trkpt lat="37.5349105" lon="127.301132">
<ele>44.406</ele>
<time>2026-08-29T00:28:56Z</time>
</trkpt>
<trkpt lat="37.5348751" lon="127.3011067">
<ele>44.371</ele>
<time>2026-08-29T00:28:57Z</time>
</trkpt>
<trkpt lat="37.5348398" lon="127.3010815">
<ele>44.452</ele>
<time>2026-08-29T00:28:58Z</time>
</trkpt>
<trkpt lat="37.5348046" lon="127.301056">
<ele>44.509</ele>
<time>2026-08-29T00:28:59Z</time>
</trkpt>
<trkpt lat="37.5347693" lon="127.3010304">
<ele>44.505</ele>
<time>2026-08-29T00:29:00Z</time>
</trkpt>
<trkpt lat="37.5347341" lon="127.3010048">
<ele>44.526</ele>
<time>2026-08-29T00:29:01Z</time>
</trkpt>
<trkpt lat="37.5346989" lon="127.3009791">
<ele>44.517</ele>
<time>2026-08-29T00:29:02Z</time>
</trkpt>
<trkpt lat="37.5346639" lon="127.3009534">
<ele>44.689</ele>
<time>2026-08-29T00:29:03Z</time>
</trkpt>
<trkpt lat="37.534629" lon="127.3009277">
<ele>44.707</ele>
<time>2026-08-29T00:29:04Z</time>
</trkpt>
<trkpt lat="37.5345942" lon="127.3009019">
<ele>44.824</ele>
<time>2026-08-29T00:29:05Z</time>
</trkpt>
<trkpt lat="37.5345596" lon="127.300876">
<ele>44.899</ele>
<time>2026-08-29T00:29:06Z</time>
</trkpt>
<trkpt lat="37.5345251" lon="127.3008499">
<ele>44.866</ele>
<time>2026-08-29T00:29:07Z</time>
</trkpt>
<trkpt lat="37.5344907" lon="127.3008238">
<ele>44.93</ele>
<time>2026-08-29T00:29:08Z</time>
</trkpt>
<trkpt lat="37.5344567" lon="127.3007976">
<ele>45.0</ele>
<time>2026-08-29T00:29:09Z</time>
</trkpt>
<trkpt lat="37.5344228" lon="127.3007715">
<ele>44.945</ele>
<time>2026-08-29T00:29:10Z</time>
</trkpt>
<trkpt lat="37.5343891" lon="127.3007453">
<ele>44.957</ele>
<time>2026-08-29T00:29:11Z</time>
</trkpt>
<trkpt lat="37.5343557" lon="127.300719">
<ele>45.016</ele>
<time>2026-08-29T00:29:12Z</time>
</trkpt>
<trkpt lat="37.5343224" lon="127.3006926">
<ele>45.011</ele>
<time>2026-08-29T00:29:13Z</time>
</trkpt>
<trkpt lat="37.5342894" lon="127.3006662">
<ele>44.992</ele>
<time>2026-08-29T00:29:14Z</time>
</trkpt>
<trkpt lat="37.5342567" lon="127.3006398">
<ele>44.965</ele>
<time>2026-08-29T00:29:15Z</time>
</trkpt>
<trkpt lat="37.534224" lon="127.3006134">
<ele>44.922</ele>
<time>2026-08-29T00:29:16Z</time>
</trkpt>
<trkpt lat="37.5341915" lon="127.3005869">
<ele>45.037</ele>
<time>2026-08-29T00:29:17Z</time>
</trkpt>
<trkpt lat="37.5341591" lon="127.3005606">
<ele>45.011</ele>
<time>2026-08-29T00:29:18Z</time>
</trkpt>
<trkpt lat="37.5341268" lon="127.3005343">
<ele>45.087</ele>
<time>2026-08-29T00:29:19Z</time>
</trkpt>
<trkpt lat="37.5340947" lon="127.3005082">
<ele>45.122</ele>
<time>2026-08-29T00:29:20Z</time>
</trkpt>
<trkpt lat="37.5340626" lon="127.3004823">
<ele>45.177</ele>
<time>2026-08-29T00:29:21Z</time>
</trkpt>
<trkpt lat="37.5340306" lon="127.3004566">
<ele>45.174</ele>
<time>2026-08-29T00:29:22Z</time>
</trkpt>
<trkpt lat="37.5339986" lon="127.300431">
<ele>45.173</ele>
<time>2026-08-29T00:29:23Z</time>
</trkpt>
<trkpt lat="37.5339665" lon="127.3004055">
<ele>45.212</ele>
<time>2026-08-29T00:29:24Z</time>
</trkpt>
<trkpt lat="37.5339345" lon="127.30038">
<ele>45.18</ele>
<time>2026-08-29T00:29:25Z</time>
</trkpt>
<trkpt lat="37.5339025" lon="127.3003546">
<ele>45.122</ele>
<time>2026-08-29T00:29:26Z</time>
</trkpt>
<trkpt lat="37.5338705" lon="127.3003292">
<ele>45.122</ele>
<time>2026-08-29T00:29:27Z</time>
</trkpt>
<trkpt lat="37.5338384" lon="127.300304">
<ele>45.115</ele>
<time>2026-08-29T00:29:28Z</time>
</trkpt>
<trkpt lat="37.5338061" lon="127.3002788">
<ele>45.213</ele>
<time>2026-08-29T00:29:29Z</time>
</trkpt>
<trkpt lat="37.5337737" lon="127.3002536">
<ele>45.193</ele>
<time>2026-08-29T00:29:30Z</time>
</trkpt>
<trkpt lat="37.5337412" lon="127.3002283">
<ele>45.172</ele>
<time>2026-08-29T00:29:31Z</time>
</trkpt>
<trkpt lat="37.5337085" lon="127.3002031">
<ele>45.235</ele>
<time>2026-08-29T00:29:32Z</time>
</trkpt>
<trkpt lat="37.5336757" lon="127.3001779">
<ele>45.202</ele>
<time>2026-08-29T00:29:33Z</time>
</trkpt>
<trkpt lat="37.5336426" lon="127.3001525">
<ele>45.176</ele>
<time>2026-08-29T00:29:34Z</time>
</trkpt>
<trkpt lat="37.5336091" lon="127.300127">
<ele>45.198</ele>
<time>2026-08-29T00:29:35Z</time>
</trkpt>
<trkpt lat="37.5335754" lon="127.3001014">
<ele>45.18</ele>
<time>2026-08-29T00:29:36Z</time>
</trkpt>
<trkpt lat="37.5335413" lon="127.3000755">
<ele>45.073</ele>
<time>2026-08-29T00:29:37Z</time>
</trkpt>
<trkpt lat="37.5335069" lon="127.3000493">
<ele>45.098</ele>
<time>2026-08-29T00:29:38Z</time>
</trkpt>
<trkpt lat="37.5334722" lon="127.3000228">
<ele>45.048</ele>
<time>2026-08-29T00:29:39Z</time>
</trkpt>
<trkpt lat="37.5334372" lon="127.299996">
<ele>45.024</ele>
<time>2026-08-29T00:29:40Z</time>
</trkpt>
<trkpt lat="37.5334019" lon="127.299969">
<ele>44.871</ele>
<time>2026-08-29T00:29:41Z</time>
</trkpt>
<trkpt lat="37.5333662" lon="127.2999417">
<ele>44.677</ele>
<time>2026-08-29T00:29:42Z</time>
</trkpt>
<trkpt lat="37.5333303" lon="127.2999141">
<ele>44.68</ele>
<time>2026-08-29T00:29:43Z</time>
</trkpt>
<trkpt lat="37.5332941" lon="127.2998862">
<ele>44.828</ele>
<time>2026-08-29T00:29:44Z</time>
</trkpt>
<trkpt lat="37.5332577" lon="127.2998583">
<ele>45.006</ele>
<time>2026-08-29T00:29:45Z</time>
</trkpt>
<trkpt lat="37.5332212" lon="127.29983">
<ele>44.883</ele>
<time>2026-08-29T00:29:46Z</time>
</trkpt>
<trkpt lat="37.5331845" lon="127.2998016">
<ele>44.856</ele>
<time>2026-08-29T00:29:47Z</time>
</trkpt>
<trkpt lat="37.5331477" lon="127.2997732">
<ele>44.782</ele>
<time>2026-08-29T00:29:48Z</time>
</trkpt>
<trkpt lat="37.5331106" lon="127.2997445">
<ele>44.809</ele>
<time>2026-08-29T00:29:49Z</time>
</trkpt>
<trkpt lat="37.5330733" lon="127.2997155">
<ele>44.741</ele>
<time>2026-08-29T00:29:50Z</time>
</trkpt>
<trkpt lat="37.5330361" lon="127.2996864">
<ele>44.651</ele>
<time>2026-08-29T00:29:51Z</time>
</trkpt>
<trkpt lat="37.5329991" lon="127.2996574">
<ele>44.618</ele>
<time>2026-08-29T00:29:52Z</time>
</trkpt>
<trkpt lat="37.5329624" lon="127.2996286">
<ele>44.636</ele>
<time>2026-08-29T00:29:53Z</time>
</trkpt>
<trkpt lat="37.532926" lon="127.2996001">
<ele>44.589</ele>
<time>2026-08-29T00:29:54Z</time>
</trkpt>
<trkpt lat="37.5328897" lon="127.2995719">
<ele>44.495</ele>
<time>2026-08-29T00:29:55Z</time>
</trkpt>
<trkpt lat="37.5328535" lon="127.2995441">
<ele>44.417</ele>
<time>2026-08-29T00:29:56Z</time>
</trkpt>
<trkpt lat="37.5328173" lon="127.2995168">
<ele>44.367</ele>
<time>2026-08-29T00:29:57Z</time>
</trkpt>
<trkpt lat="37.5327812" lon="127.29949">
<ele>44.331</ele>
<time>2026-08-29T00:29:58Z</time>
</trkpt>
<trkpt lat="37.5327449" lon="127.2994637">
<ele>44.351</ele>
<time>2026-08-29T00:29:59Z</time>
</trkpt>
<trkpt lat="37.5327085" lon="127.299438">
<ele>44.273</ele>
<time>2026-08-29T00:30:00Z</time>
</trkpt>
<trkpt lat="37.5326719" lon="127.2994126">
<ele>44.239</ele>
<time>2026-08-29T00:30:01Z</time>
</trkpt>
<trkpt lat="37.5326348" lon="127.2993874">
<ele>44.232</ele>
<time>2026-08-29T00:30:02Z</time>
</trkpt>
<trkpt lat="37.5325971" lon="127.2993624">
<ele>44.219</ele>
<time>2026-08-29T00:30:03Z</time>
</trkpt>
<trkpt lat="37.5325589" lon="127.2993374">
<ele>44.162</ele>
<time>2026-08-29T00:30:04Z</time>
</trkpt>
<trkpt lat="37.5325201" lon="127.2993127">
<ele>44.054</ele>
<time>2026-08-29T00:30:05Z</time>
</trkpt>
<trkpt lat="37.5324808" lon="127.2992881">
<ele>44.045</ele>
<time>2026-08-29T00:30:06Z</time>
</trkpt>
<trkpt lat="37.5324413" lon="127.2992638">
<ele>43.875</ele>
<time>2026-08-29T00:30:07Z</time>
</trkpt>
<trkpt lat="37.5324017" lon="127.2992399">
<ele>43.704</ele>
<time>2026-08-29T00:30:08Z</time>
</trkpt>
<trkpt lat="37.5323622" lon="127.2992167">
<ele>43.418</ele>
<time>2026-08-29T00:30:09Z</time>
</trkpt>
<trkpt lat="37.5323229" lon="127.299194">
<ele>43.414</ele>
<time>2026-08-29T00:30:10Z</time>
</trkpt>
<trkpt lat="37.532284" lon="127.299172">
<ele>43.392</ele>
<time>2026-08-29T00:30:11Z</time>
</trkpt>
<trkpt lat="37.5322459" lon="127.2991506">
<ele>43.369</ele>
<time>2026-08-29T00:30:12Z</time>
</trkpt>
<trkpt lat="37.5322086" lon="127.2991298">
<ele>43.374</ele>
<time>2026-08-29T00:30:13Z</time>
</trkpt>
<trkpt lat="37.5321708" lon="127.299108">
<ele>43.394</ele>
<time>2026-08-29T00:30:14Z</time>
</trkpt>
<trkpt lat="37.5321331" lon="127.2990866">
<ele>43.546</ele>
<time>2026-08-29T00:30:15Z</time>
</trkpt>
<trkpt lat="37.5320943" lon="127.2990646">
<ele>43.462</ele>
<time>2026-08-29T00:30:16Z</time>
</trkpt>
<trkpt lat="37.5320559" lon="127.2990432">
<ele>43.567</ele>
<time>2026-08-29T00:30:17Z</time>
</trkpt>
<trkpt lat="37.5320183" lon="127.2990224">
<ele>43.498</ele>
<time>2026-08-29T00:30:18Z</time>
</trkpt>
<trkpt lat="37.5319818" lon="127.2990023">
<ele>43.512</ele>
<time>2026-08-29T00:30:19Z</time>
</trkpt>
<trkpt lat="37.5319464" lon="127.2989827">
<ele>43.441</ele>
<time>2026-08-29T00:30:20Z</time>
</trkpt>
<trkpt lat="37.5319117" lon="127.2989637">
<ele>43.495</ele>
<time>2026-08-29T00:30:21Z</time>
</trkpt>
<trkpt lat="37.5318768" lon="127.2989449">
<ele>43.462</ele>
<time>2026-08-29T00:30:22Z</time>
</trkpt>
<trkpt lat="37.5318414" lon="127.2989266">
<ele>43.445</ele>
<time>2026-08-29T00:30:23Z</time>
</trkpt>
<trkpt lat="37.5318053" lon="127.2989092">
<ele>43.395</ele>
<time>2026-08-29T00:30:24Z</time>
</trkpt>
<trkpt lat="37.5317684" lon="127.2988933">
<ele>43.349</ele>
<time>2026-08-29T00:30:25Z</time>
</trkpt>
<trkpt lat="37.5317308" lon="127.2988793">
<ele>43.29</ele>
<time>2026-08-29T00:30:26Z</time>
</trkpt>
<trkpt lat="37.5316926" lon="127.2988672">
<ele>43.205</ele>
<time>2026-08-29T00:30:27Z</time>
</trkpt>
<trkpt lat="37.5316541" lon="127.2988569">
<ele>43.147</ele>
<time>2026-08-29T00:30:28Z</time>
</trkpt>
<trkpt lat="37.5316153" lon="127.2988477">
<ele>43.16</ele>
<time>2026-08-29T00:30:29Z</time>
</trkpt>
<trkpt lat="37.5315763" lon="127.298839">
<ele>43.075</ele>
<time>2026-08-29T00:30:30Z</time>
</trkpt>
<trkpt lat="37.5315373" lon="127.2988304">
<ele>43.042</ele>
<time>2026-08-29T00:30:31Z</time>
</trkpt>
<trkpt lat="37.5314984" lon="127.2988218">
<ele>42.99</ele>
<time>2026-08-29T00:30:32Z</time>
</trkpt>
<trkpt lat="37.5314594" lon="127.2988132">
<ele>42.915</ele>
<time>2026-08-29T00:30:33Z</time>
</trkpt>
<trkpt lat="37.5314203" lon="127.2988051">
<ele>42.855</ele>
<time>2026-08-29T00:30:34Z</time>
</trkpt>
<trkpt lat="37.5313812" lon="127.298797">
<ele>42.775</ele>
<time>2026-08-29T00:30:35Z</time>
</trkpt>
<trkpt lat="37.5313416" lon="127.2987903">
<ele>42.754</ele>
<time>2026-08-29T00:30:36Z</time>
</trkpt>
<trkpt lat="37.5313017" lon="127.2987845">
<ele>42.788</ele>
<time>2026-08-29T00:30:37Z</time>
</trkpt>
<trkpt lat="37.5312616" lon="127.2987793">
<ele>42.783</ele>
<time>2026-08-29T00:30:38Z</time>
</trkpt>
<trkpt lat="37.5312215" lon="127.2987742">
<ele>42.7</ele>
<time>2026-08-29T00:30:39Z</time>
</trkpt>
<trkpt lat="37.5311817" lon="127.2987685">
<ele>42.617</ele>
<time>2026-08-29T00:30:40Z</time>
</trkpt>
<trkpt lat="37.531142" lon="127.2987627">
<ele>42.527</ele>
<time>2026-08-29T00:30:41Z</time>
</trkpt>
<trkpt lat="37.5311025" lon="127.2987565">
<ele>42.512</ele>
<time>2026-08-29T00:30:42Z</time>
</trkpt>
<trkpt lat="37.531063" lon="127.2987501">
<ele>42.537</ele>
<time>2026-08-29T00:30:43Z</time>
</trkpt>
<trkpt lat="37.5310236" lon="127.2987438">
<ele>42.42</ele>
<time>2026-08-29T00:30:44Z</time>
</trkpt>
<trkpt lat="37.530984" lon="127.2987378">
<ele>42.279</ele>
<time>2026-08-29T00:30:45Z</time>
</trkpt>
<trkpt lat="37.5309444" lon="127.2987318">
<ele>42.092</ele>
<time>2026-08-29T00:30:46Z</time>
</trkpt>
<trkpt lat="37.5309044" lon="127.2987267">
<ele>41.872</ele>
<time>2026-08-29T00:30:47Z</time>
</trkpt>
<trkpt lat="37.5308637" lon="127.2987226">
<ele>41.808</ele>
<time>2026-08-29T00:30:48Z</time>
</trkpt>
<trkpt lat="37.5308219" lon="127.2987197">
<ele>41.762</ele>
<time>2026-08-29T00:30:49Z</time>
</trkpt>
<trkpt lat="37.5307791" lon="127.298718">
<ele>41.665</ele>
<time>2026-08-29T00:30:50Z</time>
</trkpt>
<trkpt lat="37.5307353" lon="127.2987179">
<ele>41.652</ele>
<time>2026-08-29T00:30:51Z</time>
</trkpt>
<trkpt lat="37.5306913" lon="127.2987187">
<ele>41.668</ele>
<time>2026-08-29T00:30:52Z</time>
</trkpt>
<trkpt lat="37.5306473" lon="127.2987204">
<ele>41.682</ele>
<time>2026-08-29T00:30:53Z</time>
</trkpt>
<trkpt lat="37.5306034" lon="127.2987225">
<ele>41.663</ele>
<time>2026-08-29T00:30:54Z</time>
</trkpt>
<trkpt lat="37.5305595" lon="127.2987252">
<ele>41.696</ele>
<time>2026-08-29T00:30:55Z</time>
</trkpt>
<trkpt lat="37.5305154" lon="127.2987284">
<ele>41.603</ele>
<time>2026-08-29T00:30:56Z</time>
</trkpt>
<trkpt lat="37.5304708" lon="127.2987324">
<ele>41.344</ele>
<time>2026-08-29T00:30:57Z</time>
</trkpt>
<trkpt lat="37.5304251" lon="127.2987375">
<ele>41.113</ele>
<time>2026-08-29T00:30:58Z</time>
</trkpt>
<trkpt lat="37.5303781" lon="127.2987434">
<ele>41.047</ele>
<time>2026-08-29T00:30:59Z</time>
</trkpt>
<trkpt lat="37.5303308" lon="127.2987496">
<ele>41.161</ele>
<time>2026-08-29T00:31:00Z</time>
</trkpt>
<trkpt lat="37.5302825" lon="127.2987565">
<ele>41.32</ele>
<time>2026-08-29T00:31:01Z</time>
</trkpt>
<trkpt lat="37.5302336" lon="127.2987639">
<ele>41.408</ele>
<time>2026-08-29T00:31:02Z</time>
</trkpt>
<trkpt lat="37.5301842" lon="127.2987717">
<ele>41.205</ele>
<time>2026-08-29T00:31:03Z</time>
</trkpt>
<trkpt lat="37.5301347" lon="127.2987799">
<ele>41.049</ele>
<time>2026-08-29T00:31:04Z</time>
</trkpt>
<trkpt lat="37.5300855" lon="127.2987881">
<ele>40.854</ele>
<time>2026-08-29T00:31:05Z</time>
</trkpt>
<trkpt lat="37.5300369" lon="127.2987964">
<ele>40.795</ele>
<time>2026-08-29T00:31:06Z</time>
</trkpt>
<trkpt lat="37.5299887" lon="127.2988048">
<ele>40.753</ele>
<time>2026-08-29T00:31:07Z</time>
</trkpt>
<trkpt lat="37.5299406" lon="127.2988134">
<ele>40.784</ele>
<time>2026-08-29T00:31:08Z</time>
</trkpt>
<trkpt lat="37.5298925" lon="127.2988222">
<ele>40.738</ele>
<time>2026-08-29T00:31:09Z</time>
</trkpt>
<trkpt lat="37.529845" lon="127.2988309">
<ele>40.59</ele>
<time>2026-08-29T00:31:10Z</time>
</trkpt>
<trkpt lat="37.5297977" lon="127.2988392">
<ele>40.573</ele>
<time>2026-08-29T00:31:11Z</time>
</trkpt>
<trkpt lat="37.5297511" lon="127.2988474">
<ele>40.51</ele>
<time>2026-08-29T00:31:12Z</time>
</trkpt>
<trkpt lat="37.5297051" lon="127.2988554">
<ele>40.481</ele>
<time>2026-08-29T00:31:13Z</time>
</trkpt>
<trkpt lat="37.5296598" lon="127.2988633">
<ele>40.279</ele>
<time>2026-08-29T00:31:14Z</time>
</trkpt>
<trkpt lat="37.5296153" lon="127.2988711">
<ele>39.989</ele>
<time>2026-08-29T00:31:15Z</time>
</trkpt>
<trkpt lat="37.5295714" lon="127.2988786">
<ele>39.872</ele>
<time>2026-08-29T00:31:16Z</time>
</trkpt>
<trkpt lat="37.5295282" lon="127.2988861">
<ele>39.912</ele>
<time>2026-08-29T00:31:17Z</time>
</trkpt>
<trkpt lat="37.5294856" lon="127.2988936">
<ele>39.867</ele>
<time>2026-08-29T00:31:18Z</time>
</trkpt>
<trkpt lat="37.5294436" lon="127.2989011">
<ele>39.723</ele>
<time>2026-08-29T00:31:19Z</time>
</trkpt>
<trkpt lat="37.5294019" lon="127.2989087">
<ele>39.795</ele>
<time>2026-08-29T00:31:20Z</time>
</trkpt>
<trkpt lat="37.5293606" lon="127.2989164">
<ele>39.822</ele>
<time>2026-08-29T00:31:21Z</time>
</trkpt>
<trkpt lat="37.5293195" lon="127.2989242">
<ele>39.72</ele>
<time>2026-08-29T00:31:22Z</time>
</trkpt>
<trkpt lat="37.5292784" lon="127.2989321">
<ele>39.742</ele>
<time>2026-08-29T00:31:23Z</time>
</trkpt>
<trkpt lat="37.5292372" lon="127.2989401">
<ele>39.562</ele>
<time>2026-08-29T00:31:24Z</time>
</trkpt>
<trkpt lat="37.5291958" lon="127.2989483">
<ele>39.519</ele>
<time>2026-08-29T00:31:25Z</time>
</trkpt>
<trkpt lat="37.5291542" lon="127.2989566">
<ele>39.66</ele>
<time>2026-08-29T00:31:26Z</time>
</trkpt>
<trkpt lat="37.5291122" lon="127.298965">
<ele>39.695</ele>
<time>2026-08-29T00:31:27Z</time>
</trkpt>
<trkpt lat="37.5290696" lon="127.2989736">
<ele>39.887</ele>
<time>2026-08-29T00:31:28Z</time>
</trkpt>
<trkpt lat="37.5290263" lon="127.2989823">
<ele>39.814</ele>
<time>2026-08-29T00:31:29Z</time>
</trkpt>
<trkpt lat="37.5289822" lon="127.2989913">
<ele>39.803</ele>
<time>2026-08-29T00:31:30Z</time>
</trkpt>
<trkpt lat="37.5289372" lon="127.2990003">
<ele>39.821</ele>
<time>2026-08-29T00:31:31Z</time>
</trkpt>
<trkpt lat="37.5288913" lon="127.2990095">
<ele>39.898</ele>
<time>2026-08-29T00:31:32Z</time>
</trkpt>
<trkpt lat="37.5288447" lon="127.2990186">
<ele>39.765</ele>
<time>2026-08-29T00:31:33Z</time>
</trkpt>
<trkpt lat="37.5287975" lon="127.2990277">
<ele>39.64</ele>
<time>2026-08-29T00:31:34Z</time>
</trkpt>
<trkpt lat="37.5287498" lon="127.2990366">
<ele>39.684</ele>
<time>2026-08-29T00:31:35Z</time>
</trkpt>
<trkpt lat="37.5287017" lon="127.2990454">
<ele>39.669</ele>
<time>2026-08-29T00:31:36Z</time>
</trkpt>
<trkpt lat="37.5286535" lon="127.2990549">
<ele>39.755</ele>
<time>2026-08-29T00:31:37Z</time>
</trkpt>
<trkpt lat="37.5286044" lon="127.2990638">
<ele>39.72</ele>
<time>2026-08-29T00:31:38Z</time>
</trkpt>
<trkpt lat="37.5285549" lon="127.2990721">
<ele>39.688</ele>
<time>2026-08-29T00:31:39Z</time>
</trkpt>
<trkpt lat="37.5285054" lon="127.2990799">
<ele>39.677</ele>
<time>2026-08-29T00:31:40Z</time>
</trkpt>
<trkpt lat="37.5284561" lon="127.2990873">
<ele>39.753</ele>
<time>2026-08-29T00:31:41Z</time>
</trkpt>
<trkpt lat="37.5284069" lon="127.2990944">
<ele>39.711</ele>
<time>2026-08-29T00:31:42Z</time>
</trkpt>
<trkpt lat="37.5283578" lon="127.2991014">
<ele>39.669</ele>
<time>2026-08-29T00:31:43Z</time>
</trkpt>
<trkpt lat="37.5283086" lon="127.2991084">
<ele>39.588</ele>
<time>2026-08-29T00:31:44Z</time>
</trkpt>
<trkpt lat="37.5282595" lon="127.2991154">
<ele>39.425</ele>
<time>2026-08-29T00:31:45Z</time>
</trkpt>
<trkpt lat="37.5282105" lon="127.2991224">
<ele>39.462</ele>
<time>2026-08-29T00:31:46Z</time>
</trkpt>
<trkpt lat="37.5281616" lon="127.2991292">
<ele>39.554</ele>
<time>2026-08-29T00:31:47Z</time>
</trkpt>
<trkpt lat="37.528113" lon="127.2991358">
<ele>39.586</ele>
<time>2026-08-29T00:31:48Z</time>
</trkpt>
<trkpt lat="37.5280646" lon="127.299142">
<ele>39.626</ele>
<time>2026-08-29T00:31:49Z</time>
</trkpt>
<trkpt lat="37.5280165" lon="127.2991478">
<ele>39.565</ele>
<time>2026-08-29T00:31:50Z</time>
</trkpt>
<trkpt lat="37.5279686" lon="127.2991531">
<ele>39.734</ele>
<time>2026-08-29T00:31:51Z</time>
</trkpt>
<trkpt lat="37.5279207" lon="127.2991581">
<ele>39.699</ele>
<time>2026-08-29T00:31:52Z</time>
</trkpt>
<trkpt lat="37.5278726" lon="127.2991628">
<ele>39.602</ele>
<time>2026-08-29T00:31:53Z</time>
</trkpt>
<trkpt lat="37.5278242" lon="127.2991673">
<ele>39.662</ele>
<time>2026-08-29T00:31:54Z</time>
</trkpt>
<trkpt lat="37.5277754" lon="127.2991716">
<ele>39.761</ele>
<time>2026-08-29T00:31:55Z</time>
</trkpt>
<trkpt lat="37.5277262" lon="127.2991758">
<ele>39.794</ele>
<time>2026-08-29T00:31:56Z</time>
</trkpt>
<trkpt lat="37.5276764" lon="127.2991795">
<ele>39.831</ele>
<time>2026-08-29T00:31:57Z</time>
</trkpt>
<trkpt lat="37.5276267" lon="127.2991827">
<ele>39.867</ele>
<time>2026-08-29T00:31:58Z</time>
</trkpt>
<trkpt lat="37.5275776" lon="127.2991856">
<ele>39.893</ele>
<time>2026-08-29T00:31:59Z</time>
</trkpt>
<trkpt lat="37.5275285" lon="127.2991888">
<ele>39.704</ele>
<time>2026-08-29T00:32:00Z</time>
</trkpt>
<trkpt lat="37.5274796" lon="127.2991919">
<ele>39.556</ele>
<time>2026-08-29T00:32:01Z</time>
</trkpt>
<trkpt lat="37.5274302" lon="127.2991949">
<ele>39.782</ele>
<time>2026-08-29T00:32:02Z</time>
</trkpt>
<trkpt lat="37.5273811" lon="127.2991975">
<ele>39.757</ele>
<time>2026-08-29T00:32:03Z</time>
</trkpt>
<trkpt lat="37.5273329" lon="127.2992">
<ele>39.701</ele>
<time>2026-08-29T00:32:04Z</time>
</trkpt>
<trkpt lat="37.5272856" lon="127.2992028">
<ele>39.627</ele>
<time>2026-08-29T00:32:05Z</time>
</trkpt>
<trkpt lat="37.5272383" lon="127.2992058">
<ele>39.578</ele>
<time>2026-08-29T00:32:06Z</time>
</trkpt>
<trkpt lat="37.5271909" lon="127.2992089">
<ele>39.546</ele>
<time>2026-08-29T00:32:07Z</time>
</trkpt>
<trkpt lat="37.5271432" lon="127.2992118">
<ele>39.676</ele>
<time>2026-08-29T00:32:08Z</time>
</trkpt>
<trkpt lat="37.527095" lon="127.2992141">
<ele>39.558</ele>
<time>2026-08-29T00:32:09Z</time>
</trkpt>
<trkpt lat="37.5270467" lon="127.2992155">
<ele>39.564</ele>
<time>2026-08-29T00:32:10Z</time>
</trkpt>
<trkpt lat="37.5269986" lon="127.2992155">
<ele>39.45</ele>
<time>2026-08-29T00:32:11Z</time>
</trkpt>
<trkpt lat="37.5269509" lon="127.2992139">
<ele>39.577</ele>
<time>2026-08-29T00:32:12Z</time>
</trkpt>
<trkpt lat="37.5269034" lon="127.2992118">
<ele>39.61</ele>
<time>2026-08-29T00:32:13Z</time>
</trkpt>
<trkpt lat="37.526857" lon="127.2992076">
<ele>39.577</ele>
<time>2026-08-29T00:32:14Z</time>
</trkpt>
<trkpt lat="37.5268119" lon="127.2992018">
<ele>39.604</ele>
<time>2026-08-29T00:32:15Z</time>
</trkpt>
<trkpt lat="37.5267681" lon="127.299195">
<ele>39.678</ele>
<time>2026-08-29T00:32:16Z</time>
</trkpt>
<trkpt lat="37.526725" lon="127.2991876">
<ele>39.914</ele>
<time>2026-08-29T00:32:17Z</time>
</trkpt>
<trkpt lat="37.5266822" lon="127.2991793">
<ele>39.875</ele>
<time>2026-08-29T00:32:18Z</time>
</trkpt>
<trkpt lat="37.5266394" lon="127.2991704">
<ele>39.878</ele>
<time>2026-08-29T00:32:19Z</time>
</trkpt>
<trkpt lat="37.5265961" lon="127.2991607">
<ele>39.715</ele>
<time>2026-08-29T00:32:20Z</time>
</trkpt>
<trkpt lat="37.5265523" lon="127.2991502">
<ele>39.625</ele>
<time>2026-08-29T00:32:21Z</time>
</trkpt>
<trkpt lat="37.5265079" lon="127.2991388">
<ele>39.657</ele>
<time>2026-08-29T00:32:22Z</time>
</trkpt>
<trkpt lat="37.5264635" lon="127.2991267">
<ele>39.865</ele>
<time>2026-08-29T00:32:23Z</time>
</trkpt>
<trkpt lat="37.5264197" lon="127.2991141">
<ele>40.041</ele>
<time>2026-08-29T00:32:24Z</time>
</trkpt>
<trkpt lat="37.5263762" lon="127.2991014">
<ele>39.994</ele>
<time>2026-08-29T00:32:25Z</time>
</trkpt>
<trkpt lat="37.5263336" lon="127.2990884">
<ele>39.942</ele>
<time>2026-08-29T00:32:26Z</time>
</trkpt>
<trkpt lat="37.5262911" lon="127.2990753">
<ele>39.977</ele>
<time>2026-08-29T00:32:27Z</time>
</trkpt>
<trkpt lat="37.5262499" lon="127.2990621">
<ele>40.081</ele>
<time>2026-08-29T00:32:28Z</time>
</trkpt>
<trkpt lat="37.52621" lon="127.2990489">
<ele>40.249</ele>
<time>2026-08-29T00:32:29Z</time>
</trkpt>
<trkpt lat="37.5261711" lon="127.2990356">
<ele>40.346</ele>
<time>2026-08-29T00:32:30Z</time>
</trkpt>
<trkpt lat="37.5261327" lon="127.2990219">
<ele>40.369</ele>
<time>2026-08-29T00:32:31Z</time>
</trkpt>
<trkpt lat="37.5260943" lon="127.2990074">
<ele>40.271</ele>
<time>2026-08-29T00:32:32Z</time>
</trkpt>
<trkpt lat="37.5260558" lon="127.2989919">
<ele>40.469</ele>
<time>2026-08-29T00:32:33Z</time>
</trkpt>
<trkpt lat="37.5260172" lon="127.2989759">
<ele>40.487</ele>
<time>2026-08-29T00:32:34Z</time>
</trkpt>
<trkpt lat="37.5259786" lon="127.2989592">
<ele>40.809</ele>
<time>2026-08-29T00:32:35Z</time>
</trkpt>
<trkpt lat="37.52594" lon="127.2989419">
<ele>40.861</ele>
<time>2026-08-29T00:32:36Z</time>
</trkpt>
<trkpt lat="37.5259014" lon="127.2989237">
<ele>40.782</ele>
<time>2026-08-29T00:32:37Z</time>
</trkpt>
<trkpt lat="37.5258628" lon="127.2989054">
<ele>40.696</ele>
<time>2026-08-29T00:32:38Z</time>
</trkpt>
<trkpt lat="37.5258242" lon="127.2988868">
<ele>40.817</ele>
<time>2026-08-29T00:32:39Z</time>
</trkpt>
<trkpt lat="37.5257857" lon="127.2988674">
<ele>40.887</ele>
<time>2026-08-29T00:32:40Z</time>
</trkpt>
<trkpt lat="37.5257473" lon="127.2988472">
<ele>40.887</ele>
<time>2026-08-29T00:32:41Z</time>
</trkpt>
<trkpt lat="37.5257092" lon="127.2988263">
<ele>40.965</ele>
<time>2026-08-29T00:32:42Z</time>
</trkpt>
<trkpt lat="37.5256715" lon="127.2988047">
<ele>41.012</ele>
<time>2026-08-29T00:32:43Z</time>
</trkpt>
<trkpt lat="37.5256342" lon="127.2987824">
<ele>41.097</ele>
<time>2026-08-29T00:32:44Z</time>
</trkpt>
<trkpt lat="37.5255972" lon="127.2987597">
<ele>41.132</ele>
<time>2026-08-29T00:32:45Z</time>
</trkpt>
<trkpt lat="37.5255606" lon="127.2987364">
<ele>41.216</ele>
<time>2026-08-29T00:32:46Z</time>
</trkpt>
<trkpt lat="37.5255243" lon="127.298712">
<ele>41.249</ele>
<time>2026-08-29T00:32:47Z</time>
</trkpt>
<trkpt lat="37.5254883" lon="127.2986864">
<ele>41.358</ele>
<time>2026-08-29T00:32:48Z</time>
</trkpt>
<trkpt lat="37.5254523" lon="127.2986596">
<ele>41.449</ele>
<time>2026-08-29T00:32:49Z</time>
</trkpt>
<trkpt lat="37.5254163" lon="127.2986319">
<ele>41.441</ele>
<time>2026-08-29T00:32:50Z</time>
</trkpt>
<trkpt lat="37.5253801" lon="127.2986035">
<ele>41.529</ele>
<time>2026-08-29T00:32:51Z</time>
</trkpt>
<trkpt lat="37.5253439" lon="127.2985749">
<ele>41.636</ele>
<time>2026-08-29T00:32:52Z</time>
</trkpt>
<trkpt lat="37.5253076" lon="127.2985457">
<ele>41.775</ele>
<time>2026-08-29T00:32:53Z</time>
</trkpt>
<trkpt lat="37.5252713" lon="127.298516">
<ele>41.809</ele>
<time>2026-08-29T00:32:54Z</time>
</trkpt>
<trkpt lat="37.5252352" lon="127.2984858">
<ele>41.854</ele>
<time>2026-08-29T00:32:55Z</time>
</trkpt>
<trkpt lat="37.525199" lon="127.2984554">
<ele>41.9</ele>
<time>2026-08-29T00:32:56Z</time>
</trkpt>
<trkpt lat="37.5251631" lon="127.2984244">
<ele>41.961</ele>
<time>2026-08-29T00:32:57Z</time>
</trkpt>
<trkpt lat="37.5251275" lon="127.2983929">
<ele>41.921</ele>
<time>2026-08-29T00:32:58Z</time>
</trkpt>
<trkpt lat="37.5250921" lon="127.2983607">
<ele>41.847</ele>
<time>2026-08-29T00:32:59Z</time>
</trkpt>
<trkpt lat="37.5250569" lon="127.2983281">
<ele>41.884</ele>
<time>2026-08-29T00:33:00Z</time>
</trkpt>
<trkpt lat="37.5250221" lon="127.2982951">
<ele>41.858</ele>
<time>2026-08-29T00:33:01Z</time>
</trkpt>
<trkpt lat="37.5249876" lon="127.2982615">
<ele>41.899</ele>
<time>2026-08-29T00:33:02Z</time>
</trkpt>
<trkpt lat="37.5249537" lon="127.2982273">
<ele>42.067</ele>
<time>2026-08-29T00:33:03Z</time>
</trkpt>
<trkpt lat="37.5249199" lon="127.2981929">
<ele>42.054</ele>
<time>2026-08-29T00:33:04Z</time>
</trkpt>
<trkpt lat="37.5248865" lon="127.2981578">
<ele>42.231</ele>
<time>2026-08-29T00:33:05Z</time>
</trkpt>
<trkpt lat="37.5248536" lon="127.2981222">
<ele>42.359</ele>
<time>2026-08-29T00:33:06Z</time>
</trkpt>
<trkpt lat="37.5248212" lon="127.2980861">
<ele>42.449</ele>
<time>2026-08-29T00:33:07Z</time>
</trkpt>
<trkpt lat="37.5247893" lon="127.2980496">
<ele>42.5</ele>
<time>2026-08-29T00:33:08Z</time>
</trkpt>
<trkpt lat="37.5247579" lon="127.2980128">
<ele>43.007</ele>
<time>2026-08-29T00:33:09Z</time>
</trkpt>
<trkpt lat="37.5247271" lon="127.297976">
<ele>42.932</ele>
<time>2026-08-29T00:33:10Z</time>
</trkpt>
<trkpt lat="37.5246968" lon="127.2979393">
<ele>42.615</ele>
<time>2026-08-29T00:33:11Z</time>
</trkpt>
<trkpt lat="37.524667" lon="127.2979028">
<ele>42.549</ele>
<time>2026-08-29T00:33:12Z</time>
</trkpt>
<trkpt lat="37.5246379" lon="127.2978666">
<ele>42.351</ele>
<time>2026-08-29T00:33:13Z</time>
</trkpt>
<trkpt lat="37.5246094" lon="127.2978309">
<ele>42.342</ele>
<time>2026-08-29T00:33:14Z</time>
</trkpt>
<trkpt lat="37.5245814" lon="127.2977956">
<ele>42.484</ele>
<time>2026-08-29T00:33:15Z</time>
</trkpt>
<trkpt lat="37.5245543" lon="127.2977611">
<ele>42.532</ele>
<time>2026-08-29T00:33:16Z</time>
</trkpt>
<trkpt lat="37.5245273" lon="127.2977268">
<ele>42.625</ele>
<time>2026-08-29T00:33:17Z</time>
</trkpt>
<trkpt lat="37.5245002" lon="127.2976924">
<ele>42.625</ele>
<time>2026-08-29T00:33:18Z</time>
</trkpt>
<trkpt lat="37.5244729" lon="127.2976581">
<ele>42.566</ele>
<time>2026-08-29T00:33:19Z</time>
</trkpt>
<trkpt lat="37.5244454" lon="127.2976236">
<ele>42.594</ele>
<time>2026-08-29T00:33:20Z</time>
</trkpt>
<trkpt lat="37.524418" lon="127.297589">
<ele>42.633</ele>
<time>2026-08-29T00:33:21Z</time>
</trkpt>
<trkpt lat="37.5243907" lon="127.2975545">
<ele>42.675</ele>
<time>2026-08-29T00:33:22Z</time>
</trkpt>
<trkpt lat="37.5243634" lon="127.2975199">
<ele>42.619</ele>
<time>2026-08-29T00:33:23Z</time>
</trkpt>
<trkpt lat="37.5243362" lon="127.2974854">
<ele>42.698</ele>
<time>2026-08-29T00:33:24Z</time>
</trkpt>
<trkpt lat="37.5243089" lon="127.2974508">
<ele>42.751</ele>
<time>2026-08-29T00:33:25Z</time>
</trkpt>
<trkpt lat="37.5242817" lon="127.2974162">
<ele>42.864</ele>
<time>2026-08-29T00:33:26Z</time>
</trkpt>
<trkpt lat="37.5242545" lon="127.2973816">
<ele>42.86</ele>
<time>2026-08-29T00:33:27Z</time>
</trkpt>
<trkpt lat="37.5242273" lon="127.297347">
<ele>42.806</ele>
<time>2026-08-29T00:33:28Z</time>
</trkpt>
<trkpt lat="37.5242003" lon="127.2973123">
<ele>42.836</ele>
<time>2026-08-29T00:33:29Z</time>
</trkpt>
<trkpt lat="37.5241734" lon="127.2972778">
<ele>42.815</ele>
<time>2026-08-29T00:33:30Z</time>
</trkpt>
<trkpt lat="37.5241467" lon="127.2972434">
<ele>42.851</ele>
<time>2026-08-29T00:33:31Z</time>
</trkpt>
<trkpt lat="37.52412" lon="127.2972092">
<ele>42.805</ele>
<time>2026-08-29T00:33:32Z</time>
</trkpt>
<trkpt lat="37.5240936" lon="127.2971751">
<ele>42.838</ele>
<time>2026-08-29T00:33:33Z</time>
</trkpt>
<trkpt lat="37.5240674" lon="127.2971411">
<ele>42.813</ele>
<time>2026-08-29T00:33:34Z</time>
</trkpt>
<trkpt lat="37.5240414" lon="127.2971073">
<ele>42.818</ele>
<time>2026-08-29T00:33:35Z</time>
</trkpt>
<trkpt lat="37.5240158" lon="127.2970736">
<ele>42.749</ele>
<time>2026-08-29T00:33:36Z</time>
</trkpt>
<trkpt lat="37.5239904" lon="127.2970402">
<ele>42.827</ele>
<time>2026-08-29T00:33:37Z</time>
</trkpt>
<trkpt lat="37.5239652" lon="127.297007">
<ele>42.848</ele>
<time>2026-08-29T00:33:38Z</time>
</trkpt>
<trkpt lat="37.5239402" lon="127.296974">
<ele>42.873</ele>
<time>2026-08-29T00:33:39Z</time>
</trkpt>
<trkpt lat="37.5239156" lon="127.2969414">
<ele>42.847</ele>
<time>2026-08-29T00:33:40Z</time>
</trkpt>
<trkpt lat="37.5238913" lon="127.2969093">
<ele>42.819</ele>
<time>2026-08-29T00:33:41Z</time>
</trkpt>
<trkpt lat="37.5238674" lon="127.2968777">
<ele>42.779</ele>
<time>2026-08-29T00:33:42Z</time>
</trkpt>
<trkpt lat="37.523844" lon="127.2968467">
<ele>42.841</ele>
<time>2026-08-29T00:33:43Z</time>
</trkpt>
<trkpt lat="37.5238208" lon="127.296816">
<ele>42.799</ele>
<time>2026-08-29T00:33:44Z</time>
</trkpt>
<trkpt lat="37.523798" lon="127.2967859">
<ele>42.815</ele>
<time>2026-08-29T00:33:45Z</time>
</trkpt>
<trkpt lat="37.5237755" lon="127.2967562">
<ele>42.758</ele>
<time>2026-08-29T00:33:46Z</time>
</trkpt>
<trkpt lat="37.5237535" lon="127.296727">
<ele>42.673</ele>
<time>2026-08-29T00:33:47Z</time>
</trkpt>
<trkpt lat="37.5237318" lon="127.2966983">
<ele>42.619</ele>
<time>2026-08-29T00:33:48Z</time>
</trkpt>
<trkpt lat="37.5237106" lon="127.2966701">
<ele>42.59</ele>
<time>2026-08-29T00:33:49Z</time>
</trkpt>
<trkpt lat="37.5236898" lon="127.2966425">
<ele>42.57</ele>
<time>2026-08-29T00:33:50Z</time>
</trkpt>
<trkpt lat="37.5236696" lon="127.2966156">
<ele>42.628</ele>
<time>2026-08-29T00:33:51Z</time>
</trkpt>
<trkpt lat="37.52365" lon="127.2965894">
<ele>42.875</ele>
<time>2026-08-29T00:33:52Z</time>
</trkpt>
<trkpt lat="37.5236311" lon="127.2965642">
<ele>42.597</ele>
<time>2026-08-29T00:33:53Z</time>
</trkpt>
<trkpt lat="37.5236133" lon="127.2965404">
<ele>42.48</ele>
<time>2026-08-29T00:33:54Z</time>
</trkpt>
<trkpt lat="37.5235965" lon="127.296518">
<ele>42.48</ele>
<time>2026-08-29T00:33:55Z</time>
</trkpt>
<trkpt lat="37.523581" lon="127.2964969">
<ele>42.471</ele>
<time>2026-08-29T00:33:56Z</time>
</trkpt>
<trkpt lat="37.5235651" lon="127.2964756">
<ele>42.456</ele>
<time>2026-08-29T00:33:57Z</time>
</trkpt>
<trkpt lat="37.5235497" lon="127.296455">
<ele>42.439</ele>
<time>2026-08-29T00:33:58Z</time>
</trkpt>
<trkpt lat="37.5235348" lon="127.2964349">
<ele>42.413</ele>
<time>2026-08-29T00:33:59Z</time>
</trkpt>
<trkpt lat="37.5235203" lon="127.2964153">
<ele>42.408</ele>
<time>2026-08-29T00:34:00Z</time>
</trkpt>
<trkpt lat="37.5235059" lon="127.296396">
<ele>42.413</ele>
<time>2026-08-29T00:34:01Z</time>
</trkpt>
<trkpt lat="37.5234916" lon="127.2963769">
<ele>42.499</ele>
<time>2026-08-29T00:34:02Z</time>
</trkpt>
<trkpt lat="37.5234773" lon="127.2963579">
<ele>42.585</ele>
<time>2026-08-29T00:34:03Z</time>
</trkpt>
<trkpt lat="37.5234629" lon="127.2963388">
<ele>42.572</ele>
<time>2026-08-29T00:34:04Z</time>
</trkpt>
<trkpt lat="37.5234484" lon="127.2963197">
<ele>42.478</ele>
<time>2026-08-29T00:34:05Z</time>
</trkpt>
<trkpt lat="37.5234337" lon="127.2963005">
<ele>42.266</ele>
<time>2026-08-29T00:46:43Z</time>
</trkpt>
<trkpt lat="37.5234186" lon="127.2962808">
<ele>42.281</ele>
<time>2026-08-29T00:46:44Z</time>
</trkpt>
<trkpt lat="37.523403" lon="127.2962606">
<ele>42.271</ele>
<time>2026-08-29T00:46:45Z</time>
</trkpt>
<trkpt lat="37.5233867" lon="127.2962398">
<ele>42.212</ele>
<time>2026-08-29T00:46:46Z</time>
</trkpt>
<trkpt lat="37.5233698" lon="127.2962181">
<ele>42.148</ele>
<time>2026-08-29T00:46:47Z</time>
</trkpt>
<trkpt lat="37.523352" lon="127.2961955">
<ele>42.044</ele>
<time>2026-08-29T00:46:48Z</time>
</trkpt>
<trkpt lat="37.5233337" lon="127.2961722">
<ele>42.138</ele>
<time>2026-08-29T00:46:49Z</time>
</trkpt>
<trkpt lat="37.5233147" lon="127.2961482">
<ele>42.162</ele>
<time>2026-08-29T00:46:50Z</time>
</trkpt>
<trkpt lat="37.5232947" lon="127.2961229">
<ele>42.028</ele>
<time>2026-08-29T00:46:51Z</time>
</trkpt>
<trkpt lat="37.5232737" lon="127.2960963">
<ele>41.958</ele>
<time>2026-08-29T00:46:52Z</time>
</trkpt>
<trkpt lat="37.5232518" lon="127.2960687">
<ele>41.804</ele>
<time>2026-08-29T00:46:53Z</time>
</trkpt>
<trkpt lat="37.5232288" lon="127.29604">
<ele>41.795</ele>
<time>2026-08-29T00:46:54Z</time>
</trkpt>
<trkpt lat="37.5232061" lon="127.2960113">
<ele>41.775</ele>
<time>2026-08-29T00:46:55Z</time>
</trkpt>
<trkpt lat="37.5231824" lon="127.2959814">
<ele>41.708</ele>
<time>2026-08-29T00:46:56Z</time>
</trkpt>
<trkpt lat="37.5231578" lon="127.2959502">
<ele>41.768</ele>
<time>2026-08-29T00:46:57Z</time>
</trkpt>
<trkpt lat="37.5231323" lon="127.2959177">
<ele>41.732</ele>
<time>2026-08-29T00:46:58Z</time>
</trkpt>
<trkpt lat="37.5231058" lon="127.2958839">
<ele>41.698</ele>
<time>2026-08-29T00:46:59Z</time>
</trkpt>
<trkpt lat="37.5230784" lon="127.2958487">
<ele>41.681</ele>
<time>2026-08-29T00:47:00Z</time>
</trkpt>
<trkpt lat="37.5230501" lon="127.2958122">
<ele>41.672</ele>
<time>2026-08-29T00:47:01Z</time>
</trkpt>
<trkpt lat="37.523021" lon="127.2957746">
<ele>41.665</ele>
<time>2026-08-29T00:47:02Z</time>
</trkpt>
<trkpt lat="37.522991" lon="127.2957352">
<ele>41.713</ele>
<time>2026-08-29T00:47:03Z</time>
</trkpt>
<trkpt lat="37.5229601" lon="127.2956945">
<ele>41.57</ele>
<time>2026-08-29T00:47:04Z</time>
</trkpt>
<trkpt lat="37.5229282" lon="127.2956529">
<ele>41.507</ele>
<time>2026-08-29T00:47:05Z</time>
</trkpt>
<trkpt lat="37.5228957" lon="127.2956103">
<ele>41.411</ele>
<time>2026-08-29T00:47:06Z</time>
</trkpt>
<trkpt lat="37.5228625" lon="127.2955668">
<ele>41.322</ele>
<time>2026-08-29T00:47:07Z</time>
</trkpt>
<trkpt lat="37.5228289" lon="127.2955225">
<ele>41.205</ele>
<time>2026-08-29T00:47:08Z</time>
</trkpt>
<trkpt lat="37.5227957" lon="127.2954786">
<ele>41.153</ele>
<time>2026-08-29T00:47:09Z</time>
</trkpt>
<trkpt lat="37.5227614" lon="127.2954326">
<ele>41.025</ele>
<time>2026-08-29T00:47:10Z</time>
</trkpt>
<trkpt lat="37.5227266" lon="127.2953853">
<ele>40.853</ele>
<time>2026-08-29T00:47:11Z</time>
</trkpt>
<trkpt lat="37.5226915" lon="127.2953375">
<ele>40.347</ele>
<time>2026-08-29T00:47:12Z</time>
</trkpt>
<trkpt lat="37.5226558" lon="127.2952895">
<ele>39.984</ele>
<time>2026-08-29T00:47:13Z</time>
</trkpt>
<trkpt lat="37.5226195" lon="127.2952419">
<ele>39.803</ele>
<time>2026-08-29T00:47:14Z</time>
</trkpt>
<trkpt lat="37.5225833" lon="127.2951943">
<ele>39.624</ele>
<time>2026-08-29T00:47:15Z</time>
</trkpt>
<trkpt lat="37.5225474" lon="127.2951467">
<ele>40.186</ele>
<time>2026-08-29T00:47:16Z</time>
</trkpt>
<trkpt lat="37.5225121" lon="127.2950986">
<ele>40.392</ele>
<time>2026-08-29T00:47:17Z</time>
</trkpt>
<trkpt lat="37.5224776" lon="127.2950495">
<ele>40.369</ele>
<time>2026-08-29T00:47:18Z</time>
</trkpt>
<trkpt lat="37.522444" lon="127.294999">
<ele>40.475</ele>
<time>2026-08-29T00:47:19Z</time>
</trkpt>
<trkpt lat="37.5224112" lon="127.2949467">
<ele>40.44</ele>
<time>2026-08-29T00:47:20Z</time>
</trkpt>
<trkpt lat="37.5223793" lon="127.2948925">
<ele>40.437</ele>
<time>2026-08-29T00:47:21Z</time>
</trkpt>
<trkpt lat="37.5223485" lon="127.2948361">
<ele>40.548</ele>
<time>2026-08-29T00:47:22Z</time>
</trkpt>
<trkpt lat="37.5223189" lon="127.2947777">
<ele>40.632</ele>
<time>2026-08-29T00:47:23Z</time>
</trkpt>
<trkpt lat="37.5222907" lon="127.294717">
<ele>40.742</ele>
<time>2026-08-29T00:47:24Z</time>
</trkpt>
<trkpt lat="37.5222629" lon="127.2946557">
<ele>40.788</ele>
<time>2026-08-29T00:47:25Z</time>
</trkpt>
<trkpt lat="37.522237" lon="127.2945919">
<ele>40.617</ele>
<time>2026-08-29T00:47:26Z</time>
</trkpt>
<trkpt lat="37.5222132" lon="127.2945259">
<ele>40.661</ele>
<time>2026-08-29T00:47:27Z</time>
</trkpt>
<trkpt lat="37.5221913" lon="127.2944579">
<ele>40.819</ele>
<time>2026-08-29T00:47:28Z</time>
</trkpt>
<trkpt lat="37.5221703" lon="127.2943874">
<ele>40.766</ele>
<time>2026-08-29T00:47:29Z</time>
</trkpt>
<trkpt lat="37.5221483" lon="127.2943156">
<ele>40.42</ele>
<time>2026-08-29T00:47:30Z</time>
</trkpt>
<trkpt lat="37.5221251" lon="127.2942433">
<ele>40.325</ele>
<time>2026-08-29T00:47:31Z</time>
</trkpt>
<trkpt lat="37.5221012" lon="127.2941708">
<ele>40.462</ele>
<time>2026-08-29T00:47:32Z</time>
</trkpt>
<trkpt lat="37.5220767" lon="127.2940975">
<ele>40.588</ele>
<time>2026-08-29T00:47:33Z</time>
</trkpt>
<trkpt lat="37.5220517" lon="127.2940238">
<ele>41.257</ele>
<time>2026-08-29T00:47:34Z</time>
</trkpt>
<trkpt lat="37.5220265" lon="127.2939488">
<ele>41.375</ele>
<time>2026-08-29T00:47:35Z</time>
</trkpt>
<trkpt lat="37.5220019" lon="127.2938717">
<ele>41.002</ele>
<time>2026-08-29T00:47:36Z</time>
</trkpt>
<trkpt lat="37.5219791" lon="127.2937923">
<ele>40.531</ele>
<time>2026-08-29T00:47:37Z</time>
</trkpt>
<trkpt lat="37.5219585" lon="127.2937127">
<ele>40.389</ele>
<time>2026-08-29T00:47:38Z</time>
</trkpt>
<trkpt lat="37.5219404" lon="127.293634">
<ele>40.257</ele>
<time>2026-08-29T00:47:39Z</time>
</trkpt>
<trkpt lat="37.5219239" lon="127.2935563">
<ele>40.063</ele>
<time>2026-08-29T00:47:40Z</time>
</trkpt>
<trkpt lat="37.5219082" lon="127.2934792">
<ele>40.119</ele>
<time>2026-08-29T00:47:41Z</time>
</trkpt>
<trkpt lat="37.521893" lon="127.293403">
<ele>40.198</ele>
<time>2026-08-29T00:47:42Z</time>
</trkpt>
<trkpt lat="37.5218787" lon="127.2933297">
<ele>39.985</ele>
<time>2026-08-29T00:47:43Z</time>
</trkpt>
<trkpt lat="37.5218663" lon="127.293263">
<ele>39.842</ele>
<time>2026-08-29T00:47:44Z</time>
</trkpt>
<trkpt lat="37.5218567" lon="127.293207">
<ele>39.723</ele>
<time>2026-08-29T00:47:45Z</time>
</trkpt>
<trkpt lat="37.52185" lon="127.2931612">
<ele>39.618</ele>
<time>2026-08-29T00:47:46Z</time>
</trkpt>
<trkpt lat="37.521845" lon="127.2931191">
<ele>39.415</ele>
<time>2026-08-29T00:47:47Z</time>
</trkpt>
<trkpt lat="37.5218403" lon="127.2930725">
<ele>39.242</ele>
<time>2026-08-29T00:47:48Z</time>
</trkpt>
<trkpt lat="37.521835" lon="127.2930174">
<ele>39.072</ele>
<time>2026-08-29T00:47:49Z</time>
</trkpt>
<trkpt lat="37.5218295" lon="127.2929548">
<ele>39.158</ele>
<time>2026-08-29T00:47:50Z</time>
</trkpt>
<trkpt lat="37.5218247" lon="127.2928867">
<ele>39.055</ele>
<time>2026-08-29T00:47:51Z</time>
</trkpt>
<trkpt lat="37.5218211" lon="127.2928139">
<ele>38.641</ele>
<time>2026-08-29T00:47:52Z</time>
</trkpt>
<trkpt lat="37.5218184" lon="127.2927412">
<ele>38.381</ele>
<time>2026-08-29T00:47:53Z</time>
</trkpt>
<trkpt lat="37.5218165" lon="127.2926765">
<ele>38.596</ele>
<time>2026-08-29T00:47:54Z</time>
</trkpt>
<trkpt lat="37.5218152" lon="127.2926256">
<ele>38.533</ele>
<time>2026-08-29T00:47:55Z</time>
</trkpt>
<trkpt lat="37.5218147" lon="127.2925889">
<ele>38.254</ele>
<time>2026-08-29T00:47:56Z</time>
</trkpt>
<trkpt lat="37.5218143" lon="127.2925549">
<ele>38.385</ele>
<time>2026-08-29T00:47:57Z</time>
</trkpt>
<trkpt lat="37.5218146" lon="127.2925294">
<ele>38.791</ele>
<time>2026-08-29T00:47:58Z</time>
</trkpt>
<trkpt lat="37.521815" lon="127.2925078">
<ele>38.952</ele>
<time>2026-08-29T00:47:59Z</time>
</trkpt>
<trkpt lat="37.521816" lon="127.2924929">
<ele>38.802</ele>
<time>2026-08-29T00:48:00Z</time>
</trkpt>
<trkpt lat="37.5218175" lon="127.2924792">
<ele>38.528</ele>
<time>2026-08-29T00:48:01Z</time>
</trkpt>
<trkpt lat="37.5218194" lon="127.2924646">
<ele>38.183</ele>
<time>2026-08-29T00:48:02Z</time>
</trkpt>
<trkpt lat="37.5218218" lon="127.2924493">
<ele>38.274</ele>
<time>2026-08-29T00:48:03Z</time>
</trkpt>
<trkpt lat="37.5218242" lon="127.2924356">
<ele>38.475</ele>
<time>2026-08-29T00:48:04Z</time>
</trkpt>
<trkpt lat="37.5218265" lon="127.2924246">
<ele>38.533</ele>
<time>2026-08-29T00:48:05Z</time>
</trkpt>
<trkpt lat="37.5218296" lon="127.2924139">
<ele>37.621</ele>
<time>2026-08-29T00:48:06Z</time>
</trkpt>
<trkpt lat="37.5218348" lon="127.2923967">
<ele>37.224</ele>
<time>2026-08-29T00:48:07Z</time>
</trkpt>
<trkpt lat="37.5218433" lon="127.2923635">
<ele>37.002</ele>
<time>2026-08-29T00:48:08Z</time>
</trkpt>
<trkpt lat="37.5218552" lon="127.2923054">
<ele>37.008</ele>
<time>2026-08-29T00:48:09Z</time>
</trkpt>
<trkpt lat="37.5218691" lon="127.2922181">
<ele>36.974</ele>
<time>2026-08-29T00:48:10Z</time>
</trkpt>
<trkpt lat="37.5218826" lon="127.2921008">
<ele>37.393</ele>
<time>2026-08-29T00:48:11Z</time>
</trkpt>
<trkpt lat="37.5218944" lon="127.2919545">
<ele>38.104</ele>
<time>2026-08-29T00:48:12Z</time>
</trkpt>
<trkpt lat="37.5219047" lon="127.2917829">
<ele>38.076</ele>
<time>2026-08-29T00:48:13Z</time>
</trkpt>
<trkpt lat="37.5219156" lon="127.2915977">
<ele>37.698</ele>
<time>2026-08-29T00:48:14Z</time>
</trkpt>
<trkpt lat="37.5219287" lon="127.2914198">
<ele>36.997</ele>
<time>2026-08-29T00:48:15Z</time>
</trkpt>
<trkpt lat="37.5219451" lon="127.2912679">
<ele>36.761</ele>
<time>2026-08-29T00:48:16Z</time>
</trkpt>
<trkpt lat="37.5219641" lon="127.291148">
<ele>36.671</ele>
<time>2026-08-29T00:48:17Z</time>
</trkpt>
<trkpt lat="37.5219848" lon="127.2910542">
<ele>36.772</ele>
<time>2026-08-29T00:48:18Z</time>
</trkpt>
<trkpt lat="37.5220056" lon="127.2909783">
<ele>36.647</ele>
<time>2026-08-29T00:48:19Z</time>
</trkpt>
<trkpt lat="37.5220247" lon="127.2909159">
<ele>36.671</ele>
<time>2026-08-29T00:48:20Z</time>
</trkpt>
<trkpt lat="37.5220405" lon="127.2908672">
<ele>36.7</ele>
<time>2026-08-29T00:48:21Z</time>
</trkpt>
<trkpt lat="37.522052" lon="127.2908333">
<ele>36.634</ele>
<time>2026-08-29T00:48:22Z</time>
</trkpt>
<trkpt lat="37.5220593" lon="127.2908137">
<ele>36.614</ele>
<time>2026-08-29T00:48:23Z</time>
</trkpt>
<trkpt lat="37.5220675" lon="127.2907953">
<ele>36.627</ele>
<time>2026-08-29T00:48:24Z</time>
</trkpt>
<trkpt lat="37.5220806" lon="127.2907677">
<ele>36.546</ele>
<time>2026-08-29T00:48:25Z</time>
</trkpt>
<trkpt lat="37.5221002" lon="127.2907258">
<ele>36.478</ele>
<time>2026-08-29T00:48:26Z</time>
</trkpt>
<trkpt lat="37.5221289" lon="127.2906635">
<ele>36.441</ele>
<time>2026-08-29T00:48:27Z</time>
</trkpt>
<trkpt lat="37.5221575" lon="127.290601">
<ele>36.224</ele>
<time>2026-08-29T00:48:28Z</time>
</trkpt>
<trkpt lat="37.5221874" lon="127.2905346">
<ele>36.784</ele>
<time>2026-08-29T00:48:29Z</time>
</trkpt>
<trkpt lat="37.5222169" lon="127.2904669">
<ele>37.226</ele>
<time>2026-08-29T00:48:30Z</time>
</trkpt>
<trkpt lat="37.5222452" lon="127.2903994">
<ele>37.306</ele>
<time>2026-08-29T00:48:31Z</time>
</trkpt>
<trkpt lat="37.5222709" lon="127.290339">
<ele>37.319</ele>
<time>2026-08-29T00:48:32Z</time>
</trkpt>
<trkpt lat="37.5222975" lon="127.2902771">
<ele>37.136</ele>
<time>2026-08-29T00:48:33Z</time>
</trkpt>
<trkpt lat="37.5223263" lon="127.2902101">
<ele>36.921</ele>
<time>2026-08-29T00:48:34Z</time>
</trkpt>
<trkpt lat="37.5223559" lon="127.2901405">
<ele>36.481</ele>
<time>2026-08-29T00:48:35Z</time>
</trkpt>
<trkpt lat="37.5223859" lon="127.2900679">
<ele>36.189</ele>
<time>2026-08-29T00:48:36Z</time>
</trkpt>
<trkpt lat="37.5224162" lon="127.2899942">
<ele>36.004</ele>
<time>2026-08-29T00:48:37Z</time>
</trkpt>
<trkpt lat="37.5224456" lon="127.2899226">
<ele>35.949</ele>
<time>2026-08-29T00:48:38Z</time>
</trkpt>
<trkpt lat="37.5224743" lon="127.2898506">
<ele>35.929</ele>
<time>2026-08-29T00:48:39Z</time>
</trkpt>
<trkpt lat="37.5225031" lon="127.2897767">
<ele>35.935</ele>
<time>2026-08-29T00:48:40Z</time>
</trkpt>
<trkpt lat="37.5225319" lon="127.2897009">
<ele>35.911</ele>
<time>2026-08-29T00:48:41Z</time>
</trkpt>
<trkpt lat="37.5225633" lon="127.2896203">
<ele>35.904</ele>
<time>2026-08-29T00:48:42Z</time>
</trkpt>
<trkpt lat="37.522601" lon="127.2895348">
<ele>35.901</ele>
<time>2026-08-29T00:48:43Z</time>
</trkpt>
<trkpt lat="37.5226407" lon="127.2894508">
<ele>35.812</ele>
<time>2026-08-29T00:48:44Z</time>
</trkpt>
<trkpt lat="37.5226817" lon="127.289366">
<ele>35.814</ele>
<time>2026-08-29T00:48:45Z</time>
</trkpt>
<trkpt lat="37.5227228" lon="127.2892881">
<ele>35.802</ele>
<time>2026-08-29T00:48:46Z</time>
</trkpt>
<trkpt lat="37.5227611" lon="127.2892226">
<ele>35.746</ele>
<time>2026-08-29T00:48:47Z</time>
</trkpt>
<trkpt lat="37.5227951" lon="127.2891708">
<ele>35.743</ele>
<time>2026-08-29T00:48:48Z</time>
</trkpt>
<trkpt lat="37.5228254" lon="127.2891296">
<ele>35.735</ele>
<time>2026-08-29T00:48:49Z</time>
</trkpt>
<trkpt lat="37.5228533" lon="127.2890944">
<ele>35.785</ele>
<time>2026-08-29T00:48:50Z</time>
</trkpt>
<trkpt lat="37.5228806" lon="127.2890615">
<ele>35.709</ele>
<time>2026-08-29T00:48:51Z</time>
</trkpt>
<trkpt lat="37.5229077" lon="127.28903">
<ele>35.629</ele>
<time>2026-08-29T00:48:52Z</time>
</trkpt>
<trkpt lat="37.5229355" lon="127.2889992">
<ele>35.615</ele>
<time>2026-08-29T00:48:53Z</time>
</trkpt>
<trkpt lat="37.5229644" lon="127.2889684">
<ele>35.604</ele>
<time>2026-08-29T00:48:54Z</time>
</trkpt>
<trkpt lat="37.5229949" lon="127.2889373">
<ele>35.58</ele>
<time>2026-08-29T00:48:55Z</time>
</trkpt>
<trkpt lat="37.5230271" lon="127.2889057">
<ele>35.485</ele>
<time>2026-08-29T00:48:56Z</time>
</trkpt>
<trkpt lat="37.5230612" lon="127.288873">
<ele>35.57</ele>
<time>2026-08-29T00:48:57Z</time>
</trkpt>
<trkpt lat="37.5230958" lon="127.28884">
<ele>35.613</ele>
<time>2026-08-29T00:48:58Z</time>
</trkpt>
<trkpt lat="37.5231318" lon="127.2888062">
<ele>35.64</ele>
<time>2026-08-29T00:48:59Z</time>
</trkpt>
<trkpt lat="37.5231692" lon="127.2887714">
<ele>35.589</ele>
<time>2026-08-29T00:49:00Z</time>
</trkpt>
<trkpt lat="37.5232078" lon="127.288736">
<ele>35.575</ele>
<time>2026-08-29T00:49:01Z</time>
</trkpt>
<trkpt lat="37.5232474" lon="127.2887">
<ele>35.596</ele>
<time>2026-08-29T00:49:02Z</time>
</trkpt>
<trkpt lat="37.5232874" lon="127.2886638">
<ele>35.563</ele>
<time>2026-08-29T00:49:03Z</time>
</trkpt>
<trkpt lat="37.5233285" lon="127.2886273">
<ele>35.629</ele>
<time>2026-08-29T00:49:04Z</time>
</trkpt>
<trkpt lat="37.5233707" lon="127.2885912">
<ele>35.505</ele>
<time>2026-08-29T00:49:05Z</time>
</trkpt>
<trkpt lat="37.5234135" lon="127.2885556">
<ele>35.524</ele>
<time>2026-08-29T00:49:06Z</time>
</trkpt>
<trkpt lat="37.5234569" lon="127.2885205">
<ele>35.492</ele>
<time>2026-08-29T00:49:07Z</time>
</trkpt>
<trkpt lat="37.5235011" lon="127.2884863">
<ele>35.48</ele>
<time>2026-08-29T00:49:08Z</time>
</trkpt>
<trkpt lat="37.5235457" lon="127.2884527">
<ele>35.451</ele>
<time>2026-08-29T00:49:09Z</time>
</trkpt>
<trkpt lat="37.5235905" lon="127.2884192">
<ele>35.401</ele>
<time>2026-08-29T00:49:10Z</time>
</trkpt>
<trkpt lat="37.5236355" lon="127.2883863">
<ele>35.408</ele>
<time>2026-08-29T00:49:11Z</time>
</trkpt>
<trkpt lat="37.5236807" lon="127.2883541">
<ele>35.428</ele>
<time>2026-08-29T00:49:12Z</time>
</trkpt>
<trkpt lat="37.523726" lon="127.2883224">
<ele>35.548</ele>
<time>2026-08-29T00:49:13Z</time>
</trkpt>
<trkpt lat="37.5237714" lon="127.2882916">
<ele>35.568</ele>
<time>2026-08-29T00:49:14Z</time>
</trkpt>
<trkpt lat="37.5238167" lon="127.2882616">
<ele>35.614</ele>
<time>2026-08-29T00:49:15Z</time>
</trkpt>
<trkpt lat="37.5238618" lon="127.2882326">
<ele>35.647</ele>
<time>2026-08-29T00:49:16Z</time>
</trkpt>
<trkpt lat="37.5239063" lon="127.2882047">
<ele>35.585</ele>
<time>2026-08-29T00:49:17Z</time>
</trkpt>
<trkpt lat="37.52395" lon="127.2881778">
<ele>35.675</ele>
<time>2026-08-29T00:49:18Z</time>
</trkpt>
<trkpt lat="37.5239929" lon="127.2881519">
<ele>35.653</ele>
<time>2026-08-29T00:49:19Z</time>
</trkpt>
<trkpt lat="37.5240348" lon="127.2881269">
<ele>35.692</ele>
<time>2026-08-29T00:49:20Z</time>
</trkpt>
<trkpt lat="37.524076" lon="127.2881025">
<ele>35.59</ele>
<time>2026-08-29T00:49:21Z</time>
</trkpt>
<trkpt lat="37.5241166" lon="127.2880786">
<ele>35.474</ele>
<time>2026-08-29T00:49:22Z</time>
</trkpt>
<trkpt lat="37.5241569" lon="127.2880551">
<ele>35.453</ele>
<time>2026-08-29T00:49:23Z</time>
</trkpt>
<trkpt lat="37.5241977" lon="127.2880313">
<ele>35.469</ele>
<time>2026-08-29T00:49:24Z</time>
</trkpt>
<trkpt lat="37.5242391" lon="127.288007">
<ele>35.45</ele>
<time>2026-08-29T00:49:25Z</time>
</trkpt>
<trkpt lat="37.5242809" lon="127.2879822">
<ele>35.382</ele>
<time>2026-08-29T00:49:26Z</time>
</trkpt>
<trkpt lat="37.5243228" lon="127.2879572">
<ele>35.366</ele>
<time>2026-08-29T00:49:27Z</time>
</trkpt>
<trkpt lat="37.524364" lon="127.2879327">
<ele>35.168</ele>
<time>2026-08-29T00:49:28Z</time>
</trkpt>
<trkpt lat="37.5244051" lon="127.2879083">
<ele>35.166</ele>
<time>2026-08-29T00:49:29Z</time>
</trkpt>
<trkpt lat="37.5244459" lon="127.287884">
<ele>34.997</ele>
<time>2026-08-29T00:49:30Z</time>
</trkpt>
<trkpt lat="37.5244865" lon="127.2878598">
<ele>34.929</ele>
<time>2026-08-29T00:49:31Z</time>
</trkpt>
<trkpt lat="37.5245269" lon="127.2878357">
<ele>35.044</ele>
<time>2026-08-29T00:49:32Z</time>
</trkpt>
<trkpt lat="37.5245668" lon="127.2878118">
<ele>35.14</ele>
<time>2026-08-29T00:49:33Z</time>
</trkpt>
<trkpt lat="37.5246063" lon="127.2877882">
<ele>35.365</ele>
<time>2026-08-29T00:49:34Z</time>
</trkpt>
<trkpt lat="37.5246453" lon="127.2877648">
<ele>35.404</ele>
<time>2026-08-29T00:49:35Z</time>
</trkpt>
<trkpt lat="37.5246837" lon="127.2877418">
<ele>35.377</ele>
<time>2026-08-29T00:49:36Z</time>
</trkpt>
<trkpt lat="37.5247215" lon="127.2877192">
<ele>35.405</ele>
<time>2026-08-29T00:49:37Z</time>
</trkpt>
<trkpt lat="37.5247586" lon="127.287697">
<ele>35.403</ele>
<time>2026-08-29T00:49:38Z</time>
</trkpt>
<trkpt lat="37.5247949" lon="127.2876751">
<ele>35.334</ele>
<time>2026-08-29T00:49:39Z</time>
</trkpt>
<trkpt lat="37.5248306" lon="127.2876538">
<ele>35.384</ele>
<time>2026-08-29T00:49:40Z</time>
</trkpt>
<trkpt lat="37.5248656" lon="127.2876329">
<ele>35.392</ele>
<time>2026-08-29T00:49:41Z</time>
</trkpt>
<trkpt lat="37.5248999" lon="127.2876125">
<ele>35.41</ele>
<time>2026-08-29T00:49:42Z</time>
</trkpt>
<trkpt lat="37.5249336" lon="127.2875925">
<ele>35.46</ele>
<time>2026-08-29T00:49:43Z</time>
</trkpt>
<trkpt lat="37.5249667" lon="127.287573">
<ele>35.502</ele>
<time>2026-08-29T00:49:44Z</time>
</trkpt>
<trkpt lat="37.5249994" lon="127.2875537">
<ele>35.428</ele>
<time>2026-08-29T00:49:45Z</time>
</trkpt>
<trkpt lat="37.5250317" lon="127.2875349">
<ele>35.513</ele>
<time>2026-08-29T00:49:46Z</time>
</trkpt>
<trkpt lat="37.5250636" lon="127.2875165">
<ele>35.504</ele>
<time>2026-08-29T00:49:47Z</time>
</trkpt>
<trkpt lat="37.5250951" lon="127.2874983">
<ele>35.615</ele>
<time>2026-08-29T00:49:48Z</time>
</trkpt>
<trkpt lat="37.5251264" lon="127.2874804">
<ele>35.591</ele>
<time>2026-08-29T00:49:49Z</time>
</trkpt>
<trkpt lat="37.5251576" lon="127.2874627">
<ele>35.603</ele>
<time>2026-08-29T00:49:50Z</time>
</trkpt>
<trkpt lat="37.5251886" lon="127.2874452">
<ele>35.564</ele>
<time>2026-08-29T00:49:51Z</time>
</trkpt>
<trkpt lat="37.5252196" lon="127.2874278">
<ele>35.514</ele>
<time>2026-08-29T00:49:52Z</time>
</trkpt>
<trkpt lat="37.5252504" lon="127.2874105">
<ele>35.577</ele>
<time>2026-08-29T00:49:53Z</time>
</trkpt>
<trkpt lat="37.5252812" lon="127.2873933">
<ele>35.55</ele>
<time>2026-08-29T00:49:54Z</time>
</trkpt>
<trkpt lat="37.5253118" lon="127.2873762">
<ele>35.519</ele>
<time>2026-08-29T00:49:55Z</time>
</trkpt>
<trkpt lat="37.5253424" lon="127.287359">
<ele>35.516</ele>
<time>2026-08-29T00:49:56Z</time>
</trkpt>
<trkpt lat="37.5253729" lon="127.2873419">
<ele>35.503</ele>
<time>2026-08-29T00:49:57Z</time>
</trkpt>
<trkpt lat="37.5254034" lon="127.2873247">
<ele>35.559</ele>
<time>2026-08-29T00:49:58Z</time>
</trkpt>
<trkpt lat="37.5254338" lon="127.2873076">
<ele>35.52</ele>
<time>2026-08-29T00:49:59Z</time>
</trkpt>
<trkpt lat="37.5254638" lon="127.2872906">
<ele>35.464</ele>
<time>2026-08-29T00:50:00Z</time>
</trkpt>
<trkpt lat="37.5254937" lon="127.2872737">
<ele>35.488</ele>
<time>2026-08-29T00:50:01Z</time>
</trkpt>
<trkpt lat="37.5255231" lon="127.2872569">
<ele>35.459</ele>
<time>2026-08-29T00:50:02Z</time>
</trkpt>
<trkpt lat="37.5255524" lon="127.2872401">
<ele>35.378</ele>
<time>2026-08-29T00:50:03Z</time>
</trkpt>
<trkpt lat="37.5255818" lon="127.2872231">
<ele>35.462</ele>
<time>2026-08-29T00:50:04Z</time>
</trkpt>
<trkpt lat="37.5256109" lon="127.2872061">
<ele>35.523</ele>
<time>2026-08-29T00:50:05Z</time>
</trkpt>
<trkpt lat="37.5256399" lon="127.2871892">
<ele>35.548</ele>
<time>2026-08-29T00:50:06Z</time>
</trkpt>
<trkpt lat="37.5256687" lon="127.2871721">
<ele>35.553</ele>
<time>2026-08-29T00:50:07Z</time>
</trkpt>
<trkpt lat="37.5256975" lon="127.2871549">
<ele>35.584</ele>
<time>2026-08-29T00:50:08Z</time>
</trkpt>
<trkpt lat="37.5257263" lon="127.2871376">
<ele>35.548</ele>
<time>2026-08-29T00:50:09Z</time>
</trkpt>
<trkpt lat="37.5257552" lon="127.2871205">
<ele>35.461</ele>
<time>2026-08-29T00:50:10Z</time>
</trkpt>
<trkpt lat="37.5257843" lon="127.2871032">
<ele>35.465</ele>
<time>2026-08-29T00:50:11Z</time>
</trkpt>
<trkpt lat="37.5258135" lon="127.2870858">
<ele>35.453</ele>
<time>2026-08-29T00:50:12Z</time>
</trkpt>
<trkpt lat="37.5258428" lon="127.2870683">
<ele>35.439</ele>
<time>2026-08-29T00:50:13Z</time>
</trkpt>
<trkpt lat="37.5258724" lon="127.2870507">
<ele>35.431</ele>
<time>2026-08-29T00:50:14Z</time>
</trkpt>
<trkpt lat="37.5259023" lon="127.287033">
<ele>35.431</ele>
<time>2026-08-29T00:50:15Z</time>
</trkpt>
<trkpt lat="37.5259324" lon="127.2870153">
<ele>35.408</ele>
<time>2026-08-29T00:50:16Z</time>
</trkpt>
<trkpt lat="37.5259627" lon="127.2869977">
<ele>35.428</ele>
<time>2026-08-29T00:50:17Z</time>
</trkpt>
<trkpt lat="37.525993" lon="127.28698">
<ele>35.474</ele>
<time>2026-08-29T00:50:18Z</time>
</trkpt>
<trkpt lat="37.5260236" lon="127.2869624">
<ele>35.443</ele>
<time>2026-08-29T00:50:19Z</time>
</trkpt>
<trkpt lat="37.5260542" lon="127.2869447">
<ele>35.421</ele>
<time>2026-08-29T00:50:20Z</time>
</trkpt>
<trkpt lat="37.526085" lon="127.2869269">
<ele>35.381</ele>
<time>2026-08-29T00:50:21Z</time>
</trkpt>
<trkpt lat="37.526116" lon="127.2869092">
<ele>35.364</ele>
<time>2026-08-29T00:50:22Z</time>
</trkpt>
<trkpt lat="37.5261468" lon="127.2868917">
<ele>35.358</ele>
<time>2026-08-29T00:50:23Z</time>
</trkpt>
<trkpt lat="37.5261775" lon="127.2868743">
<ele>35.398</ele>
<time>2026-08-29T00:50:24Z</time>
</trkpt>
<trkpt lat="37.5262077" lon="127.2868572">
<ele>35.465</ele>
<time>2026-08-29T00:50:25Z</time>
</trkpt>
<trkpt lat="37.5262382" lon="127.2868402">
<ele>35.463</ele>
<time>2026-08-29T00:50:26Z</time>
</trkpt>
<trkpt lat="37.5262684" lon="127.2868234">
<ele>35.36</ele>
<time>2026-08-29T00:50:27Z</time>
</trkpt>
<trkpt lat="37.5262986" lon="127.2868068">
<ele>35.391</ele>
<time>2026-08-29T00:50:28Z</time>
</trkpt>
<trkpt lat="37.5263284" lon="127.2867904">
<ele>35.425</ele>
<time>2026-08-29T00:50:29Z</time>
</trkpt>
<trkpt lat="37.5263581" lon="127.286774">
<ele>35.49</ele>
<time>2026-08-29T00:50:30Z</time>
</trkpt>
<trkpt lat="37.5263877" lon="127.2867576">
<ele>35.47</ele>
<time>2026-08-29T00:50:31Z</time>
</trkpt>
<trkpt lat="37.526417" lon="127.2867415">
<ele>35.868</ele>
<time>2026-08-29T00:50:32Z</time>
</trkpt>
<trkpt lat="37.5264463" lon="127.2867254">
<ele>36.137</ele>
<time>2026-08-29T00:50:33Z</time>
</trkpt>
<trkpt lat="37.5264756" lon="127.2867094">
<ele>36.519</ele>
<time>2026-08-29T00:50:34Z</time>
</trkpt>
<trkpt lat="37.5265049" lon="127.2866932">
<ele>36.511</ele>
<time>2026-08-29T00:50:35Z</time>
</trkpt>
<trkpt lat="37.5265342" lon="127.286677">
<ele>36.051</ele>
<time>2026-08-29T00:50:36Z</time>
</trkpt>
<trkpt lat="37.5265635" lon="127.2866607">
<ele>35.767</ele>
<time>2026-08-29T00:50:37Z</time>
</trkpt>
<trkpt lat="37.526593" lon="127.2866442">
<ele>35.627</ele>
<time>2026-08-29T00:50:38Z</time>
</trkpt>
<trkpt lat="37.5266226" lon="127.2866276">
<ele>35.629</ele>
<time>2026-08-29T00:50:39Z</time>
</trkpt>
<trkpt lat="37.5266523" lon="127.2866108">
<ele>35.493</ele>
<time>2026-08-29T00:50:40Z</time>
</trkpt>
<trkpt lat="37.5266819" lon="127.286594">
<ele>35.539</ele>
<time>2026-08-29T00:50:41Z</time>
</trkpt>
<trkpt lat="37.5267117" lon="127.2865771">
<ele>35.429</ele>
<time>2026-08-29T00:50:42Z</time>
</trkpt>
<trkpt lat="37.5267415" lon="127.28656">
<ele>35.457</ele>
<time>2026-08-29T00:50:43Z</time>
</trkpt>
<trkpt lat="37.5267713" lon="127.2865427">
<ele>35.48</ele>
<time>2026-08-29T00:50:44Z</time>
</trkpt>
<trkpt lat="37.526801" lon="127.2865254">
<ele>35.449</ele>
<time>2026-08-29T00:50:45Z</time>
</trkpt>
<trkpt lat="37.5268306" lon="127.2865079">
<ele>35.471</ele>
<time>2026-08-29T00:50:46Z</time>
</trkpt>
<trkpt lat="37.5268599" lon="127.2864903">
<ele>35.511</ele>
<time>2026-08-29T00:50:47Z</time>
</trkpt>
<trkpt lat="37.5268891" lon="127.2864726">
<ele>35.646</ele>
<time>2026-08-29T00:50:48Z</time>
</trkpt>
<trkpt lat="37.526918" lon="127.2864548">
<ele>35.703</ele>
<time>2026-08-29T00:50:49Z</time>
</trkpt>
<trkpt lat="37.526947" lon="127.2864368">
<ele>35.687</ele>
<time>2026-08-29T00:50:50Z</time>
</trkpt>
<trkpt lat="37.5269756" lon="127.2864188">
<ele>35.756</ele>
<time>2026-08-29T00:50:51Z</time>
</trkpt>
<trkpt lat="37.5270041" lon="127.2864006">
<ele>35.923</ele>
<time>2026-08-29T00:50:52Z</time>
</trkpt>
<trkpt lat="37.5270322" lon="127.2863824">
<ele>35.892</ele>
<time>2026-08-29T00:50:53Z</time>
</trkpt>
<trkpt lat="37.5270599" lon="127.2863642">
<ele>35.88</ele>
<time>2026-08-29T00:50:54Z</time>
</trkpt>
<trkpt lat="37.5270872" lon="127.2863461">
<ele>35.928</ele>
<time>2026-08-29T00:50:55Z</time>
</trkpt>
<trkpt lat="37.5271151" lon="127.286328">
<ele>35.944</ele>
<time>2026-08-29T00:50:56Z</time>
</trkpt>
<trkpt lat="37.527143" lon="127.2863096">
<ele>35.989</ele>
<time>2026-08-29T00:50:57Z</time>
</trkpt>
<trkpt lat="37.5271703" lon="127.286291">
<ele>36.049</ele>
<time>2026-08-29T00:50:58Z</time>
</trkpt>
<trkpt lat="37.5271972" lon="127.2862723">
<ele>36.021</ele>
<time>2026-08-29T00:50:59Z</time>
</trkpt>
<trkpt lat="37.5272235" lon="127.2862537">
<ele>36.01</ele>
<time>2026-08-29T00:51:00Z</time>
</trkpt>
<trkpt lat="37.5272491" lon="127.2862352">
<ele>36.046</ele>
<time>2026-08-29T00:51:01Z</time>
</trkpt>
<trkpt lat="37.5272743" lon="127.2862167">
<ele>36.146</ele>
<time>2026-08-29T00:51:02Z</time>
</trkpt>
<trkpt lat="37.5272997" lon="127.286198">
<ele>36.342</ele>
<time>2026-08-29T00:51:03Z</time>
</trkpt>
<trkpt lat="37.5273254" lon="127.2861788">
<ele>36.488</ele>
<time>2026-08-29T00:51:04Z</time>
</trkpt>
<trkpt lat="37.527352" lon="127.2861588">
<ele>36.819</ele>
<time>2026-08-29T00:51:05Z</time>
</trkpt>
<trkpt lat="37.5273796" lon="127.286138">
<ele>36.718</ele>
<time>2026-08-29T00:51:06Z</time>
</trkpt>
<trkpt lat="37.5274077" lon="127.2861165">
<ele>36.481</ele>
<time>2026-08-29T00:51:07Z</time>
</trkpt>
<trkpt lat="37.5274359" lon="127.2860947">
<ele>36.37</ele>
<time>2026-08-29T00:51:08Z</time>
</trkpt>
<trkpt lat="37.5274636" lon="127.2860729">
<ele>36.297</ele>
<time>2026-08-29T00:51:09Z</time>
</trkpt>
<trkpt lat="37.5274903" lon="127.2860513">
<ele>36.379</ele>
<time>2026-08-29T00:51:10Z</time>
</trkpt>
<trkpt lat="37.527516" lon="127.2860301">
<ele>36.406</ele>
<time>2026-08-29T00:51:11Z</time>
</trkpt>
<trkpt lat="37.5275409" lon="127.2860091">
<ele>36.463</ele>
<time>2026-08-29T00:51:12Z</time>
</trkpt>
<trkpt lat="37.5275652" lon="127.2859883">
<ele>36.466</ele>
<time>2026-08-29T00:51:13Z</time>
</trkpt>
<trkpt lat="37.527589" lon="127.2859676">
<ele>36.498</ele>
<time>2026-08-29T00:51:14Z</time>
</trkpt>
<trkpt lat="37.5276122" lon="127.2859471">
<ele>36.528</ele>
<time>2026-08-29T00:51:15Z</time>
</trkpt>
<trkpt lat="37.5276344" lon="127.285927">
<ele>36.519</ele>
<time>2026-08-29T00:51:16Z</time>
</trkpt>
<trkpt lat="37.5276561" lon="127.2859068">
<ele>36.51</ele>
<time>2026-08-29T00:51:17Z</time>
</trkpt>
<trkpt lat="37.5276774" lon="127.2858859">
<ele>36.616</ele>
<time>2026-08-29T00:51:18Z</time>
</trkpt>
<trkpt lat="37.5276986" lon="127.2858644">
<ele>36.567</ele>
<time>2026-08-29T00:51:19Z</time>
</trkpt>
<trkpt lat="37.5277196" lon="127.2858424">
<ele>36.603</ele>
<time>2026-08-29T00:51:20Z</time>
</trkpt>
<trkpt lat="37.527741" lon="127.2858209">
<ele>36.577</ele>
<time>2026-08-29T00:51:21Z</time>
</trkpt>
<trkpt lat="37.5277627" lon="127.2858001">
<ele>36.692</ele>
<time>2026-08-29T00:51:22Z</time>
</trkpt>
<trkpt lat="37.5277841" lon="127.285779">
<ele>36.694</ele>
<time>2026-08-29T00:51:23Z</time>
</trkpt>
<trkpt lat="37.5278051" lon="127.2857572">
<ele>36.687</ele>
<time>2026-08-29T00:51:24Z</time>
</trkpt>
<trkpt lat="37.5278259" lon="127.2857347">
<ele>36.658</ele>
<time>2026-08-29T00:51:25Z</time>
</trkpt>
<trkpt lat="37.5278466" lon="127.2857116">
<ele>36.728</ele>
<time>2026-08-29T00:51:26Z</time>
</trkpt>
<trkpt lat="37.527867" lon="127.2856885">
<ele>36.733</ele>
<time>2026-08-29T00:51:27Z</time>
</trkpt>
<trkpt lat="37.5278871" lon="127.2856655">
<ele>36.74</ele>
<time>2026-08-29T00:51:28Z</time>
</trkpt>
<trkpt lat="37.527907" lon="127.2856426">
<ele>36.741</ele>
<time>2026-08-29T00:51:29Z</time>
</trkpt>
<trkpt lat="37.5279263" lon="127.2856199">
<ele>36.765</ele>
<time>2026-08-29T00:51:30Z</time>
</trkpt>
<trkpt lat="37.5279452" lon="127.2855972">
<ele>36.78</ele>
<time>2026-08-29T00:51:31Z</time>
</trkpt>
<trkpt lat="37.5279634" lon="127.2855746">
<ele>36.846</ele>
<time>2026-08-29T00:51:32Z</time>
</trkpt>
<trkpt lat="37.5279812" lon="127.2855519">
<ele>36.843</ele>
<time>2026-08-29T00:51:33Z</time>
</trkpt>
<trkpt lat="37.5279985" lon="127.2855291">
<ele>36.891</ele>
<time>2026-08-29T00:51:34Z</time>
</trkpt>
<trkpt lat="37.5280156" lon="127.2855059">
<ele>37.049</ele>
<time>2026-08-29T00:51:35Z</time>
</trkpt>
<trkpt lat="37.5280328" lon="127.2854823">
<ele>37.3</ele>
<time>2026-08-29T00:51:36Z</time>
</trkpt>
<trkpt lat="37.5280503" lon="127.2854581">
<ele>37.411</ele>
<time>2026-08-29T00:51:37Z</time>
</trkpt>
<trkpt lat="37.5280683" lon="127.2854334">
<ele>37.546</ele>
<time>2026-08-29T00:51:39Z</time>
</trkpt>
<trkpt lat="37.5280867" lon="127.2854082">
<ele>37.585</ele>
<time>2026-08-29T00:51:40Z</time>
</trkpt>
<trkpt lat="37.5281055" lon="127.2853825">
<ele>37.584</ele>
<time>2026-08-29T00:51:41Z</time>
</trkpt>
<trkpt lat="37.5281245" lon="127.2853565">
<ele>37.66</ele>
<time>2026-08-29T00:51:42Z</time>
</trkpt>
<trkpt lat="37.5281435" lon="127.2853298">
<ele>37.734</ele>
<time>2026-08-29T00:51:43Z</time>
</trkpt>
<trkpt lat="37.5281623" lon="127.2853025">
<ele>37.8</ele>
<time>2026-08-29T00:51:44Z</time>
</trkpt>
<trkpt lat="37.528181" lon="127.2852745">
<ele>37.844</ele>
<time>2026-08-29T00:51:45Z</time>
</trkpt>
<trkpt lat="37.5281996" lon="127.2852457">
<ele>37.802</ele>
<time>2026-08-29T00:51:46Z</time>
</trkpt>
<trkpt lat="37.5282182" lon="127.2852162">
<ele>37.808</ele>
<time>2026-08-29T00:51:47Z</time>
</trkpt>
<trkpt lat="37.5282369" lon="127.2851876">
<ele>37.906</ele>
<time>2026-08-29T00:51:48Z</time>
</trkpt>
<trkpt lat="37.5282556" lon="127.2851587">
<ele>38.0</ele>
<time>2026-08-29T00:51:49Z</time>
</trkpt>
<trkpt lat="37.5282742" lon="127.2851297">
<ele>38.121</ele>
<time>2026-08-29T00:51:50Z</time>
</trkpt>
<trkpt lat="37.5282928" lon="127.2851005">
<ele>38.205</ele>
<time>2026-08-29T00:51:51Z</time>
</trkpt>
<trkpt lat="37.5283112" lon="127.2850712">
<ele>38.216</ele>
<time>2026-08-29T00:51:52Z</time>
</trkpt>
<trkpt lat="37.5283294" lon="127.2850417">
<ele>38.147</ele>
<time>2026-08-29T00:51:53Z</time>
</trkpt>
<trkpt lat="37.5283477" lon="127.2850124">
<ele>37.867</ele>
<time>2026-08-29T00:51:54Z</time>
</trkpt>
<trkpt lat="37.5283659" lon="127.2849834">
<ele>37.722</ele>
<time>2026-08-29T00:51:55Z</time>
</trkpt>
<trkpt lat="37.528384" lon="127.284955">
<ele>37.694</ele>
<time>2026-08-29T00:51:56Z</time>
</trkpt>
<trkpt lat="37.5284019" lon="127.2849274">
<ele>37.694</ele>
<time>2026-08-29T00:51:57Z</time>
</trkpt>
<trkpt lat="37.5284194" lon="127.2849007">
<ele>37.674</ele>
<time>2026-08-29T00:51:58Z</time>
</trkpt>
<trkpt lat="37.5284362" lon="127.2848753">
<ele>37.736</ele>
<time>2026-08-29T00:51:59Z</time>
</trkpt>
<trkpt lat="37.5284536" lon="127.2848468">
<ele>37.775</ele>
<time>2026-08-29T00:52:00Z</time>
</trkpt>
<trkpt lat="37.5284712" lon="127.2848186">
<ele>37.84</ele>
<time>2026-08-29T00:52:01Z</time>
</trkpt>
<trkpt lat="37.5284896" lon="127.2847891">
<ele>37.852</ele>
<time>2026-08-29T00:52:02Z</time>
</trkpt>
<trkpt lat="37.5285074" lon="127.2847635">
<ele>37.875</ele>
<time>2026-08-29T00:52:03Z</time>
</trkpt>
<trkpt lat="37.5285247" lon="127.2847409">
<ele>37.894</ele>
<time>2026-08-29T00:52:04Z</time>
</trkpt>
<trkpt lat="37.5285406" lon="127.2847231">
<ele>37.853</ele>
<time>2026-08-29T00:52:05Z</time>
</trkpt>
<trkpt lat="37.5285546" lon="127.2847088">
<ele>37.815</ele>
<time>2026-08-29T00:52:06Z</time>
</trkpt>
<trkpt lat="37.528566" lon="127.2846964">
<ele>37.819</ele>
<time>2026-08-29T00:52:07Z</time>
</trkpt>
<trkpt lat="37.5285778" lon="127.2846721">
<ele>37.833</ele>
<time>2026-08-29T00:52:08Z</time>
</trkpt>
<trkpt lat="37.5285997" lon="127.2846104">
<ele>37.809</ele>
<time>2026-08-29T00:52:09Z</time>
</trkpt>
<trkpt lat="37.5286439" lon="127.2844803">
<ele>37.794</ele>
<time>2026-08-29T00:52:10Z</time>
</trkpt>
<trkpt lat="37.5287139" lon="127.2842797">
<ele>37.859</ele>
<time>2026-08-29T00:52:36Z</time>
</trkpt>
<trkpt lat="37.5287943" lon="127.2840653">
<ele>37.865</ele>
<time>2026-08-29T00:52:37Z</time>
</trkpt>
<trkpt lat="37.5288572" lon="127.2839238">
<ele>37.963</ele>
<time>2026-08-29T00:52:38Z</time>
</trkpt>
<trkpt lat="37.5288849" lon="127.2838989">
<ele>37.986</ele>
<time>2026-08-29T00:52:39Z</time>
</trkpt>
<trkpt lat="37.5288871" lon="127.2839504">
<ele>37.93</ele>
<time>2026-08-29T00:52:40Z</time>
</trkpt>
<trkpt lat="37.5288976" lon="127.2839841">
<ele>37.88</ele>
<time>2026-08-29T00:52:41Z</time>
</trkpt>
<trkpt lat="37.5289505" lon="127.283921">
<ele>37.917</ele>
<time>2026-08-29T00:52:42Z</time>
</trkpt>
<trkpt lat="37.529052" lon="127.2837524">
<ele>38.003</ele>
<time>2026-08-29T00:52:43Z</time>
</trkpt>
<trkpt lat="37.5291714" lon="127.283543">
<ele>38.167</ele>
<time>2026-08-29T00:52:44Z</time>
</trkpt>
<trkpt lat="37.529236" lon="127.2834228">
<ele>38.298</ele>
<time>2026-08-29T00:52:45Z</time>
</trkpt>
<trkpt lat="37.5292311" lon="127.2834067">
<ele>38.409</ele>
<time>2026-08-29T00:52:46Z</time>
</trkpt>
<trkpt lat="37.5291925" lon="127.2834221">
<ele>38.454</ele>
<time>2026-08-29T00:52:47Z</time>
</trkpt>
<trkpt lat="37.529161" lon="127.2834059">
<ele>38.617</ele>
<time>2026-08-29T00:52:48Z</time>
</trkpt>
<trkpt lat="37.5291536" lon="127.2833597">
<ele>38.634</ele>
<time>2026-08-29T00:52:49Z</time>
</trkpt>
<trkpt lat="37.5291592" lon="127.2833107">
<ele>38.75</ele>
<time>2026-08-29T00:52:50Z</time>
</trkpt>
<trkpt lat="37.529166" lon="127.2832609">
<ele>38.742</ele>
<time>2026-08-29T00:52:51Z</time>
</trkpt>
<trkpt lat="37.5291755" lon="127.2832116">
<ele>38.768</ele>
<time>2026-08-29T00:52:52Z</time>
</trkpt>
<trkpt lat="37.5291879" lon="127.2831616">
<ele>38.759</ele>
<time>2026-08-29T00:52:53Z</time>
</trkpt>
<trkpt lat="37.5292021" lon="127.2831134">
<ele>38.869</ele>
<time>2026-08-29T00:52:54Z</time>
</trkpt>
<trkpt lat="37.5292183" lon="127.2830649">
<ele>38.739</ele>
<time>2026-08-29T00:52:55Z</time>
</trkpt>
<trkpt lat="37.5292372" lon="127.2830114">
<ele>38.593</ele>
<time>2026-08-29T00:52:56Z</time>
</trkpt>
<trkpt lat="37.5292587" lon="127.2829495">
<ele>38.856</ele>
<time>2026-08-29T00:52:57Z</time>
</trkpt>
<trkpt lat="37.5292842" lon="127.2828514">
<ele>39.019</ele>
<time>2026-08-29T00:52:58Z</time>
</trkpt>
<trkpt lat="37.5293176" lon="127.282717">
<ele>39.574</ele>
<time>2026-08-29T00:52:59Z</time>
</trkpt>
<trkpt lat="37.5293587" lon="127.2825558">
<ele>39.937</ele>
<time>2026-08-29T00:53:00Z</time>
</trkpt>
<trkpt lat="37.5294076" lon="127.2823778">
<ele>39.709</ele>
<time>2026-08-29T00:53:01Z</time>
</trkpt>
<trkpt lat="37.5294538" lon="127.2822141">
<ele>39.62</ele>
<time>2026-08-29T00:53:02Z</time>
</trkpt>
<trkpt lat="37.529491" lon="127.28209">
<ele>39.546</ele>
<time>2026-08-29T00:53:03Z</time>
</trkpt>
<trkpt lat="37.5295306" lon="127.2819557">
<ele>39.621</ele>
<time>2026-08-29T00:53:04Z</time>
</trkpt>
<trkpt lat="37.5295679" lon="127.2818243">
<ele>39.687</ele>
<time>2026-08-29T00:53:05Z</time>
</trkpt>
<trkpt lat="37.5296027" lon="127.281697">
<ele>39.64</ele>
<time>2026-08-29T00:53:06Z</time>
</trkpt>
<trkpt lat="37.5296364" lon="127.2815712">
<ele>39.743</ele>
<time>2026-08-29T00:53:07Z</time>
</trkpt>
<trkpt lat="37.5296796" lon="127.2814013">
<ele>39.42</ele>
<time>2026-08-29T00:53:08Z</time>
</trkpt>
<trkpt lat="37.5297221" lon="127.2812065">
<ele>39.479</ele>
<time>2026-08-29T00:53:09Z</time>
</trkpt>
<trkpt lat="37.5297796" lon="127.2809968">
<ele>39.236</ele>
<time>2026-08-29T00:53:10Z</time>
</trkpt>
<trkpt lat="37.5298341" lon="127.2808385">
<ele>39.282</ele>
<time>2026-08-29T00:53:11Z</time>
</trkpt>
<trkpt lat="37.5298731" lon="127.280738">
<ele>39.516</ele>
<time>2026-08-29T00:53:12Z</time>
</trkpt>
<trkpt lat="37.5298814" lon="127.2807132">
<ele>39.617</ele>
<time>2026-08-29T00:53:13Z</time>
</trkpt>
<trkpt lat="37.5298814" lon="127.2807132">
<ele>39.637</ele>
<time>2026-08-29T00:53:14Z</time>
</trkpt>
<trkpt lat="37.5298814" lon="127.2807132">
<ele>39.784</ele>
<time>2026-08-29T00:53:15Z</time>
</trkpt>
<trkpt lat="37.5298814" lon="127.2807132">
<ele>39.832</ele>
<time>2026-08-29T00:53:16Z</time>
</trkpt>
<trkpt lat="37.5298814" lon="127.2807132">
<ele>39.113</ele>
<time>2026-08-29T00:53:17Z</time>
</trkpt>
<trkpt lat="37.5298814" lon="127.2807132">
<ele>38.879</ele>
<time>2026-08-29T00:53:57Z</time>
</trkpt>
<trkpt lat="37.5291004" lon="127.279332">
<ele>38.813</ele>
<time>2026-08-29T00:53:58Z</time>
</trkpt>
<trkpt lat="37.5291032" lon="127.2792666">
<ele>38.76</ele>
<time>2026-08-29T00:53:59Z</time>
</trkpt>
<trkpt lat="37.5291078" lon="127.2792005">
<ele>38.765</ele>
<time>2026-08-29T00:54:00Z</time>
</trkpt>
<trkpt lat="37.5291136" lon="127.2791327">
<ele>38.61</ele>
<time>2026-08-29T00:54:01Z</time>
</trkpt>
<trkpt lat="37.529121" lon="127.2790622">
<ele>38.094</ele>
<time>2026-08-29T00:54:02Z</time>
</trkpt>
<trkpt lat="37.5291295" lon="127.2789905">
<ele>38.058</ele>
<time>2026-08-29T00:54:03Z</time>
</trkpt>
<trkpt lat="37.5291399" lon="127.278918">
<ele>38.092</ele>
<time>2026-08-29T00:54:04Z</time>
</trkpt>
<trkpt lat="37.5291515" lon="127.2788445">
<ele>38.063</ele>
<time>2026-08-29T00:54:05Z</time>
</trkpt>
<trkpt lat="37.529164" lon="127.2787701">
<ele>38.16</ele>
<time>2026-08-29T00:54:06Z</time>
</trkpt>
<trkpt lat="37.5291774" lon="127.2786958">
<ele>38.207</ele>
<time>2026-08-29T00:54:07Z</time>
</trkpt>
<trkpt lat="37.5291919" lon="127.278622">
<ele>38.249</ele>
<time>2026-08-29T00:54:08Z</time>
</trkpt>
<trkpt lat="37.5292043" lon="127.2785492">
<ele>37.952</ele>
<time>2026-08-29T00:54:09Z</time>
</trkpt>
<trkpt lat="37.5292161" lon="127.2784759">
<ele>37.903</ele>
<time>2026-08-29T00:54:10Z</time>
</trkpt>
<trkpt lat="37.5292293" lon="127.2784014">
<ele>37.892</ele>
<time>2026-08-29T00:54:11Z</time>
</trkpt>
<trkpt lat="37.529244" lon="127.2783259">
<ele>37.834</ele>
<time>2026-08-29T00:54:12Z</time>
</trkpt>
<trkpt lat="37.5292603" lon="127.27825">
<ele>37.852</ele>
<time>2026-08-29T00:54:13Z</time>
</trkpt>
<trkpt lat="37.529278" lon="127.2781742">
<ele>37.777</ele>
<time>2026-08-29T00:54:14Z</time>
</trkpt>
<trkpt lat="37.5292975" lon="127.2781004">
<ele>37.77</ele>
<time>2026-08-29T00:54:15Z</time>
</trkpt>
<trkpt lat="37.5293179" lon="127.2780278">
<ele>37.745</ele>
<time>2026-08-29T00:54:16Z</time>
</trkpt>
<trkpt lat="37.529339" lon="127.2779566">
<ele>38.299</ele>
<time>2026-08-29T00:54:17Z</time>
</trkpt>
<trkpt lat="37.5293608" lon="127.2778864">
<ele>38.228</ele>
<time>2026-08-29T00:54:18Z</time>
</trkpt>
<trkpt lat="37.529383" lon="127.2778172">
<ele>38.132</ele>
<time>2026-08-29T00:54:19Z</time>
</trkpt>
<trkpt lat="37.5294056" lon="127.2777486">
<ele>38.122</ele>
<time>2026-08-29T00:54:20Z</time>
</trkpt>
<trkpt lat="37.5294286" lon="127.2776803">
<ele>38.163</ele>
<time>2026-08-29T00:54:21Z</time>
</trkpt>
<trkpt lat="37.5294521" lon="127.2776122">
<ele>38.387</ele>
<time>2026-08-29T00:54:22Z</time>
</trkpt>
<trkpt lat="37.529476" lon="127.2775441">
<ele>37.839</ele>
<time>2026-08-29T00:54:23Z</time>
</trkpt>
<trkpt lat="37.5295004" lon="127.2774763">
<ele>37.206</ele>
<time>2026-08-29T00:54:24Z</time>
</trkpt>
<trkpt lat="37.5295248" lon="127.2774089">
<ele>36.974</ele>
<time>2026-08-29T00:54:25Z</time>
</trkpt>
<trkpt lat="37.5295492" lon="127.2773418">
<ele>36.627</ele>
<time>2026-08-29T00:54:26Z</time>
</trkpt>
<trkpt lat="37.5295734" lon="127.2772747">
<ele>36.591</ele>
<time>2026-08-29T00:54:27Z</time>
</trkpt>
<trkpt lat="37.5295976" lon="127.2772075">
<ele>36.577</ele>
<time>2026-08-29T00:54:28Z</time>
</trkpt>
<trkpt lat="37.5296217" lon="127.2771402">
<ele>36.419</ele>
<time>2026-08-29T00:54:29Z</time>
</trkpt>
<trkpt lat="37.5296459" lon="127.2770729">
<ele>36.414</ele>
<time>2026-08-29T00:54:30Z</time>
</trkpt>
<trkpt lat="37.5296703" lon="127.2770056">
<ele>36.407</ele>
<time>2026-08-29T00:54:31Z</time>
</trkpt>
<trkpt lat="37.5296947" lon="127.2769383">
<ele>36.344</ele>
<time>2026-08-29T00:54:32Z</time>
</trkpt>
<trkpt lat="37.5297194" lon="127.2768707">
<ele>36.296</ele>
<time>2026-08-29T00:54:33Z</time>
</trkpt>
<trkpt lat="37.529744" lon="127.2768032">
<ele>36.192</ele>
<time>2026-08-29T00:54:34Z</time>
</trkpt>
<trkpt lat="37.5297686" lon="127.2767356">
<ele>36.176</ele>
<time>2026-08-29T00:54:35Z</time>
</trkpt>
<trkpt lat="37.5297932" lon="127.2766679">
<ele>36.092</ele>
<time>2026-08-29T00:54:36Z</time>
</trkpt>
<trkpt lat="37.5298175" lon="127.2766007">
<ele>36.048</ele>
<time>2026-08-29T00:54:37Z</time>
</trkpt>
<trkpt lat="37.5298419" lon="127.2765332">
<ele>36.113</ele>
<time>2026-08-29T00:54:38Z</time>
</trkpt>
<trkpt lat="37.5298666" lon="127.2764656">
<ele>36.026</ele>
<time>2026-08-29T00:54:39Z</time>
</trkpt>
<trkpt lat="37.5298917" lon="127.2763977">
<ele>35.908</ele>
<time>2026-08-29T00:54:40Z</time>
</trkpt>
<trkpt lat="37.5299171" lon="127.2763294">
<ele>35.872</ele>
<time>2026-08-29T00:54:41Z</time>
</trkpt>
<trkpt lat="37.5299425" lon="127.2762607">
<ele>35.606</ele>
<time>2026-08-29T00:54:42Z</time>
</trkpt>
<trkpt lat="37.5299677" lon="127.276192">
<ele>35.771</ele>
<time>2026-08-29T00:54:43Z</time>
</trkpt>
<trkpt lat="37.5299926" lon="127.2761238">
<ele>35.992</ele>
<time>2026-08-29T00:54:44Z</time>
</trkpt>
<trkpt lat="37.5300172" lon="127.2760562">
<ele>36.089</ele>
<time>2026-08-29T00:54:45Z</time>
</trkpt>
<trkpt lat="37.5300414" lon="127.2759896">
<ele>36.013</ele>
<time>2026-08-29T00:54:46Z</time>
</trkpt>
<trkpt lat="37.5300654" lon="127.2759239">
<ele>35.844</ele>
<time>2026-08-29T00:54:47Z</time>
</trkpt>
<trkpt lat="37.5300892" lon="127.2758592">
<ele>35.704</ele>
<time>2026-08-29T00:54:48Z</time>
</trkpt>
<trkpt lat="37.5301129" lon="127.2757951">
<ele>35.646</ele>
<time>2026-08-29T00:54:49Z</time>
</trkpt>
<trkpt lat="37.5301365" lon="127.2757314">
<ele>35.622</ele>
<time>2026-08-29T00:54:50Z</time>
</trkpt>
<trkpt lat="37.53016" lon="127.2756678">
<ele>35.613</ele>
<time>2026-08-29T00:54:51Z</time>
</trkpt>
<trkpt lat="37.5301834" lon="127.2756044">
<ele>35.549</ele>
<time>2026-08-29T00:54:52Z</time>
</trkpt>
<trkpt lat="37.5302066" lon="127.2755411">
<ele>35.395</ele>
<time>2026-08-29T00:54:53Z</time>
</trkpt>
<trkpt lat="37.5302298" lon="127.2754783">
<ele>35.265</ele>
<time>2026-08-29T00:54:54Z</time>
</trkpt>
<trkpt lat="37.5302528" lon="127.2754161">
<ele>35.315</ele>
<time>2026-08-29T00:54:55Z</time>
</trkpt>
<trkpt lat="37.5302758" lon="127.2753546">
<ele>35.17</ele>
<time>2026-08-29T00:54:56Z</time>
</trkpt>
<trkpt lat="37.5302989" lon="127.2752937">
<ele>35.084</ele>
<time>2026-08-29T00:54:57Z</time>
</trkpt>
<trkpt lat="37.5303224" lon="127.2752326">
<ele>35.062</ele>
<time>2026-08-29T00:54:58Z</time>
</trkpt>
<trkpt lat="37.5303463" lon="127.2751712">
<ele>35.346</ele>
<time>2026-08-29T00:54:59Z</time>
</trkpt>
<trkpt lat="37.5303706" lon="127.27511">
<ele>35.391</ele>
<time>2026-08-29T00:55:00Z</time>
</trkpt>
<trkpt lat="37.5303949" lon="127.2750494">
<ele>35.309</ele>
<time>2026-08-29T00:55:01Z</time>
</trkpt>
<trkpt lat="37.5304189" lon="127.2749886">
<ele>35.222</ele>
<time>2026-08-29T00:55:02Z</time>
</trkpt>
<trkpt lat="37.530443" lon="127.2749282">
<ele>35.266</ele>
<time>2026-08-29T00:55:03Z</time>
</trkpt>
<trkpt lat="37.5304672" lon="127.2748682">
<ele>35.492</ele>
<time>2026-08-29T00:55:04Z</time>
</trkpt>
<trkpt lat="37.5304916" lon="127.2748086">
<ele>35.591</ele>
<time>2026-08-29T00:55:05Z</time>
</trkpt>
<trkpt lat="37.5305161" lon="127.2747492">
<ele>35.514</ele>
<time>2026-08-29T00:55:06Z</time>
</trkpt>
<trkpt lat="37.5305408" lon="127.2746898">
<ele>35.535</ele>
<time>2026-08-29T00:55:07Z</time>
</trkpt>
<trkpt lat="37.5305657" lon="127.2746304">
<ele>35.593</ele>
<time>2026-08-29T00:55:08Z</time>
</trkpt>
<trkpt lat="37.5305908" lon="127.274571">
<ele>35.667</ele>
<time>2026-08-29T00:55:09Z</time>
</trkpt>
<trkpt lat="37.5306161" lon="127.2745118">
<ele>35.596</ele>
<time>2026-08-29T00:55:10Z</time>
</trkpt>
<trkpt lat="37.5306417" lon="127.2744525">
<ele>35.611</ele>
<time>2026-08-29T00:55:11Z</time>
</trkpt>
<trkpt lat="37.5306676" lon="127.2743932">
<ele>35.631</ele>
<time>2026-08-29T00:55:12Z</time>
</trkpt>
<trkpt lat="37.5306939" lon="127.2743339">
<ele>35.626</ele>
<time>2026-08-29T00:55:13Z</time>
</trkpt>
<trkpt lat="37.5307204" lon="127.2742745">
<ele>35.695</ele>
<time>2026-08-29T00:55:14Z</time>
</trkpt>
<trkpt lat="37.5307472" lon="127.2742148">
<ele>35.667</ele>
<time>2026-08-29T00:55:15Z</time>
</trkpt>
<trkpt lat="37.5307742" lon="127.2741548">
<ele>35.606</ele>
<time>2026-08-29T00:55:16Z</time>
</trkpt>
<trkpt lat="37.5308014" lon="127.2740946">
<ele>35.673</ele>
<time>2026-08-29T00:55:17Z</time>
</trkpt>
<trkpt lat="37.5308288" lon="127.2740342">
<ele>35.673</ele>
<time>2026-08-29T00:55:18Z</time>
</trkpt>
<trkpt lat="37.5308565" lon="127.2739736">
<ele>35.603</ele>
<time>2026-08-29T00:55:19Z</time>
</trkpt>
<trkpt lat="37.5308843" lon="127.2739128">
<ele>35.614</ele>
<time>2026-08-29T00:55:20Z</time>
</trkpt>
<trkpt lat="37.5309122" lon="127.273852">
<ele>35.539</ele>
<time>2026-08-29T00:55:21Z</time>
</trkpt>
<trkpt lat="37.5309402" lon="127.273791">
<ele>35.553</ele>
<time>2026-08-29T00:55:22Z</time>
</trkpt>
<trkpt lat="37.5309682" lon="127.27373">
<ele>35.627</ele>
<time>2026-08-29T00:55:23Z</time>
</trkpt>
<trkpt lat="37.530996" lon="127.273669">
<ele>35.696</ele>
<time>2026-08-29T00:55:24Z</time>
</trkpt>
<trkpt lat="37.5310236" lon="127.2736081">
<ele>35.752</ele>
<time>2026-08-29T00:55:25Z</time>
</trkpt>
<trkpt lat="37.5310511" lon="127.2735475">
<ele>35.676</ele>
<time>2026-08-29T00:55:26Z</time>
</trkpt>
<trkpt lat="37.5310795" lon="127.2734858">
<ele>35.556</ele>
<time>2026-08-29T00:55:27Z</time>
</trkpt>
<trkpt lat="37.5311077" lon="127.2734246">
<ele>36.025</ele>
<time>2026-08-29T00:55:28Z</time>
</trkpt>
<trkpt lat="37.5311351" lon="127.2733642">
<ele>36.328</ele>
<time>2026-08-29T00:55:29Z</time>
</trkpt>
<trkpt lat="37.5311619" lon="127.2733048">
<ele>35.781</ele>
<time>2026-08-29T00:55:30Z</time>
</trkpt>
<trkpt lat="37.531188" lon="127.2732462">
<ele>35.467</ele>
<time>2026-08-29T00:55:31Z</time>
</trkpt>
<trkpt lat="37.5312132" lon="127.2731878">
<ele>35.532</ele>
<time>2026-08-29T00:55:32Z</time>
</trkpt>
<trkpt lat="37.531238" lon="127.2731294">
<ele>35.494</ele>
<time>2026-08-29T00:55:33Z</time>
</trkpt>
<trkpt lat="37.5312625" lon="127.2730711">
<ele>35.505</ele>
<time>2026-08-29T00:55:34Z</time>
</trkpt>
<trkpt lat="37.5312867" lon="127.273013">
<ele>35.653</ele>
<time>2026-08-29T00:55:35Z</time>
</trkpt>
<trkpt lat="37.5313107" lon="127.272955">
<ele>35.749</ele>
<time>2026-08-29T00:55:36Z</time>
</trkpt>
<trkpt lat="37.5313346" lon="127.272897">
<ele>35.783</ele>
<time>2026-08-29T00:55:37Z</time>
</trkpt>
<trkpt lat="37.5313583" lon="127.2728391">
<ele>35.744</ele>
<time>2026-08-29T00:55:38Z</time>
</trkpt>
<trkpt lat="37.5313817" lon="127.272781">
<ele>35.566</ele>
<time>2026-08-29T00:55:39Z</time>
</trkpt>
<trkpt lat="37.5314049" lon="127.2727228">
<ele>35.483</ele>
<time>2026-08-29T00:55:40Z</time>
</trkpt>
<trkpt lat="37.5314278" lon="127.2726643">
<ele>35.486</ele>
<time>2026-08-29T00:55:41Z</time>
</trkpt>
<trkpt lat="37.5314505" lon="127.2726054">
<ele>35.499</ele>
<time>2026-08-29T00:55:42Z</time>
</trkpt>
<trkpt lat="37.531473" lon="127.2725461">
<ele>35.478</ele>
<time>2026-08-29T00:55:43Z</time>
</trkpt>
<trkpt lat="37.5314952" lon="127.2724863">
<ele>35.44</ele>
<time>2026-08-29T00:55:44Z</time>
</trkpt>
<trkpt lat="37.5315173" lon="127.272426">
<ele>35.425</ele>
<time>2026-08-29T00:55:45Z</time>
</trkpt>
<trkpt lat="37.5315392" lon="127.2723653">
<ele>35.456</ele>
<time>2026-08-29T00:55:46Z</time>
</trkpt>
<trkpt lat="37.5315607" lon="127.2723038">
<ele>35.386</ele>
<time>2026-08-29T00:55:47Z</time>
</trkpt>
<trkpt lat="37.5315819" lon="127.2722414">
<ele>35.311</ele>
<time>2026-08-29T00:55:48Z</time>
</trkpt>
<trkpt lat="37.5316031" lon="127.2721781">
<ele>35.42</ele>
<time>2026-08-29T00:55:49Z</time>
</trkpt>
<trkpt lat="37.5316244" lon="127.2721138">
<ele>35.47</ele>
<time>2026-08-29T00:55:50Z</time>
</trkpt>
<trkpt lat="37.531646" lon="127.2720486">
<ele>35.489</ele>
<time>2026-08-29T00:55:51Z</time>
</trkpt>
<trkpt lat="37.5316677" lon="127.2719847">
<ele>35.455</ele>
<time>2026-08-29T00:55:52Z</time>
</trkpt>
<trkpt lat="37.5316894" lon="127.2719203">
<ele>35.067</ele>
<time>2026-08-29T00:55:53Z</time>
</trkpt>
<trkpt lat="37.5317111" lon="127.2718556">
<ele>34.826</ele>
<time>2026-08-29T00:55:54Z</time>
</trkpt>
<trkpt lat="37.531733" lon="127.2717904">
<ele>34.931</ele>
<time>2026-08-29T00:55:55Z</time>
</trkpt>
<trkpt lat="37.5317549" lon="127.271725">
<ele>34.913</ele>
<time>2026-08-29T00:55:56Z</time>
</trkpt>
<trkpt lat="37.5317769" lon="127.2716593">
<ele>34.902</ele>
<time>2026-08-29T00:55:57Z</time>
</trkpt>
<trkpt lat="37.531799" lon="127.2715934">
<ele>34.736</ele>
<time>2026-08-29T00:55:58Z</time>
</trkpt>
<trkpt lat="37.5318209" lon="127.2715273">
<ele>34.929</ele>
<time>2026-08-29T00:55:59Z</time>
</trkpt>
<trkpt lat="37.5318431" lon="127.2714606">
<ele>35.203</ele>
<time>2026-08-29T00:56:00Z</time>
</trkpt>
<trkpt lat="37.5318657" lon="127.2713937">
<ele>35.26</ele>
<time>2026-08-29T00:56:01Z</time>
</trkpt>
<trkpt lat="37.5318884" lon="127.2713268">
<ele>35.32</ele>
<time>2026-08-29T00:56:02Z</time>
</trkpt>
<trkpt lat="37.5319111" lon="127.2712604">
<ele>35.419</ele>
<time>2026-08-29T00:56:03Z</time>
</trkpt>
<trkpt lat="37.5319339" lon="127.2711946">
<ele>35.518</ele>
<time>2026-08-29T00:56:04Z</time>
</trkpt>
<trkpt lat="37.531957" lon="127.271129">
<ele>35.457</ele>
<time>2026-08-29T00:56:05Z</time>
</trkpt>
<trkpt lat="37.5319805" lon="127.2710637">
<ele>35.527</ele>
<time>2026-08-29T00:56:06Z</time>
</trkpt>
<trkpt lat="37.5320045" lon="127.2709989">
<ele>35.533</ele>
<time>2026-08-29T00:56:07Z</time>
</trkpt>
<trkpt lat="37.5320291" lon="127.2709347">
<ele>35.429</ele>
<time>2026-08-29T00:56:08Z</time>
</trkpt>
<trkpt lat="37.5320543" lon="127.270871">
<ele>35.437</ele>
<time>2026-08-29T00:56:09Z</time>
</trkpt>
<trkpt lat="37.53208" lon="127.270808">
<ele>35.373</ele>
<time>2026-08-29T00:56:10Z</time>
</trkpt>
<trkpt lat="37.5321062" lon="127.2707454">
<ele>35.166</ele>
<time>2026-08-29T00:56:11Z</time>
</trkpt>
<trkpt lat="37.5321328" lon="127.2706831">
<ele>35.055</ele>
<time>2026-08-29T00:56:12Z</time>
</trkpt>
<trkpt lat="37.5321598" lon="127.270621">
<ele>35.047</ele>
<time>2026-08-29T00:56:13Z</time>
</trkpt>
<trkpt lat="37.5321872" lon="127.2705589">
<ele>35.104</ele>
<time>2026-08-29T00:56:14Z</time>
</trkpt>
<trkpt lat="37.5322151" lon="127.2704966">
<ele>34.757</ele>
<time>2026-08-29T00:56:15Z</time>
</trkpt>
<trkpt lat="37.5322434" lon="127.270434">
<ele>34.665</ele>
<time>2026-08-29T00:56:16Z</time>
</trkpt>
<trkpt lat="37.5322724" lon="127.2703711">
<ele>34.646</ele>
<time>2026-08-29T00:56:17Z</time>
</trkpt>
<trkpt lat="37.5323021" lon="127.2703077">
<ele>34.828</ele>
<time>2026-08-29T00:56:18Z</time>
</trkpt>
<trkpt lat="37.5323339" lon="127.2702426">
<ele>35.15</ele>
<time>2026-08-29T00:56:19Z</time>
</trkpt>
<trkpt lat="37.5323673" lon="127.270176">
<ele>35.416</ele>
<time>2026-08-29T00:56:20Z</time>
</trkpt>
<trkpt lat="37.5324022" lon="127.2701078">
<ele>35.5</ele>
<time>2026-08-29T00:56:21Z</time>
</trkpt>
<trkpt lat="37.5324382" lon="127.2700386">
<ele>35.523</ele>
<time>2026-08-29T00:56:22Z</time>
</trkpt>
<trkpt lat="37.5324745" lon="127.269969">
<ele>35.498</ele>
<time>2026-08-29T00:56:23Z</time>
</trkpt>
<trkpt lat="37.532509" lon="127.2699012">
<ele>35.472</ele>
<time>2026-08-29T00:56:24Z</time>
</trkpt>
<trkpt lat="37.5325439" lon="127.2698332">
<ele>35.475</ele>
<time>2026-08-29T00:56:25Z</time>
</trkpt>
<trkpt lat="37.5325792" lon="127.2697651">
<ele>35.403</ele>
<time>2026-08-29T00:56:26Z</time>
</trkpt>
<trkpt lat="37.5326147" lon="127.269697">
<ele>35.427</ele>
<time>2026-08-29T00:56:27Z</time>
</trkpt>
<trkpt lat="37.5326503" lon="127.269629">
<ele>35.191</ele>
<time>2026-08-29T00:56:28Z</time>
</trkpt>
<trkpt lat="37.5326859" lon="127.2695612">
<ele>35.403</ele>
<time>2026-08-29T00:56:29Z</time>
</trkpt>
<trkpt lat="37.5327214" lon="127.2694938">
<ele>35.46</ele>
<time>2026-08-29T00:56:30Z</time>
</trkpt>
<trkpt lat="37.5327566" lon="127.2694267">
<ele>35.486</ele>
<time>2026-08-29T00:56:31Z</time>
</trkpt>
<trkpt lat="37.5327915" lon="127.2693603">
<ele>35.424</ele>
<time>2026-08-29T00:56:32Z</time>
</trkpt>
<trkpt lat="37.5328258" lon="127.2692945">
<ele>35.358</ele>
<time>2026-08-29T00:56:33Z</time>
</trkpt>
<trkpt lat="37.5328596" lon="127.2692294">
<ele>35.439</ele>
<time>2026-08-29T00:56:34Z</time>
</trkpt>
<trkpt lat="37.5328928" lon="127.2691652">
<ele>35.344</ele>
<time>2026-08-29T00:56:35Z</time>
</trkpt>
<trkpt lat="37.5329275" lon="127.2690991">
<ele>35.289</ele>
<time>2026-08-29T00:56:36Z</time>
</trkpt>
<trkpt lat="37.5329613" lon="127.2690347">
<ele>35.344</ele>
<time>2026-08-29T00:56:37Z</time>
</trkpt>
<trkpt lat="37.5329939" lon="127.2689721">
<ele>35.456</ele>
<time>2026-08-29T00:56:38Z</time>
</trkpt>
<trkpt lat="37.5330251" lon="127.2689111">
<ele>35.395</ele>
<time>2026-08-29T00:56:39Z</time>
</trkpt>
<trkpt lat="37.5330551" lon="127.268851">
<ele>35.346</ele>
<time>2026-08-29T00:56:40Z</time>
</trkpt>
<trkpt lat="37.5330834" lon="127.2687916">
<ele>35.378</ele>
<time>2026-08-29T00:56:41Z</time>
</trkpt>
<trkpt lat="37.5331111" lon="127.2687324">
<ele>35.391</ele>
<time>2026-08-29T00:56:42Z</time>
</trkpt>
<trkpt lat="37.533138" lon="127.2686735">
<ele>35.316</ele>
<time>2026-08-29T00:56:43Z</time>
</trkpt>
<trkpt lat="37.5331643" lon="127.2686147">
<ele>35.329</ele>
<time>2026-08-29T00:56:44Z</time>
</trkpt>
<trkpt lat="37.5331898" lon="127.2685558">
<ele>35.254</ele>
<time>2026-08-29T00:56:45Z</time>
</trkpt>
<trkpt lat="37.5332145" lon="127.2684969">
<ele>35.199</ele>
<time>2026-08-29T00:56:46Z</time>
</trkpt>
<trkpt lat="37.5332383" lon="127.2684377">
<ele>35.125</ele>
<time>2026-08-29T00:56:47Z</time>
</trkpt>
<trkpt lat="37.5332612" lon="127.2683785">
<ele>35.225</ele>
<time>2026-08-29T00:56:48Z</time>
</trkpt>
<trkpt lat="37.5332831" lon="127.2683193">
<ele>35.18</ele>
<time>2026-08-29T00:56:49Z</time>
</trkpt>
<trkpt lat="37.5333039" lon="127.2682603">
<ele>34.937</ele>
<time>2026-08-29T00:56:50Z</time>
</trkpt>
<trkpt lat="37.5333238" lon="127.2682017">
<ele>34.934</ele>
<time>2026-08-29T00:56:51Z</time>
</trkpt>
<trkpt lat="37.5333427" lon="127.2681435">
<ele>34.995</ele>
<time>2026-08-29T00:56:52Z</time>
</trkpt>
<trkpt lat="37.5333608" lon="127.2680857">
<ele>35.116</ele>
<time>2026-08-29T00:56:53Z</time>
</trkpt>
<trkpt lat="37.533378" lon="127.2680283">
<ele>35.118</ele>
<time>2026-08-29T00:56:54Z</time>
</trkpt>
<trkpt lat="37.5333947" lon="127.2679709">
<ele>35.117</ele>
<time>2026-08-29T00:56:55Z</time>
</trkpt>
<trkpt lat="37.5334107" lon="127.2679136">
<ele>34.958</ele>
<time>2026-08-29T00:56:56Z</time>
</trkpt>
<trkpt lat="37.5334264" lon="127.2678564">
<ele>34.918</ele>
<time>2026-08-29T00:56:57Z</time>
</trkpt>
<trkpt lat="37.5334418" lon="127.2677996">
<ele>34.91</ele>
<time>2026-08-29T00:56:58Z</time>
</trkpt>
<trkpt lat="37.5334569" lon="127.2677434">
<ele>34.753</ele>
<time>2026-08-29T00:56:59Z</time>
</trkpt>
<trkpt lat="37.5334719" lon="127.2676875">
<ele>34.668</ele>
<time>2026-08-29T00:57:00Z</time>
</trkpt>
<trkpt lat="37.5334872" lon="127.2676311">
<ele>34.95</ele>
<time>2026-08-29T00:57:01Z</time>
</trkpt>
<trkpt lat="37.5335024" lon="127.267575">
<ele>34.879</ele>
<time>2026-08-29T00:57:02Z</time>
</trkpt>
<trkpt lat="37.5335174" lon="127.2675189">
<ele>34.798</ele>
<time>2026-08-29T00:57:03Z</time>
</trkpt>
<trkpt lat="37.5335323" lon="127.267463">
<ele>34.889</ele>
<time>2026-08-29T00:57:04Z</time>
</trkpt>
<trkpt lat="37.5335472" lon="127.2674071">
<ele>34.801</ele>
<time>2026-08-29T00:57:05Z</time>
</trkpt>
<trkpt lat="37.533562" lon="127.2673512">
<ele>34.64</ele>
<time>2026-08-29T00:57:06Z</time>
</trkpt>
<trkpt lat="37.5335768" lon="127.2672954">
<ele>34.814</ele>
<time>2026-08-29T00:57:07Z</time>
</trkpt>
<trkpt lat="37.5335916" lon="127.2672398">
<ele>34.772</ele>
<time>2026-08-29T00:57:08Z</time>
</trkpt>
<trkpt lat="37.5336063" lon="127.2671844">
<ele>34.784</ele>
<time>2026-08-29T00:57:09Z</time>
</trkpt>
<trkpt lat="37.5336207" lon="127.2671291">
<ele>34.824</ele>
<time>2026-08-29T00:57:10Z</time>
</trkpt>
<trkpt lat="37.5336352" lon="127.2670738">
<ele>34.815</ele>
<time>2026-08-29T00:57:11Z</time>
</trkpt>
<trkpt lat="37.5336499" lon="127.2670183">
<ele>34.762</ele>
<time>2026-08-29T00:57:12Z</time>
</trkpt>
<trkpt lat="37.5336647" lon="127.2669625">
<ele>34.666</ele>
<time>2026-08-29T00:57:13Z</time>
</trkpt>
<trkpt lat="37.5336798" lon="127.2669066">
<ele>34.648</ele>
<time>2026-08-29T00:57:14Z</time>
</trkpt>
<trkpt lat="37.5336948" lon="127.2668513">
<ele>34.792</ele>
<time>2026-08-29T00:57:15Z</time>
</trkpt>
<trkpt lat="37.5337097" lon="127.2667963">
<ele>34.752</ele>
<time>2026-08-29T00:57:16Z</time>
</trkpt>
<trkpt lat="37.5337245" lon="127.2667418">
<ele>34.849</ele>
<time>2026-08-29T00:57:17Z</time>
</trkpt>
<trkpt lat="37.5337394" lon="127.2666877">
<ele>34.786</ele>
<time>2026-08-29T00:57:18Z</time>
</trkpt>
<trkpt lat="37.5337545" lon="127.266634">
<ele>34.829</ele>
<time>2026-08-29T00:57:19Z</time>
</trkpt>
<trkpt lat="37.53377" lon="127.2665808">
<ele>35.071</ele>
<time>2026-08-29T00:57:20Z</time>
</trkpt>
<trkpt lat="37.5337861" lon="127.2665278">
<ele>34.942</ele>
<time>2026-08-29T00:57:21Z</time>
</trkpt>
<trkpt lat="37.5338029" lon="127.2664751">
<ele>35.006</ele>
<time>2026-08-29T00:57:22Z</time>
</trkpt>
<trkpt lat="37.5338205" lon="127.2664227">
<ele>35.132</ele>
<time>2026-08-29T00:57:23Z</time>
</trkpt>
<trkpt lat="37.5338388" lon="127.2663706">
<ele>35.116</ele>
<time>2026-08-29T00:57:24Z</time>
</trkpt>
<trkpt lat="37.5338573" lon="127.2663185">
<ele>35.107</ele>
<time>2026-08-29T00:57:25Z</time>
</trkpt>
<trkpt lat="37.5338766" lon="127.2662669">
<ele>35.215</ele>
<time>2026-08-29T00:57:26Z</time>
</trkpt>
<trkpt lat="37.5338966" lon="127.2662159">
<ele>35.184</ele>
<time>2026-08-29T00:57:27Z</time>
</trkpt>
<trkpt lat="37.5339174" lon="127.2661652">
<ele>35.288</ele>
<time>2026-08-29T00:57:28Z</time>
</trkpt>
<trkpt lat="37.5339391" lon="127.2661149">
<ele>35.232</ele>
<time>2026-08-29T00:57:29Z</time>
</trkpt>
<trkpt lat="37.5339617" lon="127.2660644">
<ele>35.372</ele>
<time>2026-08-29T00:57:30Z</time>
</trkpt>
<trkpt lat="37.5339843" lon="127.2660141">
<ele>35.434</ele>
<time>2026-08-29T00:57:31Z</time>
</trkpt>
<trkpt lat="37.5340068" lon="127.2659642">
<ele>35.454</ele>
<time>2026-08-29T00:57:32Z</time>
</trkpt>
<trkpt lat="37.5340293" lon="127.2659151">
<ele>35.459</ele>
<time>2026-08-29T00:57:33Z</time>
</trkpt>
<trkpt lat="37.534052" lon="127.2658671">
<ele>35.6</ele>
<time>2026-08-29T00:57:34Z</time>
</trkpt>
<trkpt lat="37.5340749" lon="127.2658194">
<ele>35.62</ele>
<time>2026-08-29T00:57:35Z</time>
</trkpt>
<trkpt lat="37.534098" lon="127.2657725">
<ele>35.558</ele>
<time>2026-08-29T00:57:36Z</time>
</trkpt>
<trkpt lat="37.5341214" lon="127.2657263">
<ele>35.616</ele>
<time>2026-08-29T00:57:37Z</time>
</trkpt>
<trkpt lat="37.534145" lon="127.2656807">
<ele>35.582</ele>
<time>2026-08-29T00:57:38Z</time>
</trkpt>
<trkpt lat="37.5341688" lon="127.2656356">
<ele>35.685</ele>
<time>2026-08-29T00:57:39Z</time>
</trkpt>
<trkpt lat="37.5341927" lon="127.2655908">
<ele>35.7</ele>
<time>2026-08-29T00:57:40Z</time>
</trkpt>
<trkpt lat="37.5342167" lon="127.2655462">
<ele>35.803</ele>
<time>2026-08-29T00:57:41Z</time>
</trkpt>
<trkpt lat="37.5342409" lon="127.265502">
<ele>35.775</ele>
<time>2026-08-29T00:57:42Z</time>
</trkpt>
<trkpt lat="37.5342654" lon="127.265458">
<ele>35.809</ele>
<time>2026-08-29T00:57:43Z</time>
</trkpt>
<trkpt lat="37.5342903" lon="127.2654144">
<ele>35.811</ele>
<time>2026-08-29T00:57:44Z</time>
</trkpt>
<trkpt lat="37.5343156" lon="127.2653711">
<ele>35.818</ele>
<time>2026-08-29T00:57:45Z</time>
</trkpt>
<trkpt lat="37.5343409" lon="127.2653275">
<ele>35.869</ele>
<time>2026-08-29T00:57:46Z</time>
</trkpt>
<trkpt lat="37.5343661" lon="127.2652838">
<ele>36.5</ele>
<time>2026-08-29T00:57:47Z</time>
</trkpt>
<trkpt lat="37.5343914" lon="127.2652401">
<ele>36.527</ele>
<time>2026-08-29T00:57:48Z</time>
</trkpt>
<trkpt lat="37.5344166" lon="127.2651963">
<ele>36.416</ele>
<time>2026-08-29T00:57:49Z</time>
</trkpt>
<trkpt lat="37.5344418" lon="127.2651527">
<ele>36.191</ele>
<time>2026-08-29T00:57:50Z</time>
</trkpt>
<trkpt lat="37.5344671" lon="127.2651091">
<ele>36.083</ele>
<time>2026-08-29T00:57:51Z</time>
</trkpt>
<trkpt lat="37.5344924" lon="127.2650655">
<ele>35.932</ele>
<time>2026-08-29T00:57:52Z</time>
</trkpt>
<trkpt lat="37.5345178" lon="127.2650221">
<ele>35.615</ele>
<time>2026-08-29T00:57:53Z</time>
</trkpt>
<trkpt lat="37.5345433" lon="127.2649788">
<ele>35.67</ele>
<time>2026-08-29T00:57:54Z</time>
</trkpt>
<trkpt lat="37.5345688" lon="127.2649356">
<ele>35.671</ele>
<time>2026-08-29T00:57:55Z</time>
</trkpt>
<trkpt lat="37.5345944" lon="127.2648926">
<ele>35.765</ele>
<time>2026-08-29T00:57:56Z</time>
</trkpt>
<trkpt lat="37.53462" lon="127.2648497">
<ele>35.946</ele>
<time>2026-08-29T00:57:57Z</time>
</trkpt>
<trkpt lat="37.5346457" lon="127.264807">
<ele>35.687</ele>
<time>2026-08-29T00:57:58Z</time>
</trkpt>
<trkpt lat="37.5346714" lon="127.2647645">
<ele>35.982</ele>
<time>2026-08-29T00:57:59Z</time>
</trkpt>
<trkpt lat="37.534697" lon="127.2647215">
<ele>36.386</ele>
<time>2026-08-29T00:58:00Z</time>
</trkpt>
<trkpt lat="37.5347227" lon="127.2646787">
<ele>36.54</ele>
<time>2026-08-29T00:58:01Z</time>
</trkpt>
<trkpt lat="37.5347484" lon="127.2646362">
<ele>36.582</ele>
<time>2026-08-29T00:58:02Z</time>
</trkpt>
<trkpt lat="37.5347742" lon="127.2645942">
<ele>36.615</ele>
<time>2026-08-29T00:58:03Z</time>
</trkpt>
<trkpt lat="37.5348002" lon="127.2645529">
<ele>36.738</ele>
<time>2026-08-29T00:58:04Z</time>
</trkpt>
<trkpt lat="37.5348264" lon="127.2645123">
<ele>36.802</ele>
<time>2026-08-29T00:58:05Z</time>
</trkpt>
<trkpt lat="37.5348526" lon="127.2644719">
<ele>36.829</ele>
<time>2026-08-29T00:58:06Z</time>
</trkpt>
<trkpt lat="37.5348787" lon="127.2644313">
<ele>36.832</ele>
<time>2026-08-29T00:58:07Z</time>
</trkpt>
<trkpt lat="37.5349045" lon="127.2643902">
<ele>36.839</ele>
<time>2026-08-29T00:58:08Z</time>
</trkpt>
<trkpt lat="37.5349298" lon="127.2643484">
<ele>36.854</ele>
<time>2026-08-29T00:58:09Z</time>
</trkpt>
<trkpt lat="37.5349546" lon="127.2643058">
<ele>36.951</ele>
<time>2026-08-29T00:58:10Z</time>
</trkpt>
<trkpt lat="37.5349789" lon="127.2642625">
<ele>37.022</ele>
<time>2026-08-29T00:58:11Z</time>
</trkpt>
<trkpt lat="37.5350027" lon="127.2642183">
<ele>37.015</ele>
<time>2026-08-29T00:58:12Z</time>
</trkpt>
<trkpt lat="37.5350261" lon="127.2641735">
<ele>37.118</ele>
<time>2026-08-29T00:58:13Z</time>
</trkpt>
<trkpt lat="37.5350494" lon="127.2641282">
<ele>37.151</ele>
<time>2026-08-29T00:58:14Z</time>
</trkpt>
<trkpt lat="37.5350726" lon="127.2640822">
<ele>37.155</ele>
<time>2026-08-29T00:58:15Z</time>
</trkpt>
<trkpt lat="37.5350958" lon="127.2640357">
<ele>37.149</ele>
<time>2026-08-29T00:58:16Z</time>
</trkpt>
<trkpt lat="37.5351192" lon="127.2639886">
<ele>37.202</ele>
<time>2026-08-29T00:58:17Z</time>
</trkpt>
<trkpt lat="37.5351427" lon="127.2639408">
<ele>37.223</ele>
<time>2026-08-29T00:58:18Z</time>
</trkpt>
<trkpt lat="37.5351663" lon="127.2638925">
<ele>37.252</ele>
<time>2026-08-29T00:58:19Z</time>
</trkpt>
<trkpt lat="37.5351901" lon="127.263843">
<ele>37.32</ele>
<time>2026-08-29T00:58:20Z</time>
</trkpt>
<trkpt lat="37.535214" lon="127.263793">
<ele>37.362</ele>
<time>2026-08-29T00:58:21Z</time>
</trkpt>
<trkpt lat="37.535238" lon="127.2637427">
<ele>37.397</ele>
<time>2026-08-29T00:58:22Z</time>
</trkpt>
<trkpt lat="37.5352618" lon="127.2636923">
<ele>37.536</ele>
<time>2026-08-29T00:58:23Z</time>
</trkpt>
<trkpt lat="37.5352853" lon="127.2636421">
<ele>37.607</ele>
<time>2026-08-29T00:58:24Z</time>
</trkpt>
<trkpt lat="37.5353088" lon="127.2635923">
<ele>37.479</ele>
<time>2026-08-29T00:58:25Z</time>
</trkpt>
<trkpt lat="37.5353322" lon="127.2635425">
<ele>37.407</ele>
<time>2026-08-29T00:58:26Z</time>
</trkpt>
<trkpt lat="37.5353554" lon="127.2634926">
<ele>37.479</ele>
<time>2026-08-29T00:58:27Z</time>
</trkpt>
<trkpt lat="37.5353785" lon="127.2634427">
<ele>37.64</ele>
<time>2026-08-29T00:58:28Z</time>
</trkpt>
<trkpt lat="37.5354015" lon="127.2633929">
<ele>37.791</ele>
<time>2026-08-29T00:58:29Z</time>
</trkpt>
<trkpt lat="37.5354242" lon="127.2633431">
<ele>37.781</ele>
<time>2026-08-29T00:58:30Z</time>
</trkpt>
<trkpt lat="37.5354467" lon="127.2632934">
<ele>37.736</ele>
<time>2026-08-29T00:58:31Z</time>
</trkpt>
<trkpt lat="37.5354692" lon="127.2632438">
<ele>37.742</ele>
<time>2026-08-29T00:58:32Z</time>
</trkpt>
<trkpt lat="37.5354914" lon="127.2631943">
<ele>37.67</ele>
<time>2026-08-29T00:58:33Z</time>
</trkpt>
<trkpt lat="37.5355135" lon="127.2631449">
<ele>37.579</ele>
<time>2026-08-29T00:58:34Z</time>
</trkpt>
<trkpt lat="37.5355355" lon="127.2630957">
<ele>37.734</ele>
<time>2026-08-29T00:58:35Z</time>
</trkpt>
<trkpt lat="37.5355573" lon="127.2630467">
<ele>37.889</ele>
<time>2026-08-29T00:58:36Z</time>
</trkpt>
<trkpt lat="37.5355791" lon="127.2629977">
<ele>38.019</ele>
<time>2026-08-29T00:58:37Z</time>
</trkpt>
<trkpt lat="37.5356007" lon="127.262949">
<ele>38.007</ele>
<time>2026-08-29T00:58:38Z</time>
</trkpt>
<trkpt lat="37.5356222" lon="127.2629006">
<ele>38.081</ele>
<time>2026-08-29T00:58:39Z</time>
</trkpt>
<trkpt lat="37.5356438" lon="127.2628523">
<ele>38.079</ele>
<time>2026-08-29T00:58:40Z</time>
</trkpt>
<trkpt lat="37.5356652" lon="127.2628043">
<ele>38.048</ele>
<time>2026-08-29T00:58:41Z</time>
</trkpt>
<trkpt lat="37.5356866" lon="127.2627564">
<ele>38.037</ele>
<time>2026-08-29T00:58:42Z</time>
</trkpt>
<trkpt lat="37.5357082" lon="127.2627087">
<ele>38.11</ele>
<time>2026-08-29T00:58:43Z</time>
</trkpt>
<trkpt lat="37.5357299" lon="127.2626612">
<ele>38.2</ele>
<time>2026-08-29T00:58:44Z</time>
</trkpt>
<trkpt lat="37.5357517" lon="127.2626138">
<ele>38.237</ele>
<time>2026-08-29T00:58:45Z</time>
</trkpt>
<trkpt lat="37.5357737" lon="127.2625666">
<ele>38.26</ele>
<time>2026-08-29T00:58:46Z</time>
</trkpt>
<trkpt lat="37.5357958" lon="127.2625194">
<ele>38.341</ele>
<time>2026-08-29T00:58:47Z</time>
</trkpt>
<trkpt lat="37.5358181" lon="127.2624723">
<ele>38.397</ele>
<time>2026-08-29T00:58:48Z</time>
</trkpt>
<trkpt lat="37.5358406" lon="127.2624252">
<ele>38.484</ele>
<time>2026-08-29T00:58:49Z</time>
</trkpt>
<trkpt lat="37.5358632" lon="127.2623781">
<ele>38.525</ele>
<time>2026-08-29T00:58:50Z</time>
</trkpt>
<trkpt lat="37.535886" lon="127.2623312">
<ele>38.582</ele>
<time>2026-08-29T00:58:51Z</time>
</trkpt>
<trkpt lat="37.5359091" lon="127.2622842">
<ele>38.64</ele>
<time>2026-08-29T00:58:52Z</time>
</trkpt>
<trkpt lat="37.5359324" lon="127.2622372">
<ele>38.624</ele>
<time>2026-08-29T00:58:53Z</time>
</trkpt>
<trkpt lat="37.5359551" lon="127.2621908">
<ele>38.637</ele>
<time>2026-08-29T00:58:54Z</time>
</trkpt>
<trkpt lat="37.5359782" lon="127.2621443">
<ele>38.678</ele>
<time>2026-08-29T00:58:55Z</time>
</trkpt>
<trkpt lat="37.5360019" lon="127.2620975">
<ele>38.723</ele>
<time>2026-08-29T00:58:56Z</time>
</trkpt>
<trkpt lat="37.5360261" lon="127.2620501">
<ele>38.652</ele>
<time>2026-08-29T00:58:57Z</time>
</trkpt>
<trkpt lat="37.5360506" lon="127.2620022">
<ele>38.674</ele>
<time>2026-08-29T00:58:58Z</time>
</trkpt>
<trkpt lat="37.5360751" lon="127.2619541">
<ele>38.717</ele>
<time>2026-08-29T00:58:59Z</time>
</trkpt>
<trkpt lat="37.5360998" lon="127.2619058">
<ele>38.779</ele>
<time>2026-08-29T00:59:00Z</time>
</trkpt>
<trkpt lat="37.5361248" lon="127.2618575">
<ele>38.847</ele>
<time>2026-08-29T00:59:01Z</time>
</trkpt>
<trkpt lat="37.53615" lon="127.2618092">
<ele>38.96</ele>
<time>2026-08-29T00:59:02Z</time>
</trkpt>
<trkpt lat="37.5361755" lon="127.2617609">
<ele>38.975</ele>
<time>2026-08-29T00:59:03Z</time>
</trkpt>
<trkpt lat="37.5362014" lon="127.2617126">
<ele>39.04</ele>
<time>2026-08-29T00:59:04Z</time>
</trkpt>
<trkpt lat="37.5362278" lon="127.2616645">
<ele>38.946</ele>
<time>2026-08-29T00:59:05Z</time>
</trkpt>
<trkpt lat="37.5362546" lon="127.2616166">
<ele>39.001</ele>
<time>2026-08-29T00:59:06Z</time>
</trkpt>
<trkpt lat="37.5362818" lon="127.2615691">
<ele>39.023</ele>
<time>2026-08-29T00:59:07Z</time>
</trkpt>
<trkpt lat="37.5363094" lon="127.2615218">
<ele>39.039</ele>
<time>2026-08-29T00:59:08Z</time>
</trkpt>
<trkpt lat="37.5363373" lon="127.2614745">
<ele>39.139</ele>
<time>2026-08-29T00:59:09Z</time>
</trkpt>
<trkpt lat="37.5363654" lon="127.2614273">
<ele>39.109</ele>
<time>2026-08-29T00:59:10Z</time>
</trkpt>
<trkpt lat="37.5363937" lon="127.2613799">
<ele>39.109</ele>
<time>2026-08-29T00:59:11Z</time>
</trkpt>
<trkpt lat="37.5364222" lon="127.2613324">
<ele>39.007</ele>
<time>2026-08-29T00:59:12Z</time>
</trkpt>
<trkpt lat="37.5364509" lon="127.2612848">
<ele>39.066</ele>
<time>2026-08-29T00:59:13Z</time>
</trkpt>
<trkpt lat="37.53648" lon="127.2612373">
<ele>39.061</ele>
<time>2026-08-29T00:59:14Z</time>
</trkpt>
<trkpt lat="37.5365092" lon="127.26119">
<ele>39.15</ele>
<time>2026-08-29T00:59:15Z</time>
</trkpt>
<trkpt lat="37.5365386" lon="127.2611427">
<ele>39.142</ele>
<time>2026-08-29T00:59:16Z</time>
</trkpt>
<trkpt lat="37.5365678" lon="127.2610954">
<ele>39.197</ele>
<time>2026-08-29T00:59:17Z</time>
</trkpt>
<trkpt lat="37.536597" lon="127.261048">
<ele>39.121</ele>
<time>2026-08-29T00:59:18Z</time>
</trkpt>
<trkpt lat="37.5366263" lon="127.2610005">
<ele>38.998</ele>
<time>2026-08-29T00:59:19Z</time>
</trkpt>
<trkpt lat="37.5366557" lon="127.2609529">
<ele>38.977</ele>
<time>2026-08-29T00:59:20Z</time>
</trkpt>
<trkpt lat="37.5366852" lon="127.2609051">
<ele>38.954</ele>
<time>2026-08-29T00:59:21Z</time>
</trkpt>
<trkpt lat="37.536715" lon="127.2608573">
<ele>38.981</ele>
<time>2026-08-29T00:59:22Z</time>
</trkpt>
<trkpt lat="37.5367448" lon="127.2608095">
<ele>39.001</ele>
<time>2026-08-29T00:59:23Z</time>
</trkpt>
<trkpt lat="37.5367748" lon="127.2607616">
<ele>39.043</ele>
<time>2026-08-29T00:59:24Z</time>
</trkpt>
<trkpt lat="37.5368047" lon="127.2607139">
<ele>38.99</ele>
<time>2026-08-29T00:59:25Z</time>
</trkpt>
<trkpt lat="37.5368347" lon="127.2606662">
<ele>39.009</ele>
<time>2026-08-29T00:59:26Z</time>
</trkpt>
<trkpt lat="37.5368647" lon="127.2606186">
<ele>38.931</ele>
<time>2026-08-29T00:59:27Z</time>
</trkpt>
<trkpt lat="37.5368946" lon="127.2605712">
<ele>38.919</ele>
<time>2026-08-29T00:59:28Z</time>
</trkpt>
<trkpt lat="37.5369245" lon="127.2605241">
<ele>38.896</ele>
<time>2026-08-29T00:59:29Z</time>
</trkpt>
<trkpt lat="37.5369543" lon="127.2604774">
<ele>38.978</ele>
<time>2026-08-29T00:59:30Z</time>
</trkpt>
<trkpt lat="37.5369841" lon="127.2604309">
<ele>39.016</ele>
<time>2026-08-29T00:59:31Z</time>
</trkpt>
<trkpt lat="37.5370137" lon="127.2603849">
<ele>39.04</ele>
<time>2026-08-29T00:59:32Z</time>
</trkpt>
<trkpt lat="37.5370433" lon="127.2603394">
<ele>39.082</ele>
<time>2026-08-29T00:59:33Z</time>
</trkpt>
<trkpt lat="37.5370737" lon="127.2602922">
<ele>38.938</ele>
<time>2026-08-29T00:59:34Z</time>
</trkpt>
<trkpt lat="37.5371038" lon="127.2602456">
<ele>38.973</ele>
<time>2026-08-29T00:59:35Z</time>
</trkpt>
<trkpt lat="37.5371333" lon="127.2602001">
<ele>38.994</ele>
<time>2026-08-29T00:59:36Z</time>
</trkpt>
<trkpt lat="37.537162" lon="127.2601561">
<ele>39.03</ele>
<time>2026-08-29T00:59:37Z</time>
</trkpt>
<trkpt lat="37.5371902" lon="127.2601134">
<ele>38.788</ele>
<time>2026-08-29T00:59:38Z</time>
</trkpt>
<trkpt lat="37.5372183" lon="127.2600719">
<ele>38.838</ele>
<time>2026-08-29T00:59:39Z</time>
</trkpt>
<trkpt lat="37.5372465" lon="127.2600308">
<ele>38.721</ele>
<time>2026-08-29T00:59:40Z</time>
</trkpt>
<trkpt lat="37.5372747" lon="127.2599898">
<ele>38.771</ele>
<time>2026-08-29T00:59:41Z</time>
</trkpt>
<trkpt lat="37.537303" lon="127.2599489">
<ele>38.917</ele>
<time>2026-08-29T00:59:42Z</time>
</trkpt>
<trkpt lat="37.5373311" lon="127.2599079">
<ele>39.058</ele>
<time>2026-08-29T00:59:43Z</time>
</trkpt>
<trkpt lat="37.5373593" lon="127.2598669">
<ele>39.225</ele>
<time>2026-08-29T00:59:44Z</time>
</trkpt>
<trkpt lat="37.5373876" lon="127.259826">
<ele>39.015</ele>
<time>2026-08-29T00:59:45Z</time>
</trkpt>
<trkpt lat="37.5374162" lon="127.2597853">
<ele>38.914</ele>
<time>2026-08-29T00:59:46Z</time>
</trkpt>
<trkpt lat="37.5374453" lon="127.259745">
<ele>38.853</ele>
<time>2026-08-29T00:59:47Z</time>
</trkpt>
<trkpt lat="37.5374751" lon="127.2597052">
<ele>38.918</ele>
<time>2026-08-29T00:59:48Z</time>
</trkpt>
<trkpt lat="37.5375056" lon="127.259666">
<ele>38.95</ele>
<time>2026-08-29T00:59:49Z</time>
</trkpt>
<trkpt lat="37.5375369" lon="127.2596273">
<ele>38.978</ele>
<time>2026-08-29T00:59:50Z</time>
</trkpt>
<trkpt lat="37.537569" lon="127.2595892">
<ele>38.949</ele>
<time>2026-08-29T00:59:51Z</time>
</trkpt>
<trkpt lat="37.5376017" lon="127.2595516">
<ele>38.978</ele>
<time>2026-08-29T00:59:52Z</time>
</trkpt>
<trkpt lat="37.5376351" lon="127.2595144">
<ele>38.976</ele>
<time>2026-08-29T00:59:53Z</time>
</trkpt>
<trkpt lat="37.5376696" lon="127.2594778">
<ele>39.019</ele>
<time>2026-08-29T00:59:54Z</time>
</trkpt>
<trkpt lat="37.5377046" lon="127.2594413">
<ele>39.013</ele>
<time>2026-08-29T00:59:55Z</time>
</trkpt>
<trkpt lat="37.5377398" lon="127.2594048">
<ele>38.989</ele>
<time>2026-08-29T00:59:56Z</time>
</trkpt>
<trkpt lat="37.5377751" lon="127.2593681">
<ele>38.882</ele>
<time>2026-08-29T00:59:57Z</time>
</trkpt>
<trkpt lat="37.5378102" lon="127.2593312">
<ele>38.842</ele>
<time>2026-08-29T00:59:58Z</time>
</trkpt>
<trkpt lat="37.5378449" lon="127.2592945">
<ele>38.833</ele>
<time>2026-08-29T00:59:59Z</time>
</trkpt>
<trkpt lat="37.5378798" lon="127.2592578">
<ele>38.793</ele>
<time>2026-08-29T01:00:00Z</time>
</trkpt>
<trkpt lat="37.5379148" lon="127.2592211">
<ele>38.816</ele>
<time>2026-08-29T01:00:01Z</time>
</trkpt>
<trkpt lat="37.5379499" lon="127.2591844">
<ele>38.766</ele>
<time>2026-08-29T01:00:02Z</time>
</trkpt>
<trkpt lat="37.537985" lon="127.2591478">
<ele>38.759</ele>
<time>2026-08-29T01:00:03Z</time>
</trkpt>
<trkpt lat="37.5380201" lon="127.2591113">
<ele>38.724</ele>
<time>2026-08-29T01:00:04Z</time>
</trkpt>
<trkpt lat="37.5380552" lon="127.2590747">
<ele>38.793</ele>
<time>2026-08-29T01:00:05Z</time>
</trkpt>
<trkpt lat="37.5380902" lon="127.2590381">
<ele>38.705</ele>
<time>2026-08-29T01:00:06Z</time>
</trkpt>
<trkpt lat="37.5381252" lon="127.2590015">
<ele>38.66</ele>
<time>2026-08-29T01:00:07Z</time>
</trkpt>
<trkpt lat="37.5381601" lon="127.2589651">
<ele>38.61</ele>
<time>2026-08-29T01:00:08Z</time>
</trkpt>
<trkpt lat="37.5381949" lon="127.2589287">
<ele>38.473</ele>
<time>2026-08-29T01:00:09Z</time>
</trkpt>
<trkpt lat="37.5382296" lon="127.2588924">
<ele>38.317</ele>
<time>2026-08-29T01:00:10Z</time>
</trkpt>
<trkpt lat="37.5382641" lon="127.2588561">
<ele>38.461</ele>
<time>2026-08-29T01:00:11Z</time>
</trkpt>
<trkpt lat="37.5382985" lon="127.25882">
<ele>38.327</ele>
<time>2026-08-29T01:00:12Z</time>
</trkpt>
<trkpt lat="37.5383328" lon="127.2587839">
<ele>38.497</ele>
<time>2026-08-29T01:00:13Z</time>
</trkpt>
<trkpt lat="37.5383669" lon="127.2587478">
<ele>38.558</ele>
<time>2026-08-29T01:00:14Z</time>
</trkpt>
<trkpt lat="37.538401" lon="127.2587119">
<ele>38.537</ele>
<time>2026-08-29T01:00:15Z</time>
</trkpt>
<trkpt lat="37.5384351" lon="127.258676">
<ele>38.554</ele>
<time>2026-08-29T01:00:16Z</time>
</trkpt>
<trkpt lat="37.5384691" lon="127.25864">
<ele>38.732</ele>
<time>2026-08-29T01:00:17Z</time>
</trkpt>
<trkpt lat="37.538503" lon="127.258604">
<ele>38.777</ele>
<time>2026-08-29T01:00:18Z</time>
</trkpt>
<trkpt lat="37.538537" lon="127.258568">
<ele>38.594</ele>
<time>2026-08-29T01:00:19Z</time>
</trkpt>
<trkpt lat="37.538571" lon="127.2585319">
<ele>38.618</ele>
<time>2026-08-29T01:00:20Z</time>
</trkpt>
<trkpt lat="37.5386049" lon="127.258496">
<ele>38.63</ele>
<time>2026-08-29T01:00:21Z</time>
</trkpt>
<trkpt lat="37.5386388" lon="127.25846">
<ele>38.687</ele>
<time>2026-08-29T01:00:22Z</time>
</trkpt>
<trkpt lat="37.5386725" lon="127.2584241">
<ele>38.646</ele>
<time>2026-08-29T01:00:23Z</time>
</trkpt>
<trkpt lat="37.5387063" lon="127.2583881">
<ele>38.591</ele>
<time>2026-08-29T01:00:24Z</time>
</trkpt>
<trkpt lat="37.53874" lon="127.2583522">
<ele>38.543</ele>
<time>2026-08-29T01:00:25Z</time>
</trkpt>
<trkpt lat="37.5387737" lon="127.2583163">
<ele>38.527</ele>
<time>2026-08-29T01:00:26Z</time>
</trkpt>
<trkpt lat="37.5388074" lon="127.2582803">
<ele>38.38</ele>
<time>2026-08-29T01:00:27Z</time>
</trkpt>
<trkpt lat="37.5388411" lon="127.2582444">
<ele>38.18</ele>
<time>2026-08-29T01:00:28Z</time>
</trkpt>
<trkpt lat="37.5388747" lon="127.2582085">
<ele>38.438</ele>
<time>2026-08-29T01:00:29Z</time>
</trkpt>
<trkpt lat="37.5389082" lon="127.2581728">
<ele>38.357</ele>
<time>2026-08-29T01:00:30Z</time>
</trkpt>
<trkpt lat="37.5389418" lon="127.2581372">
<ele>38.463</ele>
<time>2026-08-29T01:00:31Z</time>
</trkpt>
<trkpt lat="37.5389753" lon="127.2581018">
<ele>38.363</ele>
<time>2026-08-29T01:00:32Z</time>
</trkpt>
<trkpt lat="37.5390088" lon="127.2580664">
<ele>38.33</ele>
<time>2026-08-29T01:00:33Z</time>
</trkpt>
<trkpt lat="37.5390422" lon="127.2580312">
<ele>38.248</ele>
<time>2026-08-29T01:00:34Z</time>
</trkpt>
<trkpt lat="37.5390755" lon="127.2579961">
<ele>38.187</ele>
<time>2026-08-29T01:00:35Z</time>
</trkpt>
<trkpt lat="37.5391088" lon="127.2579611">
<ele>38.126</ele>
<time>2026-08-29T01:00:36Z</time>
</trkpt>
<trkpt lat="37.539142" lon="127.2579262">
<ele>38.097</ele>
<time>2026-08-29T01:00:37Z</time>
</trkpt>
<trkpt lat="37.5391752" lon="127.2578914">
<ele>38.035</ele>
<time>2026-08-29T01:00:38Z</time>
</trkpt>
<trkpt lat="37.5392083" lon="127.2578566">
<ele>38.135</ele>
<time>2026-08-29T01:00:39Z</time>
</trkpt>
<trkpt lat="37.5392414" lon="127.2578216">
<ele>38.252</ele>
<time>2026-08-29T01:00:40Z</time>
</trkpt>
<trkpt lat="37.5392745" lon="127.2577867">
<ele>38.278</ele>
<time>2026-08-29T01:00:41Z</time>
</trkpt>
<trkpt lat="37.5393077" lon="127.2577516">
<ele>38.155</ele>
<time>2026-08-29T01:00:42Z</time>
</trkpt>
<trkpt lat="37.5393409" lon="127.2577164">
<ele>38.114</ele>
<time>2026-08-29T01:00:43Z</time>
</trkpt>
<trkpt lat="37.5393742" lon="127.2576811">
<ele>38.067</ele>
<time>2026-08-29T01:00:44Z</time>
</trkpt>
<trkpt lat="37.5394076" lon="127.2576456">
<ele>37.847</ele>
<time>2026-08-29T01:00:45Z</time>
</trkpt>
<trkpt lat="37.539441" lon="127.2576101">
<ele>37.836</ele>
<time>2026-08-29T01:00:46Z</time>
</trkpt>
<trkpt lat="37.5394745" lon="127.2575744">
<ele>37.747</ele>
<time>2026-08-29T01:00:47Z</time>
</trkpt>
<trkpt lat="37.539508" lon="127.2575385">
<ele>37.846</ele>
<time>2026-08-29T01:00:48Z</time>
</trkpt>
<trkpt lat="37.5395416" lon="127.2575023">
<ele>38.007</ele>
<time>2026-08-29T01:00:49Z</time>
</trkpt>
<trkpt lat="37.5395754" lon="127.2574658">
<ele>38.153</ele>
<time>2026-08-29T01:00:50Z</time>
</trkpt>
<trkpt lat="37.5396092" lon="127.2574291">
<ele>38.119</ele>
<time>2026-08-29T01:00:51Z</time>
</trkpt>
<trkpt lat="37.5396431" lon="127.2573921">
<ele>38.03</ele>
<time>2026-08-29T01:00:52Z</time>
</trkpt>
<trkpt lat="37.5396771" lon="127.2573549">
<ele>37.901</ele>
<time>2026-08-29T01:00:53Z</time>
</trkpt>
<trkpt lat="37.5397113" lon="127.2573177">
<ele>37.7</ele>
<time>2026-08-29T01:00:54Z</time>
</trkpt>
<trkpt lat="37.5397455" lon="127.2572804">
<ele>37.616</ele>
<time>2026-08-29T01:00:55Z</time>
</trkpt>
<trkpt lat="37.5397796" lon="127.2572431">
<ele>37.519</ele>
<time>2026-08-29T01:00:56Z</time>
</trkpt>
<trkpt lat="37.5398137" lon="127.2572057">
<ele>37.603</ele>
<time>2026-08-29T01:00:57Z</time>
</trkpt>
<trkpt lat="37.5398478" lon="127.2571685">
<ele>37.677</ele>
<time>2026-08-29T01:00:58Z</time>
</trkpt>
<trkpt lat="37.5398818" lon="127.2571314">
<ele>37.611</ele>
<time>2026-08-29T01:00:59Z</time>
</trkpt>
<trkpt lat="37.5399157" lon="127.2570945">
<ele>37.515</ele>
<time>2026-08-29T01:01:00Z</time>
</trkpt>
<trkpt lat="37.5399494" lon="127.2570578">
<ele>37.391</ele>
<time>2026-08-29T01:01:01Z</time>
</trkpt>
<trkpt lat="37.539983" lon="127.2570212">
<ele>37.24</ele>
<time>2026-08-29T01:01:02Z</time>
</trkpt>
<trkpt lat="37.5400164" lon="127.2569849">
<ele>37.228</ele>
<time>2026-08-29T01:01:03Z</time>
</trkpt>
<trkpt lat="37.5400495" lon="127.2569489">
<ele>37.617</ele>
<time>2026-08-29T01:01:04Z</time>
</trkpt>
<trkpt lat="37.5400823" lon="127.2569132">
<ele>37.979</ele>
<time>2026-08-29T01:01:05Z</time>
</trkpt>
<trkpt lat="37.5401146" lon="127.256878">
<ele>37.612</ele>
<time>2026-08-29T01:01:06Z</time>
</trkpt>
<trkpt lat="37.5401465" lon="127.2568431">
<ele>37.446</ele>
<time>2026-08-29T01:01:07Z</time>
</trkpt>
<trkpt lat="37.5401779" lon="127.2568086">
<ele>37.461</ele>
<time>2026-08-29T01:01:08Z</time>
</trkpt>
<trkpt lat="37.5402088" lon="127.2567745">
<ele>37.459</ele>
<time>2026-08-29T01:01:09Z</time>
</trkpt>
<trkpt lat="37.5402391" lon="127.2567408">
<ele>37.467</ele>
<time>2026-08-29T01:01:10Z</time>
</trkpt>
<trkpt lat="37.5402691" lon="127.2567073">
<ele>37.437</ele>
<time>2026-08-29T01:01:11Z</time>
</trkpt>
<trkpt lat="37.5402986" lon="127.2566741">
<ele>37.464</ele>
<time>2026-08-29T01:01:12Z</time>
</trkpt>
<trkpt lat="37.5403277" lon="127.2566409">
<ele>37.439</ele>
<time>2026-08-29T01:01:13Z</time>
</trkpt>
<trkpt lat="37.5403566" lon="127.2566081">
<ele>37.432</ele>
<time>2026-08-29T01:01:14Z</time>
</trkpt>
<trkpt lat="37.5403851" lon="127.2565753">
<ele>37.333</ele>
<time>2026-08-29T01:01:15Z</time>
</trkpt>
<trkpt lat="37.5404136" lon="127.2565428">
<ele>37.258</ele>
<time>2026-08-29T01:01:16Z</time>
</trkpt>
<trkpt lat="37.5404418" lon="127.2565104">
<ele>37.225</ele>
<time>2026-08-29T01:01:17Z</time>
</trkpt>
<trkpt lat="37.5404698" lon="127.2564783">
<ele>37.191</ele>
<time>2026-08-29T01:01:18Z</time>
</trkpt>
<trkpt lat="37.5404971" lon="127.2564461">
<ele>37.096</ele>
<time>2026-08-29T01:01:19Z</time>
</trkpt>
<trkpt lat="37.5405239" lon="127.2564138">
<ele>37.02</ele>
<time>2026-08-29T01:01:20Z</time>
</trkpt>
<trkpt lat="37.5405509" lon="127.256381">
<ele>36.98</ele>
<time>2026-08-29T01:01:21Z</time>
</trkpt>
<trkpt lat="37.5405785" lon="127.2563478">
<ele>36.949</ele>
<time>2026-08-29T01:01:22Z</time>
</trkpt>
<trkpt lat="37.5406072" lon="127.2563151">
<ele>36.697</ele>
<time>2026-08-29T01:01:23Z</time>
</trkpt>
<trkpt lat="37.5406361" lon="127.2562831">
<ele>36.627</ele>
<time>2026-08-29T01:01:24Z</time>
</trkpt>
<trkpt lat="37.5406648" lon="127.2562514">
<ele>36.698</ele>
<time>2026-08-29T01:01:25Z</time>
</trkpt>
<trkpt lat="37.5406929" lon="127.2562198">
<ele>36.768</ele>
<time>2026-08-29T01:01:26Z</time>
</trkpt>
<trkpt lat="37.5407199" lon="127.2561879">
<ele>36.689</ele>
<time>2026-08-29T01:01:27Z</time>
</trkpt>
<trkpt lat="37.5407456" lon="127.2561553">
<ele>36.559</ele>
<time>2026-08-29T01:01:28Z</time>
</trkpt>
<trkpt lat="37.5407695" lon="127.2561222">
<ele>36.588</ele>
<time>2026-08-29T01:01:29Z</time>
</trkpt>
<trkpt lat="37.5407929" lon="127.2560887">
<ele>36.633</ele>
<time>2026-08-29T01:01:30Z</time>
</trkpt>
<trkpt lat="37.5408138" lon="127.2560548">
<ele>36.589</ele>
<time>2026-08-29T01:01:31Z</time>
</trkpt>
<trkpt lat="37.5408317" lon="127.2560213">
<ele>36.577</ele>
<time>2026-08-29T01:01:32Z</time>
</trkpt>
<trkpt lat="37.5408462" lon="127.2559888">
<ele>36.541</ele>
<time>2026-08-29T01:01:33Z</time>
</trkpt>
<trkpt lat="37.5408577" lon="127.2559567">
<ele>36.532</ele>
<time>2026-08-29T01:01:34Z</time>
</trkpt>
<trkpt lat="37.540867" lon="127.2559243">
<ele>36.456</ele>
<time>2026-08-29T01:01:35Z</time>
</trkpt>
<trkpt lat="37.5408753" lon="127.2558914">
<ele>36.402</ele>
<time>2026-08-29T01:01:36Z</time>
</trkpt>
<trkpt lat="37.5408829" lon="127.255858">
<ele>36.366</ele>
<time>2026-08-29T01:01:37Z</time>
</trkpt>
<trkpt lat="37.5408891" lon="127.2558244">
<ele>36.342</ele>
<time>2026-08-29T01:01:38Z</time>
</trkpt>
<trkpt lat="37.5408931" lon="127.2557912">
<ele>36.219</ele>
<time>2026-08-29T01:01:39Z</time>
</trkpt>
<trkpt lat="37.5408944" lon="127.255759">
<ele>36.194</ele>
<time>2026-08-29T01:01:40Z</time>
</trkpt>
<trkpt lat="37.5408929" lon="127.2557281">
<ele>36.069</ele>
<time>2026-08-29T01:01:41Z</time>
</trkpt>
<trkpt lat="37.5408885" lon="127.2556986">
<ele>35.888</ele>
<time>2026-08-29T01:01:42Z</time>
</trkpt>
<trkpt lat="37.5408835" lon="127.2556695">
<ele>35.731</ele>
<time>2026-08-29T01:01:43Z</time>
</trkpt>
<trkpt lat="37.5408764" lon="127.2556412">
<ele>35.626</ele>
<time>2026-08-29T01:01:44Z</time>
</trkpt>
<trkpt lat="37.5408674" lon="127.2556137">
<ele>35.498</ele>
<time>2026-08-29T01:01:45Z</time>
</trkpt>
<trkpt lat="37.5408566" lon="127.2555867">
<ele>35.25</ele>
<time>2026-08-29T01:01:46Z</time>
</trkpt>
<trkpt lat="37.5408443" lon="127.2555599">
<ele>35.02</ele>
<time>2026-08-29T01:01:47Z</time>
</trkpt>
<trkpt lat="37.5408309" lon="127.2555333">
<ele>34.923</ele>
<time>2026-08-29T01:01:48Z</time>
</trkpt>
<trkpt lat="37.5408167" lon="127.255507">
<ele>34.727</ele>
<time>2026-08-29T01:01:49Z</time>
</trkpt>
<trkpt lat="37.5408025" lon="127.2554824">
<ele>34.453</ele>
<time>2026-08-29T01:01:50Z</time>
</trkpt>
<trkpt lat="37.5407896" lon="127.2554608">
<ele>34.196</ele>
<time>2026-08-29T01:01:51Z</time>
</trkpt>
<trkpt lat="37.5407768" lon="127.2554388">
<ele>33.963</ele>
<time>2026-08-29T01:01:52Z</time>
</trkpt>
<trkpt lat="37.5407646" lon="127.2554183">
<ele>33.823</ele>
<time>2026-08-29T01:01:53Z</time>
</trkpt>
<trkpt lat="37.5407531" lon="127.2553992">
<ele>33.688</ele>
<time>2026-08-29T01:01:54Z</time>
</trkpt>
<trkpt lat="37.5407413" lon="127.2553799">
<ele>33.524</ele>
<time>2026-08-29T01:01:55Z</time>
</trkpt>
<trkpt lat="37.540731" lon="127.2553639">
<ele>33.459</ele>
<time>2026-08-29T01:01:56Z</time>
</trkpt>
<trkpt lat="37.5407215" lon="127.2553493">
<ele>33.396</ele>
<time>2026-08-29T01:01:57Z</time>
</trkpt>
<trkpt lat="37.5407121" lon="127.2553336">
<ele>33.224</ele>
<time>2026-08-29T01:01:58Z</time>
</trkpt>
<trkpt lat="37.5407025" lon="127.2553179">
<ele>33.06</ele>
<time>2026-08-29T01:01:59Z</time>
</trkpt>
<trkpt lat="37.5406929" lon="127.2552989">
<ele>32.882</ele>
<time>2026-08-29T01:02:00Z</time>
</trkpt>
<trkpt lat="37.5406833" lon="127.2552754">
<ele>32.819</ele>
<time>2026-08-29T01:02:01Z</time>
</trkpt>
<trkpt lat="37.5406743" lon="127.2552474">
<ele>32.66</ele>
<time>2026-08-29T01:02:02Z</time>
</trkpt>
<trkpt lat="37.5406662" lon="127.2552163">
<ele>32.484</ele>
<time>2026-08-29T01:02:03Z</time>
</trkpt>
<trkpt lat="37.5406598" lon="127.2551842">
<ele>32.311</ele>
<time>2026-08-29T01:02:04Z</time>
</trkpt>
<trkpt lat="37.540655" lon="127.2551524">
<ele>32.085</ele>
<time>2026-08-29T01:02:05Z</time>
</trkpt>
<trkpt lat="37.5406519" lon="127.2551207">
<ele>31.832</ele>
<time>2026-08-29T01:02:06Z</time>
</trkpt>
<trkpt lat="37.5406508" lon="127.2550885">
<ele>31.733</ele>
<time>2026-08-29T01:02:07Z</time>
</trkpt>
<trkpt lat="37.5406525" lon="127.255055">
<ele>31.666</ele>
<time>2026-08-29T01:02:08Z</time>
</trkpt>
<trkpt lat="37.540658" lon="127.25502">
<ele>31.485</ele>
<time>2026-08-29T01:02:09Z</time>
</trkpt>
<trkpt lat="37.5406683" lon="127.2549841">
<ele>31.297</ele>
<time>2026-08-29T01:02:10Z</time>
</trkpt>
<trkpt lat="37.5406828" lon="127.2549475">
<ele>30.97</ele>
<time>2026-08-29T01:02:11Z</time>
</trkpt>
<trkpt lat="37.5406997" lon="127.2549104">
<ele>30.773</ele>
<time>2026-08-29T01:02:12Z</time>
</trkpt>
<trkpt lat="37.5407166" lon="127.2548727">
<ele>30.537</ele>
<time>2026-08-29T01:02:13Z</time>
</trkpt>
<trkpt lat="37.5407312" lon="127.2548345">
<ele>30.356</ele>
<time>2026-08-29T01:02:14Z</time>
</trkpt>
<trkpt lat="37.5407424" lon="127.2547967">
<ele>30.146</ele>
<time>2026-08-29T01:02:15Z</time>
</trkpt>
<trkpt lat="37.5407496" lon="127.2547601">
<ele>29.809</ele>
<time>2026-08-29T01:02:16Z</time>
</trkpt>
<trkpt lat="37.5407531" lon="127.2547254">
<ele>29.5</ele>
<time>2026-08-29T01:02:17Z</time>
</trkpt>
<trkpt lat="37.5407534" lon="127.2546935">
<ele>29.255</ele>
<time>2026-08-29T01:02:18Z</time>
</trkpt>
<trkpt lat="37.5407509" lon="127.2546651">
<ele>29.143</ele>
<time>2026-08-29T01:02:19Z</time>
</trkpt>
<trkpt lat="37.5407448" lon="127.2546428">
<ele>28.982</ele>
<time>2026-08-29T01:02:20Z</time>
</trkpt>
<trkpt lat="37.5407308" lon="127.2546345">
<ele>28.872</ele>
<time>2026-08-29T01:02:21Z</time>
</trkpt>
<trkpt lat="37.5406787" lon="127.2546868">
<ele>28.819</ele>
<time>2026-08-29T01:02:22Z</time>
</trkpt>
<trkpt lat="37.5405702" lon="127.2548282">
<ele>28.721</ele>
<time>2026-08-29T01:02:23Z</time>
</trkpt>
<trkpt lat="37.5404299" lon="127.255028">
<ele>28.725</ele>
<time>2026-08-29T01:02:24Z</time>
</trkpt>
<trkpt lat="37.540313" lon="127.2552045">
<ele>28.669</ele>
<time>2026-08-29T01:02:25Z</time>
</trkpt>
<trkpt lat="37.5402609" lon="127.2552875">
<ele>28.688</ele>
<time>2026-08-29T01:02:26Z</time>
</trkpt>
<trkpt lat="37.5402074" lon="127.2553619">
<ele>28.689</ele>
<time>2026-08-29T01:02:27Z</time>
</trkpt>
<trkpt lat="37.5401692" lon="127.2554151">
<ele>28.853</ele>
<time>2026-08-29T01:02:28Z</time>
</trkpt>
<trkpt lat="37.5401496" lon="127.2554414">
<ele>28.8</ele>
<time>2026-08-29T01:02:29Z</time>
</trkpt>
<trkpt lat="37.54015" lon="127.2554377">
<ele>28.7</ele>
<time>2026-08-29T01:02:30Z</time>
</trkpt>
<trkpt lat="37.54017" lon="127.2554038">
<ele>28.716</ele>
<time>2026-08-29T01:02:31Z</time>
</trkpt>
<trkpt lat="37.5402076" lon="127.2553423">
<ele>28.74</ele>
<time>2026-08-29T01:02:32Z</time>
</trkpt>
<trkpt lat="37.5402591" lon="127.2552582">
<ele>28.738</ele>
<time>2026-08-29T01:02:33Z</time>
</trkpt>
<trkpt lat="37.5403203" lon="127.2551577">
<ele>28.708</ele>
<time>2026-08-29T01:02:34Z</time>
</trkpt>
<trkpt lat="37.5403865" lon="127.2550476">
<ele>28.726</ele>
<time>2026-08-29T01:02:35Z</time>
</trkpt>
<trkpt lat="37.5404803" lon="127.2549003">
<ele>28.103</ele>
<time>2026-08-29T01:03:30Z</time>
</trkpt>
<trkpt lat="37.5405819" lon="127.2547376">
<ele>28.174</ele>
<time>2026-08-29T01:03:31Z</time>
</trkpt>
<trkpt lat="37.5406703" lon="127.2545925">
<ele>28.222</ele>
<time>2026-08-29T01:03:32Z</time>
</trkpt>
<trkpt lat="37.5407335" lon="127.2544821">
<ele>28.168</ele>
<time>2026-08-29T01:03:33Z</time>
</trkpt>
<trkpt lat="37.5407648" lon="127.2544155">
<ele>28.064</ele>
<time>2026-08-29T01:03:34Z</time>
</trkpt>
<trkpt lat="37.5407706" lon="127.2543793">
<ele>27.93</ele>
<time>2026-08-29T01:03:35Z</time>
</trkpt>
<trkpt lat="37.5407704" lon="127.2543481">
<ele>27.702</ele>
<time>2026-08-29T01:03:36Z</time>
</trkpt>
<trkpt lat="37.5407686" lon="127.2543179">
<ele>27.6</ele>
<time>2026-08-29T01:03:37Z</time>
</trkpt>
<trkpt lat="37.5407667" lon="127.2542883">
<ele>27.591</ele>
<time>2026-08-29T01:03:38Z</time>
</trkpt>
<trkpt lat="37.5407644" lon="127.2542602">
<ele>27.545</ele>
<time>2026-08-29T01:03:39Z</time>
</trkpt>
<trkpt lat="37.5407614" lon="127.2542345">
<ele>27.513</ele>
<time>2026-08-29T01:03:40Z</time>
</trkpt>
<trkpt lat="37.5407584" lon="127.2542121">
<ele>27.482</ele>
<time>2026-08-29T01:03:41Z</time>
</trkpt>
<trkpt lat="37.5407569" lon="127.2541935">
<ele>27.556</ele>
<time>2026-08-29T01:03:42Z</time>
</trkpt>
<trkpt lat="37.5407587" lon="127.2541769">
<ele>27.665</ele>
<time>2026-08-29T01:03:43Z</time>
</trkpt>
<trkpt lat="37.5407622" lon="127.2541596">
<ele>27.68</ele>
<time>2026-08-29T01:03:44Z</time>
</trkpt>
<trkpt lat="37.5407696" lon="127.2541417">
<ele>27.674</ele>
<time>2026-08-29T01:03:45Z</time>
</trkpt>
<trkpt lat="37.5407814" lon="127.2541219">
<ele>27.643</ele>
<time>2026-08-29T01:03:46Z</time>
</trkpt>
<trkpt lat="37.5407973" lon="127.2540991">
<ele>27.485</ele>
<time>2026-08-29T01:04:06Z</time>
</trkpt>
<trkpt lat="37.5408164" lon="127.2540736">
<ele>27.485</ele>
<time>2026-08-29T01:04:07Z</time>
</trkpt>
<trkpt lat="37.5408369" lon="127.2540465">
<ele>27.488</ele>
<time>2026-08-29T01:04:08Z</time>
</trkpt>
<trkpt lat="37.5408572" lon="127.2540189">
<ele>27.422</ele>
<time>2026-08-29T01:04:09Z</time>
</trkpt>
<trkpt lat="37.5408763" lon="127.2539916">
<ele>27.359</ele>
<time>2026-08-29T01:04:10Z</time>
</trkpt>
<trkpt lat="37.5408938" lon="127.2539647">
<ele>27.33</ele>
<time>2026-08-29T01:04:11Z</time>
</trkpt>
<trkpt lat="37.5409096" lon="127.2539379">
<ele>27.283</ele>
<time>2026-08-29T01:04:12Z</time>
</trkpt>
<trkpt lat="37.5409243" lon="127.2539106">
<ele>27.277</ele>
<time>2026-08-29T01:04:13Z</time>
</trkpt>
<trkpt lat="37.5409382" lon="127.2538822">
<ele>27.264</ele>
<time>2026-08-29T01:04:14Z</time>
</trkpt>
<trkpt lat="37.5409517" lon="127.2538525">
<ele>27.223</ele>
<time>2026-08-29T01:04:15Z</time>
</trkpt>
<trkpt lat="37.5409651" lon="127.2538212">
<ele>27.093</ele>
<time>2026-08-29T01:04:16Z</time>
</trkpt>
<trkpt lat="37.5409784" lon="127.2537885">
<ele>27.0</ele>
<time>2026-08-29T01:04:17Z</time>
</trkpt>
<trkpt lat="37.540992" lon="127.2537545">
<ele>26.977</ele>
<time>2026-08-29T01:04:18Z</time>
</trkpt>
<trkpt lat="37.5410064" lon="127.2537189">
<ele>26.81</ele>
<time>2026-08-29T01:04:19Z</time>
</trkpt>
<trkpt lat="37.541022" lon="127.2536817">
<ele>26.587</ele>
<time>2026-08-29T01:04:20Z</time>
</trkpt>
<trkpt lat="37.5410394" lon="127.2536423">
<ele>26.294</ele>
<time>2026-08-29T01:04:21Z</time>
</trkpt>
<trkpt lat="37.5410593" lon="127.2536003">
<ele>26.124</ele>
<time>2026-08-29T01:04:22Z</time>
</trkpt>
<trkpt lat="37.5410821" lon="127.2535551">
<ele>25.864</ele>
<time>2026-08-29T01:04:23Z</time>
</trkpt>
<trkpt lat="37.5411081" lon="127.2535062">
<ele>25.571</ele>
<time>2026-08-29T01:04:24Z</time>
</trkpt>
<trkpt lat="37.5411375" lon="127.2534538">
<ele>25.149</ele>
<time>2026-08-29T01:04:25Z</time>
</trkpt>
<trkpt lat="37.54117" lon="127.2533982">
<ele>24.553</ele>
<time>2026-08-29T01:04:26Z</time>
</trkpt>
<trkpt lat="37.5412052" lon="127.2533403">
<ele>24.045</ele>
<time>2026-08-29T01:04:27Z</time>
</trkpt>
<trkpt lat="37.5412422" lon="127.2532814">
<ele>23.695</ele>
<time>2026-08-29T01:04:28Z</time>
</trkpt>
<trkpt lat="37.5412798" lon="127.2532233">
<ele>23.576</ele>
<time>2026-08-29T01:04:29Z</time>
</trkpt>
<trkpt lat="37.5413166" lon="127.2531677">
<ele>23.173</ele>
<time>2026-08-29T01:04:30Z</time>
</trkpt>
<trkpt lat="37.5413513" lon="127.2531162">
<ele>22.909</ele>
<time>2026-08-29T01:04:31Z</time>
</trkpt>
<trkpt lat="37.5413828" lon="127.25307">
<ele>22.649</ele>
<time>2026-08-29T01:04:32Z</time>
</trkpt>
<trkpt lat="37.5414104" lon="127.2530297">
<ele>22.504</ele>
<time>2026-08-29T01:04:33Z</time>
</trkpt>
<trkpt lat="37.5414338" lon="127.2529951">
<ele>22.337</ele>
<time>2026-08-29T01:04:34Z</time>
</trkpt>
<trkpt lat="37.5414504" lon="127.2529696">
<ele>22.263</ele>
<time>2026-08-29T01:04:35Z</time>
</trkpt>
<trkpt lat="37.5414651" lon="127.2529463">
<ele>22.215</ele>
<time>2026-08-29T01:04:36Z</time>
</trkpt>
<trkpt lat="37.5414796" lon="127.2529234">
<ele>22.191</ele>
<time>2026-08-29T01:04:37Z</time>
</trkpt>
<trkpt lat="37.5414956" lon="127.2528988">
<ele>22.145</ele>
<time>2026-08-29T01:04:38Z</time>
</trkpt>
<trkpt lat="37.5415139" lon="127.2528709">
<ele>22.125</ele>
<time>2026-08-29T01:04:39Z</time>
</trkpt>
<trkpt lat="37.5415334" lon="127.2528412">
<ele>22.088</ele>
<time>2026-08-29T01:04:40Z</time>
</trkpt>
<trkpt lat="37.5415527" lon="127.2528119">
<ele>21.989</ele>
<time>2026-08-29T01:04:41Z</time>
</trkpt>
<trkpt lat="37.5415719" lon="127.2527824">
<ele>21.967</ele>
<time>2026-08-29T01:04:42Z</time>
</trkpt>
<trkpt lat="37.5415915" lon="127.2527522">
<ele>21.996</ele>
<time>2026-08-29T01:04:43Z</time>
</trkpt>
<trkpt lat="37.5416116" lon="127.252721">
<ele>21.975</ele>
<time>2026-08-29T01:04:44Z</time>
</trkpt>
<trkpt lat="37.5416326" lon="127.2526886">
<ele>22.038</ele>
<time>2026-08-29T01:04:45Z</time>
</trkpt>
<trkpt lat="37.5416545" lon="127.2526545">
<ele>22.161</ele>
<time>2026-08-29T01:04:46Z</time>
</trkpt>
<trkpt lat="37.5416774" lon="127.2526189">
<ele>22.097</ele>
<time>2026-08-29T01:04:47Z</time>
</trkpt>
<trkpt lat="37.5417012" lon="127.2525817">
<ele>22.189</ele>
<time>2026-08-29T01:04:48Z</time>
</trkpt>
<trkpt lat="37.5417259" lon="127.2525431">
<ele>22.376</ele>
<time>2026-08-29T01:04:49Z</time>
</trkpt>
<trkpt lat="37.5417514" lon="127.2525032">
<ele>22.366</ele>
<time>2026-08-29T01:04:50Z</time>
</trkpt>
<trkpt lat="37.5417777" lon="127.252462">
<ele>21.866</ele>
<time>2026-08-29T01:04:51Z</time>
</trkpt>
<trkpt lat="37.5418046" lon="127.2524197">
<ele>21.821</ele>
<time>2026-08-29T01:04:52Z</time>
</trkpt>
<trkpt lat="37.541832" lon="127.2523766">
<ele>22.191</ele>
<time>2026-08-29T01:04:53Z</time>
</trkpt>
<trkpt lat="37.54186" lon="127.2523326">
<ele>22.141</ele>
<time>2026-08-29T01:04:54Z</time>
</trkpt>
<trkpt lat="37.5418883" lon="127.2522879">
<ele>21.937</ele>
<time>2026-08-29T01:04:55Z</time>
</trkpt>
<trkpt lat="37.5419169" lon="127.2522428">
<ele>21.692</ele>
<time>2026-08-29T01:04:56Z</time>
</trkpt>
<trkpt lat="37.5419458" lon="127.2521974">
<ele>21.668</ele>
<time>2026-08-29T01:04:57Z</time>
</trkpt>
<trkpt lat="37.5419748" lon="127.2521517">
<ele>21.543</ele>
<time>2026-08-29T01:04:58Z</time>
</trkpt>
<trkpt lat="37.5420041" lon="127.2521057">
<ele>21.606</ele>
<time>2026-08-29T01:04:59Z</time>
</trkpt>
<trkpt lat="37.5420334" lon="127.2520596">
<ele>21.784</ele>
<time>2026-08-29T01:05:00Z</time>
</trkpt>
<trkpt lat="37.542063" lon="127.2520134">
<ele>21.949</ele>
<time>2026-08-29T01:05:01Z</time>
</trkpt>
<trkpt lat="37.5420927" lon="127.251967">
<ele>22.039</ele>
<time>2026-08-29T01:05:02Z</time>
</trkpt>
<trkpt lat="37.5421225" lon="127.2519204">
<ele>22.048</ele>
<time>2026-08-29T01:05:03Z</time>
</trkpt>
<trkpt lat="37.5421525" lon="127.2518738">
<ele>22.032</ele>
<time>2026-08-29T01:05:04Z</time>
</trkpt>
<trkpt lat="37.5421825" lon="127.2518271">
<ele>22.08</ele>
<time>2026-08-29T01:05:05Z</time>
</trkpt>
<trkpt lat="37.5422126" lon="127.2517804">
<ele>22.048</ele>
<time>2026-08-29T01:05:06Z</time>
</trkpt>
<trkpt lat="37.5422426" lon="127.2517338">
<ele>22.108</ele>
<time>2026-08-29T01:05:07Z</time>
</trkpt>
<trkpt lat="37.5422726" lon="127.2516873">
<ele>22.156</ele>
<time>2026-08-29T01:05:08Z</time>
</trkpt>
<trkpt lat="37.5423024" lon="127.2516409">
<ele>22.12</ele>
<time>2026-08-29T01:05:09Z</time>
</trkpt>
<trkpt lat="37.5423321" lon="127.2515948">
<ele>22.106</ele>
<time>2026-08-29T01:05:10Z</time>
</trkpt>
<trkpt lat="37.5423624" lon="127.2515479">
<ele>22.252</ele>
<time>2026-08-29T01:05:11Z</time>
</trkpt>
<trkpt lat="37.5423927" lon="127.2515008">
<ele>22.188</ele>
<time>2026-08-29T01:05:12Z</time>
</trkpt>
<trkpt lat="37.5424227" lon="127.2514538">
<ele>22.057</ele>
<time>2026-08-29T01:05:13Z</time>
</trkpt>
<trkpt lat="37.5424523" lon="127.2514074">
<ele>21.911</ele>
<time>2026-08-29T01:05:14Z</time>
</trkpt>
<trkpt lat="37.5424814" lon="127.2513621">
<ele>21.977</ele>
<time>2026-08-29T01:05:15Z</time>
</trkpt>
<trkpt lat="37.5425093" lon="127.2513182">
<ele>21.849</ele>
<time>2026-08-29T01:05:16Z</time>
</trkpt>
<trkpt lat="37.5425366" lon="127.2512748">
<ele>21.853</ele>
<time>2026-08-29T01:05:17Z</time>
</trkpt>
<trkpt lat="37.5425634" lon="127.2512318">
<ele>21.951</ele>
<time>2026-08-29T01:05:18Z</time>
</trkpt>
<trkpt lat="37.5425897" lon="127.2511891">
<ele>22.067</ele>
<time>2026-08-29T01:05:19Z</time>
</trkpt>
<trkpt lat="37.5426157" lon="127.2511466">
<ele>22.206</ele>
<time>2026-08-29T01:05:20Z</time>
</trkpt>
<trkpt lat="37.5426413" lon="127.2511045">
<ele>22.311</ele>
<time>2026-08-29T01:05:21Z</time>
</trkpt>
<trkpt lat="37.5426664" lon="127.251063">
<ele>22.438</ele>
<time>2026-08-29T01:05:22Z</time>
</trkpt>
<trkpt lat="37.5426909" lon="127.2510225">
<ele>22.449</ele>
<time>2026-08-29T01:05:23Z</time>
</trkpt>
<trkpt lat="37.5427146" lon="127.2509832">
<ele>22.368</ele>
<time>2026-08-29T01:05:24Z</time>
</trkpt>
<trkpt lat="37.5427373" lon="127.2509457">
<ele>22.28</ele>
<time>2026-08-29T01:05:25Z</time>
</trkpt>
<trkpt lat="37.5427588" lon="127.25091">
<ele>22.281</ele>
<time>2026-08-29T01:05:26Z</time>
</trkpt>
<trkpt lat="37.5427789" lon="127.2508764">
<ele>22.34</ele>
<time>2026-08-29T01:05:27Z</time>
</trkpt>
<trkpt lat="37.5427975" lon="127.2508448">
<ele>22.372</ele>
<time>2026-08-29T01:05:28Z</time>
</trkpt>
<trkpt lat="37.5428146" lon="127.250815">
<ele>22.352</ele>
<time>2026-08-29T01:05:29Z</time>
</trkpt>
<trkpt lat="37.5428305" lon="127.2507867">
<ele>22.381</ele>
<time>2026-08-29T01:05:30Z</time>
</trkpt>
<trkpt lat="37.5428449" lon="127.2507598">
<ele>22.471</ele>
<time>2026-08-29T01:05:31Z</time>
</trkpt>
<trkpt lat="37.5428595" lon="127.2507323">
<ele>22.513</ele>
<time>2026-08-29T01:05:32Z</time>
</trkpt>
<trkpt lat="37.5428745" lon="127.2507038">
<ele>22.55</ele>
<time>2026-08-29T01:05:33Z</time>
</trkpt>
<trkpt lat="37.54289" lon="127.2506745">
<ele>22.518</ele>
<time>2026-08-29T01:05:34Z</time>
</trkpt>
<trkpt lat="37.5429061" lon="127.2506449">
<ele>22.417</ele>
<time>2026-08-29T01:05:35Z</time>
</trkpt>
<trkpt lat="37.5429219" lon="127.250616">
<ele>22.344</ele>
<time>2026-08-29T01:05:36Z</time>
</trkpt>
<trkpt lat="37.5429375" lon="127.2505871">
<ele>22.289</ele>
<time>2026-08-29T01:05:37Z</time>
</trkpt>
<trkpt lat="37.5429532" lon="127.2505582">
<ele>22.147</ele>
<time>2026-08-29T01:05:38Z</time>
</trkpt>
<trkpt lat="37.5429688" lon="127.2505293">
<ele>22.083</ele>
<time>2026-08-29T01:05:39Z</time>
</trkpt>
<trkpt lat="37.5429845" lon="127.2505003">
<ele>21.931</ele>
<time>2026-08-29T01:05:40Z</time>
</trkpt>
<trkpt lat="37.5430001" lon="127.2504711">
<ele>21.808</ele>
<time>2026-08-29T01:05:41Z</time>
</trkpt>
<trkpt lat="37.5430159" lon="127.2504418">
<ele>21.722</ele>
<time>2026-08-29T01:05:42Z</time>
</trkpt>
<trkpt lat="37.5430317" lon="127.2504123">
<ele>21.721</ele>
<time>2026-08-29T01:05:43Z</time>
</trkpt>
<trkpt lat="37.5430474" lon="127.2503826">
<ele>21.737</ele>
<time>2026-08-29T01:05:44Z</time>
</trkpt>
<trkpt lat="37.5430632" lon="127.2503528">
<ele>21.713</ele>
<time>2026-08-29T01:05:45Z</time>
</trkpt>
<trkpt lat="37.543079" lon="127.2503231">
<ele>21.675</ele>
<time>2026-08-29T01:05:46Z</time>
</trkpt>
<trkpt lat="37.5430948" lon="127.2502934">
<ele>21.617</ele>
<time>2026-08-29T01:05:47Z</time>
</trkpt>
<trkpt lat="37.5431105" lon="127.2502637">
<ele>21.54</ele>
<time>2026-08-29T01:05:48Z</time>
</trkpt>
<trkpt lat="37.5431263" lon="127.2502341">
<ele>21.48</ele>
<time>2026-08-29T01:05:49Z</time>
</trkpt>
<trkpt lat="37.5431421" lon="127.2502045">
<ele>21.508</ele>
<time>2026-08-29T01:05:50Z</time>
</trkpt>
<trkpt lat="37.543158" lon="127.2501748">
<ele>21.481</ele>
<time>2026-08-29T01:05:51Z</time>
</trkpt>
<trkpt lat="37.543174" lon="127.250145">
<ele>21.431</ele>
<time>2026-08-29T01:05:52Z</time>
</trkpt>
<trkpt lat="37.5431894" lon="127.2501151">
<ele>21.409</ele>
<time>2026-08-29T01:05:53Z</time>
</trkpt>
<trkpt lat="37.5432047" lon="127.250085">
<ele>21.447</ele>
<time>2026-08-29T01:05:54Z</time>
</trkpt>
<trkpt lat="37.5432202" lon="127.2500549">
<ele>21.433</ele>
<time>2026-08-29T01:05:55Z</time>
</trkpt>
<trkpt lat="37.5432363" lon="127.2500248">
<ele>21.419</ele>
<time>2026-08-29T01:05:56Z</time>
</trkpt>
<trkpt lat="37.5432531" lon="127.2499948">
<ele>21.337</ele>
<time>2026-08-29T01:05:57Z</time>
</trkpt>
<trkpt lat="37.5432708" lon="127.2499642">
<ele>21.356</ele>
<time>2026-08-29T01:05:58Z</time>
</trkpt>
<trkpt lat="37.5432888" lon="127.2499331">
<ele>21.351</ele>
<time>2026-08-29T01:05:59Z</time>
</trkpt>
<trkpt lat="37.5433073" lon="127.2499008">
<ele>21.361</ele>
<time>2026-08-29T01:06:00Z</time>
</trkpt>
<trkpt lat="37.5433263" lon="127.249867">
<ele>21.306</ele>
<time>2026-08-29T01:06:01Z</time>
</trkpt>
<trkpt lat="37.5433459" lon="127.2498311">
<ele>21.274</ele>
<time>2026-08-29T01:06:02Z</time>
</trkpt>
<trkpt lat="37.5433661" lon="127.2497927">
<ele>21.332</ele>
<time>2026-08-29T01:06:03Z</time>
</trkpt>
<trkpt lat="37.5433868" lon="127.2497518">
<ele>21.452</ele>
<time>2026-08-29T01:06:04Z</time>
</trkpt>
<trkpt lat="37.5434077" lon="127.2497083">
<ele>21.444</ele>
<time>2026-08-29T01:06:05Z</time>
</trkpt>
<trkpt lat="37.5434288" lon="127.2496629">
<ele>21.462</ele>
<time>2026-08-29T01:06:06Z</time>
</trkpt>
<trkpt lat="37.5434497" lon="127.249616">
<ele>21.505</ele>
<time>2026-08-29T01:06:07Z</time>
</trkpt>
<trkpt lat="37.5434703" lon="127.2495684">
<ele>21.63</ele>
<time>2026-08-29T01:06:08Z</time>
</trkpt>
<trkpt lat="37.5434906" lon="127.2495207">
<ele>21.606</ele>
<time>2026-08-29T01:06:09Z</time>
</trkpt>
<trkpt lat="37.5435105" lon="127.2494731">
<ele>21.579</ele>
<time>2026-08-29T01:06:10Z</time>
</trkpt>
<trkpt lat="37.54353" lon="127.2494256">
<ele>21.688</ele>
<time>2026-08-29T01:06:11Z</time>
</trkpt>
<trkpt lat="37.5435492" lon="127.2493781">
<ele>21.509</ele>
<time>2026-08-29T01:06:12Z</time>
</trkpt>
<trkpt lat="37.5435681" lon="127.2493298">
<ele>21.294</ele>
<time>2026-08-29T01:06:13Z</time>
</trkpt>
<trkpt lat="37.543587" lon="127.2492804">
<ele>21.416</ele>
<time>2026-08-29T01:06:14Z</time>
</trkpt>
<trkpt lat="37.5436061" lon="127.2492296">
<ele>21.44</ele>
<time>2026-08-29T01:06:15Z</time>
</trkpt>
<trkpt lat="37.5436253" lon="127.2491772">
<ele>21.488</ele>
<time>2026-08-29T01:06:16Z</time>
</trkpt>
<trkpt lat="37.5436445" lon="127.2491235">
<ele>21.462</ele>
<time>2026-08-29T01:06:17Z</time>
</trkpt>
<trkpt lat="37.5436636" lon="127.2490712">
<ele>21.629</ele>
<time>2026-08-29T01:06:18Z</time>
</trkpt>
<trkpt lat="37.5436827" lon="127.2490182">
<ele>21.79</ele>
<time>2026-08-29T01:06:19Z</time>
</trkpt>
<trkpt lat="37.5437018" lon="127.2489643">
<ele>21.879</ele>
<time>2026-08-29T01:06:20Z</time>
</trkpt>
<trkpt lat="37.5437209" lon="127.2489097">
<ele>21.898</ele>
<time>2026-08-29T01:06:21Z</time>
</trkpt>
<trkpt lat="37.54374" lon="127.2488543">
<ele>21.954</ele>
<time>2026-08-29T01:06:22Z</time>
</trkpt>
<trkpt lat="37.5437591" lon="127.2488004">
<ele>21.997</ele>
<time>2026-08-29T01:06:23Z</time>
</trkpt>
<trkpt lat="37.5437783" lon="127.2487453">
<ele>22.062</ele>
<time>2026-08-29T01:06:24Z</time>
</trkpt>
<trkpt lat="37.5437974" lon="127.2486885">
<ele>22.17</ele>
<time>2026-08-29T01:06:25Z</time>
</trkpt>
<trkpt lat="37.5438165" lon="127.2486301">
<ele>22.253</ele>
<time>2026-08-29T01:06:26Z</time>
</trkpt>
<trkpt lat="37.5438356" lon="127.2485704">
<ele>22.201</ele>
<time>2026-08-29T01:06:27Z</time>
</trkpt>
<trkpt lat="37.5438547" lon="127.2485099">
<ele>22.245</ele>
<time>2026-08-29T01:06:28Z</time>
</trkpt>
<trkpt lat="37.5438739" lon="127.2484493">
<ele>22.248</ele>
<time>2026-08-29T01:06:29Z</time>
</trkpt>
<trkpt lat="37.543893" lon="127.2483891">
<ele>22.233</ele>
<time>2026-08-29T01:06:30Z</time>
</trkpt>
<trkpt lat="37.5439118" lon="127.2483295">
<ele>22.269</ele>
<time>2026-08-29T01:06:31Z</time>
</trkpt>
<trkpt lat="37.5439303" lon="127.2482705">
<ele>22.208</ele>
<time>2026-08-29T01:06:32Z</time>
</trkpt>
<trkpt lat="37.5439482" lon="127.2482122">
<ele>22.204</ele>
<time>2026-08-29T01:06:33Z</time>
</trkpt>
<trkpt lat="37.5439654" lon="127.2481548">
<ele>22.261</ele>
<time>2026-08-29T01:06:34Z</time>
</trkpt>
<trkpt lat="37.5439816" lon="127.2480983">
<ele>22.45</ele>
<time>2026-08-29T01:06:35Z</time>
</trkpt>
<trkpt lat="37.543997" lon="127.248043">
<ele>22.571</ele>
<time>2026-08-29T01:06:36Z</time>
</trkpt>
<trkpt lat="37.5440115" lon="127.247989">
<ele>22.674</ele>
<time>2026-08-29T01:06:37Z</time>
</trkpt>
<trkpt lat="37.5440253" lon="127.2479365">
<ele>22.799</ele>
<time>2026-08-29T01:06:38Z</time>
</trkpt>
<trkpt lat="37.5440384" lon="127.2478854">
<ele>22.822</ele>
<time>2026-08-29T01:06:39Z</time>
</trkpt>
<trkpt lat="37.544051" lon="127.2478356">
<ele>22.908</ele>
<time>2026-08-29T01:06:40Z</time>
</trkpt>
<trkpt lat="37.5440632" lon="127.2477868">
<ele>22.929</ele>
<time>2026-08-29T01:06:41Z</time>
</trkpt>
<trkpt lat="37.5440751" lon="127.2477386">
<ele>22.959</ele>
<time>2026-08-29T01:06:42Z</time>
</trkpt>
<trkpt lat="37.5440867" lon="127.2476901">
<ele>22.949</ele>
<time>2026-08-29T01:06:43Z</time>
</trkpt>
<trkpt lat="37.5440985" lon="127.2476402">
<ele>22.971</ele>
<time>2026-08-29T01:06:44Z</time>
</trkpt>
<trkpt lat="37.5441105" lon="127.2475887">
<ele>23.042</ele>
<time>2026-08-29T01:06:45Z</time>
</trkpt>
<trkpt lat="37.5441228" lon="127.2475354">
<ele>23.012</ele>
<time>2026-08-29T01:06:46Z</time>
</trkpt>
<trkpt lat="37.5441353" lon="127.247481">
<ele>22.944</ele>
<time>2026-08-29T01:06:47Z</time>
</trkpt>
<trkpt lat="37.5441475" lon="127.2474283">
<ele>22.962</ele>
<time>2026-08-29T01:06:48Z</time>
</trkpt>
<trkpt lat="37.5441597" lon="127.247375">
<ele>22.874</ele>
<time>2026-08-29T01:06:49Z</time>
</trkpt>
<trkpt lat="37.5441719" lon="127.2473211">
<ele>22.735</ele>
<time>2026-08-29T01:06:50Z</time>
</trkpt>
<trkpt lat="37.5441841" lon="127.2472665">
<ele>22.758</ele>
<time>2026-08-29T01:06:51Z</time>
</trkpt>
<trkpt lat="37.5441963" lon="127.2472113">
<ele>22.906</ele>
<time>2026-08-29T01:06:52Z</time>
</trkpt>
<trkpt lat="37.5442087" lon="127.2471571">
<ele>23.096</ele>
<time>2026-08-29T01:06:53Z</time>
</trkpt>
<trkpt lat="37.5442212" lon="127.2471016">
<ele>23.103</ele>
<time>2026-08-29T01:06:54Z</time>
</trkpt>
<trkpt lat="37.5442338" lon="127.2470449">
<ele>23.084</ele>
<time>2026-08-29T01:06:55Z</time>
</trkpt>
<trkpt lat="37.5442462" lon="127.2469873">
<ele>23.076</ele>
<time>2026-08-29T01:06:56Z</time>
</trkpt>
<trkpt lat="37.5442585" lon="127.2469291">
<ele>23.058</ele>
<time>2026-08-29T01:06:57Z</time>
</trkpt>
<trkpt lat="37.5442705" lon="127.2468714">
<ele>23.083</ele>
<time>2026-08-29T01:06:58Z</time>
</trkpt>
<trkpt lat="37.5442825" lon="127.2468135">
<ele>22.885</ele>
<time>2026-08-29T01:06:59Z</time>
</trkpt>
<trkpt lat="37.5442944" lon="127.2467566">
<ele>22.959</ele>
<time>2026-08-29T01:07:00Z</time>
</trkpt>
<trkpt lat="37.5443062" lon="127.2467017">
<ele>22.935</ele>
<time>2026-08-29T01:07:01Z</time>
</trkpt>
<trkpt lat="37.5443178" lon="127.2466504">
<ele>22.848</ele>
<time>2026-08-29T01:07:02Z</time>
</trkpt>
<trkpt lat="37.5443292" lon="127.2466048">
<ele>22.82</ele>
<time>2026-08-29T01:07:03Z</time>
</trkpt>
<trkpt lat="37.5443409" lon="127.2465688">
<ele>22.753</ele>
<time>2026-08-29T01:07:04Z</time>
</trkpt>
<trkpt lat="37.5443536" lon="127.2465416">
<ele>22.577</ele>
<time>2026-08-29T01:07:05Z</time>
</trkpt>
<trkpt lat="37.5443679" lon="127.2465232">
<ele>22.37</ele>
<time>2026-08-29T01:07:06Z</time>
</trkpt>
<trkpt lat="37.5443841" lon="127.2465127">
<ele>22.359</ele>
<time>2026-08-29T01:07:07Z</time>
</trkpt>
<trkpt lat="37.5444026" lon="127.2465116">
<ele>22.466</ele>
<time>2026-08-29T01:07:08Z</time>
</trkpt>
<trkpt lat="37.5444223" lon="127.2465164">
<ele>22.395</ele>
<time>2026-08-29T01:07:09Z</time>
</trkpt>
<trkpt lat="37.5444414" lon="127.246526">
<ele>22.044</ele>
<time>2026-08-29T01:07:10Z</time>
</trkpt>
<trkpt lat="37.5444573" lon="127.246538">
<ele>22.037</ele>
<time>2026-08-29T01:07:11Z</time>
</trkpt>
<trkpt lat="37.5444659" lon="127.2465503">
<ele>22.208</ele>
<time>2026-08-29T01:07:12Z</time>
</trkpt>
<trkpt lat="37.5444749" lon="127.2465557">
<ele>22.33</ele>
<time>2026-08-29T01:07:13Z</time>
</trkpt>
<trkpt lat="37.544482" lon="127.2465598">
<ele>22.433</ele>
<time>2026-08-29T01:07:14Z</time>
</trkpt>
<trkpt lat="37.5444924" lon="127.2465635">
<ele>22.548</ele>
<time>2026-08-29T01:07:15Z</time>
</trkpt>
<trkpt lat="37.5445026" lon="127.2465691">
<ele>22.703</ele>
<time>2026-08-29T01:07:16Z</time>
</trkpt>
<trkpt lat="37.5445137" lon="127.2465773">
<ele>22.775</ele>
<time>2026-08-29T01:07:17Z</time>
</trkpt>
<trkpt lat="37.5445226" lon="127.2465861">
<ele>23.409</ele>
<time>2026-08-29T01:07:25Z</time>
</trkpt>
<trkpt lat="37.5445271" lon="127.246593">
<ele>23.598</ele>
<time>2026-08-29T01:07:26Z</time>
</trkpt>
<trkpt lat="37.5445276" lon="127.2465941">
<ele>23.78</ele>
<time>2026-08-29T01:07:27Z</time>
</trkpt>
<trkpt lat="37.5445272" lon="127.2465947">
<ele>23.808</ele>
<time>2026-08-29T01:07:28Z</time>
</trkpt>
<trkpt lat="37.5445272" lon="127.2465947">
<ele>23.776</ele>
<time>2026-08-29T01:07:29Z</time>
</trkpt>
<trkpt lat="37.5445272" lon="127.2465947">
<ele>23.763</ele>
<time>2026-08-29T01:07:30Z</time>
</trkpt>
<trkpt lat="37.5445272" lon="127.2465947">
<ele>23.74</ele>
<time>2026-08-29T01:07:31Z</time>
</trkpt>
<trkpt lat="37.5445272" lon="127.2465947">
<ele>24.654</ele>
<time>2026-08-29T01:07:43Z</time>
</trkpt>
<trkpt lat="37.5450346" lon="127.2467725">
<ele>24.749</ele>
<time>2026-08-29T01:07:44Z</time>
</trkpt>
<trkpt lat="37.5449412" lon="127.246741">
<ele>24.777</ele>
<time>2026-08-29T01:07:45Z</time>
</trkpt>
<trkpt lat="37.544892" lon="127.246719">
<ele>24.756</ele>
<time>2026-08-29T01:07:46Z</time>
</trkpt>
<trkpt lat="37.5449145" lon="127.2466891">
<ele>24.54</ele>
<time>2026-08-29T01:08:25Z</time>
</trkpt>
<trkpt lat="37.5449708" lon="127.2466482">
<ele>24.59</ele>
<time>2026-08-29T01:08:26Z</time>
</trkpt>
<trkpt lat="37.5450137" lon="127.2466116">
<ele>24.469</ele>
<time>2026-08-29T01:08:27Z</time>
</trkpt>
<trkpt lat="37.5450461" lon="127.2465794">
<ele>24.262</ele>
<time>2026-08-29T01:08:28Z</time>
</trkpt>
<trkpt lat="37.5450753" lon="127.2465491">
<ele>24.44</ele>
<time>2026-08-29T01:08:29Z</time>
</trkpt>
<trkpt lat="37.5451033" lon="127.2465197">
<ele>24.452</ele>
<time>2026-08-29T01:08:30Z</time>
</trkpt>
<trkpt lat="37.5451306" lon="127.2464904">
<ele>24.429</ele>
<time>2026-08-29T01:08:31Z</time>
</trkpt>
<trkpt lat="37.5451572" lon="127.2464606">
<ele>24.502</ele>
<time>2026-08-29T01:08:32Z</time>
</trkpt>
<trkpt lat="37.5451837" lon="127.2464305">
<ele>24.511</ele>
<time>2026-08-29T01:08:33Z</time>
</trkpt>
<trkpt lat="37.5452089" lon="127.2463991">
<ele>24.493</ele>
<time>2026-08-29T01:08:34Z</time>
</trkpt>
<trkpt lat="37.5452336" lon="127.2463669">
<ele>24.434</ele>
<time>2026-08-29T01:08:35Z</time>
</trkpt>
<trkpt lat="37.545258" lon="127.246334">
<ele>24.521</ele>
<time>2026-08-29T01:08:36Z</time>
</trkpt>
<trkpt lat="37.5452818" lon="127.2463008">
<ele>24.635</ele>
<time>2026-08-29T01:08:37Z</time>
</trkpt>
<trkpt lat="37.5453062" lon="127.2462684">
<ele>24.679</ele>
<time>2026-08-29T01:08:38Z</time>
</trkpt>
<trkpt lat="37.5453309" lon="127.2462365">
<ele>24.886</ele>
<time>2026-08-29T01:08:39Z</time>
</trkpt>
<trkpt lat="37.5453552" lon="127.2462037">
<ele>24.945</ele>
<time>2026-08-29T01:08:40Z</time>
</trkpt>
<trkpt lat="37.545379" lon="127.2461705">
<ele>24.985</ele>
<time>2026-08-29T01:08:41Z</time>
</trkpt>
<trkpt lat="37.5454025" lon="127.2461371">
<ele>25.136</ele>
<time>2026-08-29T01:08:42Z</time>
</trkpt>
<trkpt lat="37.5454255" lon="127.2461035">
<ele>25.081</ele>
<time>2026-08-29T01:08:43Z</time>
</trkpt>
<trkpt lat="37.5454479" lon="127.2460698">
<ele>25.291</ele>
<time>2026-08-29T01:08:44Z</time>
</trkpt>
<trkpt lat="37.5454696" lon="127.246036">
<ele>25.434</ele>
<time>2026-08-29T01:08:45Z</time>
</trkpt>
<trkpt lat="37.5454904" lon="127.2460023">
<ele>25.459</ele>
<time>2026-08-29T01:08:46Z</time>
</trkpt>
<trkpt lat="37.5455102" lon="127.2459688">
<ele>25.573</ele>
<time>2026-08-29T01:08:47Z</time>
</trkpt>
<trkpt lat="37.5455286" lon="127.2459357">
<ele>25.674</ele>
<time>2026-08-29T01:08:48Z</time>
</trkpt>
<trkpt lat="37.5455458" lon="127.2459033">
<ele>25.701</ele>
<time>2026-08-29T01:08:49Z</time>
</trkpt>
<trkpt lat="37.5455617" lon="127.2458713">
<ele>25.657</ele>
<time>2026-08-29T01:08:50Z</time>
</trkpt>
<trkpt lat="37.5455764" lon="127.2458395">
<ele>25.625</ele>
<time>2026-08-29T01:08:51Z</time>
</trkpt>
<trkpt lat="37.5455903" lon="127.2458072">
<ele>25.684</ele>
<time>2026-08-29T01:08:52Z</time>
</trkpt>
<trkpt lat="37.5456035" lon="127.2457739">
<ele>25.763</ele>
<time>2026-08-29T01:08:53Z</time>
</trkpt>
<trkpt lat="37.5456162" lon="127.2457392">
<ele>25.948</ele>
<time>2026-08-29T01:08:54Z</time>
</trkpt>
<trkpt lat="37.5456283" lon="127.2457028">
<ele>26.104</ele>
<time>2026-08-29T01:08:55Z</time>
</trkpt>
<trkpt lat="37.5456399" lon="127.2456648">
<ele>26.112</ele>
<time>2026-08-29T01:08:56Z</time>
</trkpt>
<trkpt lat="37.5456508" lon="127.2456257">
<ele>26.237</ele>
<time>2026-08-29T01:08:57Z</time>
</trkpt>
<trkpt lat="37.5456603" lon="127.2455867">
<ele>26.156</ele>
<time>2026-08-29T01:08:58Z</time>
</trkpt>
<trkpt lat="37.5456685" lon="127.24555">
<ele>26.194</ele>
<time>2026-08-29T01:08:59Z</time>
</trkpt>
<trkpt lat="37.5456759" lon="127.2455167">
<ele>26.194</ele>
<time>2026-08-29T01:09:00Z</time>
</trkpt>
<trkpt lat="37.5456827" lon="127.2454867">
<ele>26.163</ele>
<time>2026-08-29T01:09:01Z</time>
</trkpt>
<trkpt lat="37.5456894" lon="127.2454589">
<ele>26.229</ele>
<time>2026-08-29T01:09:02Z</time>
</trkpt>
<trkpt lat="37.545697" lon="127.245428">
<ele>26.281</ele>
<time>2026-08-29T01:09:03Z</time>
</trkpt>
<trkpt lat="37.545704" lon="127.2453986">
<ele>26.324</ele>
<time>2026-08-29T01:09:04Z</time>
</trkpt>
<trkpt lat="37.5457103" lon="127.245371">
<ele>26.284</ele>
<time>2026-08-29T01:09:05Z</time>
</trkpt>
<trkpt lat="37.5457161" lon="127.2453453">
<ele>26.325</ele>
<time>2026-08-29T01:09:06Z</time>
</trkpt>
<trkpt lat="37.5457226" lon="127.2453161">
<ele>26.296</ele>
<time>2026-08-29T01:09:07Z</time>
</trkpt>
<trkpt lat="37.5457286" lon="127.2452898">
<ele>26.155</ele>
<time>2026-08-29T01:09:08Z</time>
</trkpt>
<trkpt lat="37.5457341" lon="127.2452661">
<ele>26.322</ele>
<time>2026-08-29T01:09:09Z</time>
</trkpt>
<trkpt lat="37.5457395" lon="127.2452444">
<ele>26.451</ele>
<time>2026-08-29T01:09:10Z</time>
</trkpt>
<trkpt lat="37.5457447" lon="127.2452242">
<ele>26.673</ele>
<time>2026-08-29T01:09:11Z</time>
</trkpt>
<trkpt lat="37.5457492" lon="127.2452052">
<ele>26.726</ele>
<time>2026-08-29T01:09:12Z</time>
</trkpt>
<trkpt lat="37.5457511" lon="127.2451884">
<ele>26.865</ele>
<time>2026-08-29T01:09:13Z</time>
</trkpt>
<trkpt lat="37.5457506" lon="127.2451785">
<ele>26.817</ele>
<time>2026-08-29T01:09:14Z</time>
</trkpt>
<trkpt lat="37.5457494" lon="127.245178">
<ele>26.828</ele>
<time>2026-08-29T01:09:15Z</time>
</trkpt>
<trkpt lat="37.5457484" lon="127.245179">
<ele>26.927</ele>
<time>2026-08-29T01:09:16Z</time>
</trkpt>
</trkseg>
</trk>
<exerciseinfo>
<exercisetype>11007</exercisetype>
<distance>21244.846</distance>
<elevationgain>55.795</elevationgain>
<elevationloss>0.0</elevationloss>
<avggradient>1.9893729876648139</avggradient>
<duration>4910800</duration>
<avgspeed>4.3261476</avgspeed>
</exerciseinfo>
</gpx>
